timestamp,actual_price,current_close,fivesec_pred,fivesec_error,fivesec_pred_time,fivesec_change_pct,fivesec_actual_price,fivesec_trend_pred,fivesec_trend_actual,fivesec_trend_accuracy
2025-09-19 08:42:15.606557+03:00,116884.62,116884.62,116883.61958100005,0.9904189999506343,2025-09-19 08:42:20.606557+03:00,-0.0008559030263736972,116884.61,-1.0,-1.0,1.0
2025-09-19 08:42:20.541712+03:00,116884.61,116884.61,116883.53650100005,1.0734989999473328,2025-09-19 08:42:25.541712+03:00,-0.0009184263009025165,116884.61,-1.0,0.0,0.0
2025-09-19 08:42:25.553956+03:00,116884.62,116884.62,116884.20229300007,0.40770699993299786,2025-09-19 08:42:30.553956+03:00,-0.0003573669486436788,116884.61,-1.0,-1.0,1.0
2025-09-19 08:42:30.582913+03:00,116884.62,116884.62,116884.90741300005,0.297413000051165,2025-09-19 08:42:35.582913+03:00,0.0002458946267322456,116884.61,1.0,-1.0,0.0
2025-09-19 08:42:35.612965+03:00,116884.61,116884.61,116884.85923999999,0.24923999999009538,2025-09-19 08:42:40.612965+03:00,0.00021323594268748928,116884.61,1.0,0.0,0.0
2025-09-19 08:42:40.600247+03:00,116884.61,116884.61,116886.15900500005,1.549005000051693,2025-09-19 08:42:45.600247+03:00,0.0013252429041357055,116884.61,1.0,0.0,0.0
2025-09-19 08:42:45.612928+03:00,116884.61,116884.61,116886.15900500005,1.549005000051693,2025-09-19 08:42:50.612928+03:00,0.0013252429041357055,116884.61,1.0,0.0,0.0
2025-09-19 08:42:50.605498+03:00,116884.61,116884.61,116885.59065300004,0.9706530000403291,2025-09-19 08:42:55.605498+03:00,0.0008389924045903822,116884.62,1.0,1.0,1.0
2025-09-19 08:42:55.608402+03:00,116884.61,116884.61,116885.20872500002,0.5887250000232598,2025-09-19 08:43:00.608402+03:00,0.0005122359564856495,116884.62,1.0,1.0,1.0
2025-09-19 08:43:00.622064+03:00,116884.62,116884.62,116885.42524500003,0.8152450000343379,2025-09-19 08:43:05.622064+03:00,0.00068892297381775,116884.61,1.0,-1.0,0.0
2025-09-19 08:43:05.622194+03:00,116884.61,116884.61,116885.24245300004,0.6324530000420054,2025-09-19 08:43:10.622194+03:00,0.0005410917656670158,116884.61,1.0,0.0,0.0
2025-09-19 08:43:10.639631+03:00,116884.62,116884.62,116885.26572500002,6.105725000015809,2025-09-19 08:43:15.639631+03:00,0.000552446506669533,116879.16,1.0,-1.0,0.0
2025-09-19 08:43:15.643190+03:00,116879.15,116879.15,116881.90464799992,17.854647999920417,2025-09-19 08:43:20.643190+03:00,0.0023568343882798153,116864.05,1.0,-1.0,0.0
2025-09-19 08:43:20.630342+03:00,116864.04,116864.04,116873.61520316858,9.575203168584267,2025-09-19 08:43:25.630342+03:00,0.008193455547646878,116864.04,1.0,0.0,0.0
2025-09-19 08:43:25.649345+03:00,116864.05,116864.05,116866.98074018178,2.930740181778674,2025-09-19 08:43:30.649345+03:00,0.0025078201395370724,116864.05,1.0,0.0,0.0
2025-09-19 08:43:30.654343+03:00,116864.04,116864.04,116861.2620281817,2.77797181828646,2025-09-19 08:43:35.654343+03:00,-0.0023770971962688093,116864.04,-1.0,0.0,0.0
2025-09-19 08:43:35.668588+03:00,116864.04,116864.04,116858.28583999991,5.764160000093398,2025-09-19 08:43:40.668588+03:00,-0.0049238071866111125,116864.05,-1.0,1.0,0.0
2025-09-19 08:43:40.668926+03:00,116864.04,116864.04,116859.76102818175,4.288971818255959,2025-09-19 08:43:45.668926+03:00,-0.0036614957160873833,116864.05,-1.0,1.0,0.0
2025-09-19 08:43:45.674166+03:00,116864.05,116864.05,116859.75470018173,4.295299818273634,2025-09-19 08:43:50.674166+03:00,-0.0036754671930962803,116864.05,-1.0,0.0,0.0
2025-09-19 08:43:50.678687+03:00,116864.05,116864.05,116859.94546818173,4.094531818263931,2025-09-19 08:43:55.678687+03:00,-0.0035122279420174507,116864.04,-1.0,-1.0,1.0
2025-09-19 08:43:55.686687+03:00,116864.04,116864.04,116861.48734018179,2.562659818213433,2025-09-19 08:44:00.686687+03:00,-0.002184298795595394,116864.05,-1.0,1.0,0.0
2025-09-19 08:44:00.683749+03:00,116864.05,116864.05,116862.33870018182,1.7012998181744479,2025-09-19 08:44:05.683749+03:00,-0.0014643509429835444,116864.04,-1.0,-1.0,1.0
2025-09-19 08:44:05.685752+03:00,116864.04,116864.04,116863.10258818182,0.9374118181731319,2025-09-19 08:44:10.685752+03:00,-0.00080213880863021,116864.04,-1.0,0.0,0.0
2025-09-19 08:44:10.688749+03:00,116864.04,116864.04,116863.16648000006,0.8735199999355245,2025-09-19 08:44:15.688749+03:00,-0.0007474668853956483,116864.04,-1.0,0.0,0.0
2025-09-19 08:44:15.690749+03:00,116864.04,116864.04,116862.94132000006,1.0986799999373034,2025-09-19 08:44:20.690749+03:00,-0.000940135220327231,116864.04,-1.0,0.0,0.0
2025-09-19 08:44:20.703749+03:00,116864.05,116864.05,116864.0460452616,0.003954738407628611,2025-09-19 08:44:25.703749+03:00,-3.3840504480450666e-06,116864.05,-1.0,0.0,0.0
2025-09-19 08:44:25.717752+03:00,116864.04,116864.04,116863.81925033849,0.22074966150103137,2025-09-19 08:44:30.717752+03:00,-0.00018889442937368193,116864.04,-1.0,0.0,0.0
2025-09-19 08:44:30.720749+03:00,116864.05,116864.05,116863.98710632247,0.06289367753197439,2025-09-19 08:44:35.720749+03:00,-5.381781440226861e-05,116864.05,-1.0,0.0,0.0
2025-09-19 08:44:35.719751+03:00,116864.04,116864.04,116863.66712367194,0.3728763280523708,2025-09-19 08:44:40.719751+03:00,-0.00031906849023221413,116864.04,-1.0,0.0,0.0
2025-09-19 08:44:40.721749+03:00,116864.05,116864.05,116864.11972833842,0.06972833842155524,2025-09-19 08:44:45.721749+03:00,5.966620053092053e-05,116864.05,1.0,0.0,0.0
2025-09-19 08:44:45.730749+03:00,116864.05,116864.05,116863.92960718485,0.11039281514240429,2025-09-19 08:44:50.730749+03:00,-0.00010301954720182768,116864.04,-1.0,-1.0,1.0
2025-09-19 08:44:50.734752+03:00,116864.05,116864.05,116863.92312359509,4.986876404916984,2025-09-19 08:44:55.734752+03:00,-0.00010856752347398704,116868.91,-1.0,1.0,0.0
2025-09-19 08:44:55.744748+03:00,116864.04,116864.04,116863.83839918481,5.081600815188722,2025-09-19 08:45:00.744748+03:00,-0.0001725088531802128,116868.92,-1.0,1.0,0.0
2025-09-19 08:45:00.751752+03:00,116868.92,116868.92,116863.96969482204,22.020305177968112,2025-09-19 08:45:05.751752+03:00,-0.004235775583415272,116885.99,-1.0,1.0,0.0
2025-09-19 08:45:05.761749+03:00,116884.53,116884.53,116872.43590983482,13.55409016518388,2025-09-19 08:45:10.761749+03:00,-0.010347040934482498,116885.99,-1.0,1.0,0.0
2025-09-19 08:45:10.771749+03:00,116886.0,116886.0,116877.9125240143,8.087475985696074,2025-09-19 08:45:15.771749+03:00,-0.0069191143384974025,116886.0,-1.0,0.0,0.0
2025-09-19 08:45:15.786750+03:00,116886.0,116886.0,116883.37439249971,2.6156075002945727,2025-09-19 08:45:20.786750+03:00,-0.0022462976749048937,116885.99,-1.0,-1.0,1.0
2025-09-19 08:45:20.809749+03:00,116885.99,116885.99,116885.03747696956,0.9625230304372963,2025-09-19 08:45:25.809749+03:00,-0.0008149163389406507,116886.0,-1.0,1.0,0.0
2025-09-19 08:45:25.806749+03:00,116886.0,116886.0,116885.05770571415,10.932294285856187,2025-09-19 08:45:30.806749+03:00,-0.0008061652258191304,116895.99,-1.0,1.0,0.0
2025-09-19 08:45:30.829749+03:00,116895.99,116895.99,116889.69089971423,6.29910028577433,2025-09-19 08:45:35.829749+03:00,-0.005388636758005411,116895.99,-1.0,0.0,0.0
2025-09-19 08:45:35.837749+03:00,116895.99,116895.99,116893.46472871432,2.535271285683848,2025-09-19 08:45:40.837749+03:00,-0.002160271952604265,116896.0,-1.0,1.0,0.0
2025-09-19 08:45:40.840750+03:00,116895.99,116895.99,116895.46484330301,0.5251566969964188,2025-09-19 08:45:45.840750+03:00,-0.00044925125061725277,116895.99,-1.0,0.0,0.0
2025-09-19 08:45:45.858685+03:00,116896.0,116896.0,116897.40078633341,1.689213666584692,2025-09-19 08:45:50.858685+03:00,0.001198318448374466,116899.09,1.0,1.0,1.0
2025-09-19 08:45:50.865466+03:00,116896.0,116896.0,116895.803068,3.2869320000027074,2025-09-19 08:45:55.865466+03:00,-0.0001684676977879481,116899.09,-1.0,1.0,0.0
2025-09-19 08:45:55.879694+03:00,116899.1,116899.1,116897.28675585713,2.8032441428658785,2025-09-19 08:46:00.879694+03:00,-0.0015511189931104617,116900.09,-1.0,1.0,0.0
2025-09-19 08:46:00.880583+03:00,116899.1,116899.1,116897.69947452389,5.710525476111798,2025-09-19 08:46:05.880583+03:00,-0.0011980635232556331,116903.41,-1.0,1.0,0.0
2025-09-19 08:46:05.900872+03:00,116903.41,116903.41,116904.88692285732,1.476922857313184,2025-09-19 08:46:10.900872+03:00,0.0012633702107690307,116903.41,1.0,0.0,0.0
2025-09-19 08:46:10.904568+03:00,116903.42,116903.42,116908.8675360001,5.457536000103573,2025-09-19 08:46:15.904568+03:00,0.004659860250545974,116903.41,1.0,-1.0,0.0
2025-09-19 08:46:15.898566+03:00,116903.42,116903.42,116912.94456000003,9.524560000034398,2025-09-19 08:46:20.898566+03:00,0.008147374987005854,116903.42,1.0,0.0,0.0
2025-09-19 08:46:20.909576+03:00,116903.41,116903.41,116906.75104000015,3.341040000144858,2025-09-19 08:46:25.909576+03:00,0.0028579491395031658,116903.41,1.0,0.0,0.0
2025-09-19 08:46:25.918162+03:00,116903.41,116903.41,116907.03100000012,3.611000000120839,2025-09-19 08:46:30.918162+03:00,0.003097428894602476,116903.42,1.0,1.0,1.0
2025-09-19 08:46:30.927917+03:00,116903.42,116903.42,116906.6758400001,3.265840000094613,2025-09-19 08:46:35.927917+03:00,0.002785068221357298,116903.41,1.0,-1.0,0.0
2025-09-19 08:46:35.933973+03:00,116903.41,116903.41,116907.10540000006,3.6854000000603264,2025-09-19 08:46:40.933973+03:00,0.0031610711783814417,116903.42,1.0,1.0,1.0
2025-09-19 08:46:40.948158+03:00,116903.41,116903.41,116906.66936000006,3.2493600000598235,2025-09-19 08:46:45.948158+03:00,0.002788079492338662,116903.42,1.0,1.0,1.0
2025-09-19 08:46:45.947418+03:00,116903.41,116903.41,116906.44748,3.0274800000042887,2025-09-19 08:46:50.947418+03:00,0.0025982817780927435,116903.42,1.0,1.0,1.0
2025-09-19 08:46:50.955053+03:00,116903.41,116903.41,116906.35291999998,2.9429199999722186,2025-09-19 08:46:55.955053+03:00,0.0025173944882978336,116903.41,1.0,0.0,0.0
2025-09-19 08:46:55.951867+03:00,116903.42,116903.42,116910.40904,6.9890400000003865,2025-09-19 08:47:00.951867+03:00,0.005978473512580202,116903.42,1.0,0.0,0.0
2025-09-19 08:47:00.957510+03:00,116903.42,116903.42,116906.81232000001,3.4023200000083307,2025-09-19 08:47:05.957510+03:00,0.0029018141642165557,116903.41,1.0,-1.0,0.0
2025-09-19 08:47:05.952194+03:00,116903.41,116903.41,116906.74739999996,11.387399999963236,2025-09-19 08:47:10.952194+03:00,0.0028548354577170383,116895.36,1.0,-1.0,0.0
2025-09-19 08:47:10.961584+03:00,116903.41,116903.41,116906.62904,11.269039999999222,2025-09-19 08:47:15.961584+03:00,0.0027535894804063556,116895.36,1.0,-1.0,0.0
2025-09-19 08:47:15.977011+03:00,116895.37,116895.37,116903.51619515145,8.15619515144499,2025-09-19 08:47:20.977011+03:00,0.0069687919645151294,116895.36,1.0,-1.0,0.0
2025-09-19 08:47:20.982989+03:00,116895.37,116895.37,116896.47777227836,1.1077722783666104,2025-09-19 08:47:25.982989+03:00,0.0009476613815984418,116895.37,1.0,0.0,0.0
2025-09-19 08:47:25.992390+03:00,116895.36,116895.36,116895.57013191469,12.910131914686644,2025-09-19 08:47:30.992390+03:00,0.0001797606976782952,116882.66,1.0,-1.0,0.0
2025-09-19 08:47:30.992395+03:00,116888.48,116888.48,116892.39026857121,9.73026857120567,2025-09-19 08:47:35.992395+03:00,0.003345298502652475,116882.66,1.0,-1.0,0.0
2025-09-19 08:47:36.003249+03:00,116882.66,116882.66,116885.88976842082,3.2397684208262945,2025-09-19 08:47:41.003249+03:00,0.0027632571168529027,116882.65,1.0,-1.0,0.0
2025-09-19 08:47:41.011320+03:00,116882.66,116882.66,116883.06349945556,0.4134994555643061,2025-09-19 08:47:46.011320+03:00,0.0003452175502807627,116882.65,1.0,-1.0,0.0
2025-09-19 08:47:46.030527+03:00,116882.65,116882.65,116881.23245314372,1.417546856275294,2025-09-19 08:47:51.030527+03:00,-0.001212794932588621,116882.65,-1.0,0.0,0.0
2025-09-19 08:47:51.006804+03:00,116882.65,116882.65,116881.23341314381,1.4265868561924435,2025-09-19 08:47:56.006804+03:00,-0.001211973595895653,116882.66,-1.0,1.0,0.0
2025-09-19 08:47:56.018226+03:00,116882.65,116882.65,116880.15156014377,2.4984398562228307,2025-09-19 08:48:01.018226+03:00,-0.0021375626375880687,116882.65,-1.0,0.0,0.0
2025-09-19 08:48:01.012842+03:00,116882.65,116882.65,116881.0090109229,1.6409890770883067,2025-09-19 08:48:06.012842+03:00,-0.0014039629295608089,116882.65,-1.0,0.0,0.0
2025-09-19 08:48:06.002286+03:00,116882.66,116882.66,116880.86885892287,1.78114107712463,2025-09-19 08:48:11.002286+03:00,-0.0015324266894113662,116882.65,-1.0,-1.0,1.0
2025-09-19 08:48:11.021044+03:00,116882.65,116882.65,116881.26857892287,1.3914210771326907,2025-09-19 08:48:16.021044+03:00,-0.0011818871980771976,116882.66,-1.0,1.0,0.0
2025-09-19 08:48:16.033113+03:00,116882.65,116882.65,116881.26738336732,1.392616632685531,2025-09-19 08:48:21.033113+03:00,-0.0011829100663581958,116882.66,-1.0,1.0,0.0
2025-09-19 08:48:21.331015+03:00,116882.65,116882.65,116882.42008462678,0.22991537321649957,2025-09-19 08:48:26.331015+03:00,-0.00019670616059483555,116882.65,-1.0,0.0,0.0
2025-09-19 08:48:26.379623+03:00,116882.65,116882.65,116882.67859329344,0.018593293440062553,2025-09-19 08:48:31.379623+03:00,2.4463248779331905e-05,116882.66,1.0,1.0,1.0
2025-09-19 08:48:31.336606+03:00,116882.65,116882.65,116882.92947967442,0.27947967442742083,2025-09-19 08:48:36.336606+03:00,0.00023911134323821443,116882.65,1.0,0.0,0.0
2025-09-19 08:48:36.447686+03:00,116882.65,116882.65,116882.71051329348,0.06051329348701984,2025-09-19 08:48:41.447686+03:00,5.1772691230922495e-05,116882.65,1.0,0.0,0.0
2025-09-19 08:48:41.368778+03:00,116882.65,116882.65,116882.76904896012,0.11904896012856625,2025-09-19 08:48:46.368778+03:00,0.0001018534060688787,116882.65,1.0,0.0,0.0
2025-09-19 08:48:46.413543+03:00,116882.65,116882.65,116882.87531967447,0.21531967446208,2025-09-19 08:48:51.413543+03:00,0.00019277426929607878,116882.66,1.0,1.0,1.0
2025-09-19 08:48:51.421772+03:00,116882.65,116882.65,116882.67627829348,0.026278293487848714,2025-09-19 08:48:56.421772+03:00,2.2482629789664005e-05,116882.65,1.0,0.0,0.0
2025-09-19 08:48:56.434017+03:00,116882.65,116882.65,116882.68327329346,0.03327329346211627,2025-09-19 08:49:01.434017+03:00,2.8467264784051588e-05,116882.65,1.0,0.0,0.0
2025-09-19 08:49:01.456276+03:00,116882.66,116882.66,116882.88067967445,0.22067967444309033,2025-09-19 08:49:06.456276+03:00,0.00018880445948363115,116882.66,1.0,0.0,0.0
2025-09-19 08:49:06.532246+03:00,116882.65,116882.65,116882.74100396011,0.08100396010559052,2025-09-19 08:49:11.532246+03:00,7.785925465832931e-05,116882.66,1.0,1.0,1.0
2025-09-19 08:49:11.504617+03:00,116882.65,116882.65,116882.62394738439,0.026052615605294704,2025-09-19 08:49:16.504617+03:00,-2.228954905222863e-05,116882.65,-1.0,0.0,0.0
2025-09-19 08:49:16.560450+03:00,116882.65,116882.65,116882.79139467447,0.1413946744723944,2025-09-19 08:49:21.560450+03:00,0.00012097148248469248,116882.65,1.0,0.0,0.0
2025-09-19 08:49:22.488102+03:00,116882.66,116882.66,116882.55036972795,0.10963027205434628,2025-09-19 08:49:27.488102+03:00,-9.379515494800193e-05,116882.66,-1.0,0.0,0.0
2025-09-19 08:49:27.497651+03:00,116882.66,116882.66,116882.7060148138,0.05601481380290352,2025-09-19 08:49:32.497651+03:00,3.936838346559729e-05,116882.65,1.0,-1.0,0.0
2025-09-19 08:49:32.537416+03:00,116882.65,116882.65,116882.66306072783,0.0030607278313254938,2025-09-19 08:49:37.537416+03:00,1.1174222898470149e-05,116882.66,1.0,1.0,1.0
2025-09-19 08:49:37.551912+03:00,116882.65,116882.65,116882.67589798328,0.0058979832829209045,2025-09-19 08:49:42.551912+03:00,2.2157251984785974e-05,116882.67,1.0,1.0,1.0
2025-09-19 08:49:42.619896+03:00,116882.65,116882.65,116882.61469479775,0.05530520224419888,2025-09-19 08:49:47.619896+03:00,-3.020568257147177e-05,116882.67,-1.0,1.0,0.0
2025-09-19 08:49:47.584281+03:00,116882.67,116882.67,116882.56423289968,0.10576710032182746,2025-09-19 08:49:52.584281+03:00,-9.048997624868379e-05,116882.67,-1.0,0.0,0.0
2025-09-19 08:49:52.639588+03:00,116882.67,116882.67,116882.56427268522,0.10572731477441266,2025-09-19 08:49:57.639588+03:00,-9.045593737242029e-05,116882.67,-1.0,0.0,0.0
2025-09-19 08:49:57.605294+03:00,116882.67,116882.67,116882.61743509014,0.0525649098563008,2025-09-19 08:50:02.605294+03:00,-4.497237259920637e-05,116882.67,-1.0,0.0,0.0
2025-09-19 08:50:02.627675+03:00,116882.67,116882.67,116882.64581979348,0.014180206519085914,2025-09-19 08:50:07.627675+03:00,-2.0687589112951665e-05,116882.66,-1.0,-1.0,1.0
2025-09-19 08:50:07.637923+03:00,116882.67,116882.67,116882.63680112676,0.03319887323596049,2025-09-19 08:50:12.637923+03:00,-2.8403589031599374e-05,116882.67,-1.0,0.0,0.0
2025-09-19 08:50:12.639623+03:00,116882.67,116882.67,116882.59724703516,0.07275296484294813,2025-09-19 08:50:17.639623+03:00,-6.224444123576929e-05,116882.67,-1.0,0.0,0.0
2025-09-19 08:50:17.637404+03:00,116882.66,116882.66,116882.50263717011,0.15736282989382744,2025-09-19 08:50:22.637404+03:00,-0.0001346331696197087,116882.66,-1.0,0.0,0.0
2025-09-19 08:50:23.607836+03:00,116882.67,116882.67,116882.60862068759,0.061379312406643294,2025-09-19 08:50:28.607836+03:00,-5.2513612502728844e-05,116882.67,-1.0,0.0,0.0
2025-09-19 08:50:28.608201+03:00,116882.67,116882.67,116883.86367548657,1.193675486574648,2025-09-19 08:50:33.608201+03:00,0.0010212595986852867,116882.67,1.0,0.0,0.0
2025-09-19 08:50:33.618480+03:00,116882.66,116882.66,116883.52362141597,0.86362141596328,2025-09-19 08:50:38.618480+03:00,0.000738878988520008,116882.66,1.0,0.0,0.0
2025-09-19 08:50:38.612911+03:00,116882.67,116882.67,116884.42422469008,1.7542246900848113,2025-09-19 08:50:43.612911+03:00,0.001500842417515626,116882.67,1.0,0.0,0.0
2025-09-19 08:50:43.621057+03:00,116882.66,116882.66,116882.39032341247,0.279676587524591,2025-09-19 08:50:48.621057+03:00,-0.00023072420453968938,116882.67,-1.0,1.0,0.0
2025-09-19 08:50:48.623637+03:00,116882.67,116882.67,116882.5539054657,20.856094534305157,2025-09-19 08:50:53.623637+03:00,-9.932570354520346e-05,116903.41,-1.0,1.0,0.0
2025-09-19 08:50:53.621159+03:00,116903.42,116903.42,116891.24789150016,12.17210849984258,2025-09-19 08:50:58.621159+03:00,-0.010412106420704012,116903.42,-1.0,0.0,0.0
2025-09-19 08:50:58.619889+03:00,116903.41,116903.41,116898.20589768901,5.214102310987073,2025-09-19 08:51:03.619889+03:00,-0.004451625757531206,116903.42,-1.0,1.0,0.0
2025-09-19 08:51:03.626202+03:00,116903.42,116903.42,116903.69443274732,0.2844327473139856,2025-09-19 08:51:08.626202+03:00,0.0002347516841844527,116903.41,1.0,-1.0,0.0
2025-09-19 08:51:08.626088+03:00,116903.41,116903.41,116904.04509449046,0.6250944904604694,2025-09-19 08:51:13.626088+03:00,0.0005432642986677896,116903.42,1.0,1.0,1.0
2025-09-19 08:51:13.644237+03:00,116903.41,116903.41,116903.84777757147,0.4377775714674499,2025-09-19 08:51:18.644237+03:00,0.0003744780169093869,116903.41,1.0,0.0,0.0
2025-09-19 08:51:18.640886+03:00,116903.42,116903.42,116904.95891621523,1.5389162152278004,2025-09-19 08:51:23.640886+03:00,0.001316399653002282,116903.42,1.0,0.0,0.0
2025-09-19 08:51:24.677888+03:00,116903.41,116903.41,116902.24847736066,1.1615226393478224,2025-09-19 08:51:29.677888+03:00,-0.0009935746436719188,116903.41,-1.0,0.0,0.0
2025-09-19 08:51:29.692917+03:00,116903.41,116903.41,116903.5309677263,11.359032273699995,2025-09-19 08:51:34.692917+03:00,0.00010347664477531522,116914.89,1.0,1.0,1.0
2025-09-19 08:51:34.709391+03:00,116914.9,116914.9,116909.16428802864,5.7257119713613065,2025-09-19 08:51:39.709391+03:00,-0.0049058862226765525,116914.89,-1.0,-1.0,1.0
2025-09-19 08:51:39.720908+03:00,116914.89,116914.89,116912.60447443335,2.285525566650904,2025-09-19 08:51:44.720908+03:00,-0.0019548626925543046,116914.89,-1.0,0.0,0.0
2025-09-19 08:51:44.712055+03:00,116914.9,116914.9,116916.54495712118,1.6449571211851435,2025-09-19 08:51:49.712055+03:00,0.001406969617375667,116914.9,1.0,0.0,0.0
2025-09-19 08:51:49.728349+03:00,116914.9,116914.9,116916.06182098691,1.1618209869193379,2025-09-19 08:51:54.728349+03:00,0.0009937321820566395,116914.9,1.0,0.0,0.0
2025-09-19 08:51:54.725553+03:00,116914.9,116914.9,116916.32070098694,1.4207009869423928,2025-09-19 08:51:59.725553+03:00,0.0012151581936454573,116914.9,1.0,0.0,0.0
2025-09-19 08:51:59.738814+03:00,116914.89,116914.89,116916.28642098691,1.396420986915473,2025-09-19 08:52:04.738814+03:00,0.0011943910539670977,116914.89,1.0,0.0,0.0
2025-09-19 08:52:04.745089+03:00,116914.89,116914.89,116916.28630098692,1.3963009869185043,2025-09-19 08:52:09.745089+03:00,0.001194288415204004,116914.89,1.0,0.0,0.0
2025-09-19 08:52:09.762628+03:00,116914.9,116914.9,116917.27585527266,2.3858552726596827,2025-09-19 08:52:14.762628+03:00,0.002032123598159791,116914.89,1.0,-1.0,0.0
2025-09-19 08:52:14.761846+03:00,116914.89,116914.89,116916.32565527265,1.4356552726530936,2025-09-19 08:52:19.761846+03:00,0.001227949042806347,116914.89,1.0,0.0,0.0
2025-09-19 08:52:19.774054+03:00,116914.9,116914.9,116914.97636098693,0.07636098693183158,2025-09-19 08:52:24.774054+03:00,6.5313306457801e-05,116914.9,1.0,0.0,0.0
2025-09-19 08:52:25.776068+03:00,116914.9,116914.9,116914.81785819748,0.07214180252049118,2025-09-19 08:52:30.776068+03:00,-7.025777083609746e-05,116914.89,-1.0,-1.0,1.0
2025-09-19 08:52:30.790056+03:00,116914.89,116914.89,116915.46247492911,0.5724749291111948,2025-09-19 08:52:35.790056+03:00,0.000489651000921435,116914.89,1.0,0.0,0.0
2025-09-19 08:52:35.802006+03:00,116914.9,116914.9,116913.57185826235,1.3281417376419995,2025-09-19 08:52:40.802006+03:00,-0.001135990141241193,116914.9,-1.0,0.0,0.0
2025-09-19 08:52:40.813311+03:00,116914.9,116914.9,116911.80525744018,3.0947425598133123,2025-09-19 08:52:45.813311+03:00,-0.0026470044107408997,116914.9,-1.0,0.0,0.0
2025-09-19 08:52:45.833875+03:00,116914.89,116914.89,116913.33206786412,1.5679321358766174,2025-09-19 08:52:50.833875+03:00,-0.0013325352620883928,116914.9,-1.0,1.0,0.0
2025-09-19 08:52:50.844490+03:00,116914.9,116914.9,116914.16660432293,0.7233956770651275,2025-09-19 08:52:55.844490+03:00,-0.0006272901717915243,116914.89,-1.0,-1.0,1.0
2025-09-19 08:52:55.846838+03:00,116914.9,116914.9,116913.50016016708,1.3998398329131305,2025-09-19 08:53:00.846838+03:00,-0.0011973151693352433,116914.9,-1.0,0.0,0.0
2025-09-19 08:53:00.848779+03:00,116914.89,116914.89,116914.03957986408,0.8604201359121362,2025-09-19 08:53:05.848779+03:00,-0.0007273839422141824,116914.9,-1.0,1.0,0.0
2025-09-19 08:53:05.860793+03:00,116914.9,116914.9,116914.49454489435,0.40545510564697906,2025-09-19 08:53:10.860793+03:00,-0.0003467950668793961,116914.9,-1.0,0.0,0.0
2025-09-19 08:53:10.925336+03:00,116914.9,116914.9,116913.42451653072,1.4654834692773875,2025-09-19 08:53:15.925336+03:00,-0.001262014909367539,116914.89,-1.0,-1.0,1.0
2025-09-19 08:53:15.854471+03:00,116914.9,116914.9,116913.41755289436,1.4724471056397306,2025-09-19 08:53:20.854471+03:00,-0.0012679710675324461,116914.89,-1.0,-1.0,1.0
2025-09-19 08:53:20.917532+03:00,116914.9,116914.9,116913.50315289435,1.3968471056432463,2025-09-19 08:53:25.917532+03:00,-0.001194755420945702,116914.9,-1.0,0.0,0.0
2025-09-19 08:53:26.770414+03:00,116914.89,116914.89,116914.4405973406,0.4494026594038587,2025-09-19 08:53:31.770414+03:00,-0.0003843844521462225,116914.89,-1.0,0.0,0.0
2025-09-19 08:53:31.785607+03:00,116914.89,116914.89,116914.46031580848,0.43968419151497073,2025-09-19 08:53:36.785607+03:00,-0.000367518792106129,116914.9,-1.0,1.0,0.0
2025-09-19 08:53:36.793700+03:00,116914.89,116914.89,116914.26955612499,0.6204438750137342,2025-09-19 08:53:41.793700+03:00,-0.0005306799459108538,116914.89,-1.0,0.0,0.0
2025-09-19 08:53:41.809530+03:00,116914.89,116914.89,116914.15100197073,0.7489980292593827,2025-09-19 08:53:46.809530+03:00,-0.0006320820464053992,116914.9,-1.0,1.0,0.0
2025-09-19 08:53:46.802165+03:00,116914.9,116914.9,116914.40018559007,0.4898144099279307,2025-09-19 08:53:51.802165+03:00,-0.00042750274765893147,116914.89,-1.0,-1.0,1.0
2025-09-19 08:53:51.823164+03:00,116914.89,116914.89,116914.1828188666,0.7171811333973892,2025-09-19 08:53:56.823164+03:00,-0.0006048683220782468,116914.9,-1.0,1.0,0.0
2025-09-19 08:53:56.827491+03:00,116914.89,116914.89,116913.97100485046,0.9289951495302375,2025-09-19 08:54:01.827491+03:00,-0.0007860377318367885,116914.9,-1.0,1.0,0.0
2025-09-19 08:54:01.834726+03:00,116914.89,116914.89,116915.00021511805,0.11021511805301998,2025-09-19 08:54:06.834726+03:00,9.426953064149483e-05,116914.89,1.0,0.0,0.0
2025-09-19 08:54:06.833835+03:00,116914.89,116914.89,116913.9732785713,0.9267214286956005,2025-09-19 08:54:11.833835+03:00,-0.0007840929660035939,116914.9,-1.0,1.0,0.0
2025-09-19 08:54:11.845658+03:00,116914.89,116914.89,116913.96266726483,0.9273327351693297,2025-09-19 08:54:16.845658+03:00,-0.0007931690609890063,116914.89,-1.0,0.0,0.0
2025-09-19 08:54:16.859344+03:00,116914.9,116914.9,116915.2320391062,0.332039106200682,2025-09-19 08:54:21.859344+03:00,0.0002840006758767976,116914.9,1.0,0.0,0.0
2025-09-19 08:54:21.869306+03:00,116914.9,116914.9,116915.10217952359,0.20217952359234914,2025-09-19 08:54:26.869306+03:00,0.00017292879144775315,116914.9,1.0,0.0,0.0
2025-09-19 08:54:27.556102+03:00,116914.9,116914.9,116914.81755232564,0.08244767435826361,2025-09-19 08:54:32.556102+03:00,-7.051939005059544e-05,116914.9,-1.0,0.0,0.0
2025-09-19 08:54:32.578083+03:00,116914.89,116914.89,116914.8965334506,0.006533450607093982,2025-09-19 08:54:37.578083+03:00,5.588210883227947e-06,116914.89,1.0,0.0,0.0
2025-09-19 08:54:37.585272+03:00,116914.9,116914.9,116914.81718810344,0.07281189656350762,2025-09-19 08:54:42.585272+03:00,-7.08309176659852e-05,116914.89,-1.0,-1.0,1.0
2025-09-19 08:54:42.607750+03:00,116914.89,116914.89,116914.89714544195,0.007145441952161491,2025-09-19 08:54:47.607750+03:00,6.111661185467044e-06,116914.89,1.0,0.0,0.0
2025-09-19 08:54:47.606677+03:00,116914.89,116914.89,116914.81756924505,0.07243075495352969,2025-09-19 08:54:52.606677+03:00,-6.195169405157007e-05,116914.89,-1.0,0.0,0.0
2025-09-19 08:54:52.605249+03:00,116914.89,116914.89,116914.84678896646,2.993211033535772,2025-09-19 08:54:57.605249+03:00,-3.6959392887152685e-05,116917.84,-1.0,1.0,0.0
2025-09-19 08:54:57.601119+03:00,116917.84,116917.84,116919.13496003472,1.2849600347108208,2025-09-19 08:55:02.601119+03:00,0.001107581216621975,116917.85,1.0,1.0,1.0
2025-09-19 08:55:02.643521+03:00,116917.85,116917.85,116920.7238846008,2.8838846008002292,2025-09-19 08:55:07.643521+03:00,0.0024580375030766608,116917.84,1.0,-1.0,0.0
2025-09-19 08:55:07.641565+03:00,116917.85,116917.85,116920.66918067446,2.8091806744632777,2025-09-19 08:55:12.641565+03:00,0.0024112491586682776,116917.86,1.0,1.0,1.0
2025-09-19 08:55:12.621184+03:00,116917.85,116917.85,116920.61930054495,2.7293005449464545,2025-09-19 08:55:17.621184+03:00,0.0023685866143963916,116917.89,1.0,1.0,1.0
2025-09-19 08:55:17.629342+03:00,116917.86,116917.86,116920.61799980419,2.7279998041922227,2025-09-19 08:55:22.629342+03:00,0.0023589208733302666,116917.89,1.0,1.0,1.0
2025-09-19 08:55:22.626321+03:00,116917.89,116917.89,116920.80547980418,2.9254798041802133,2025-09-19 08:55:27.626321+03:00,0.0024936130853759437,116917.88,1.0,-1.0,0.0
2025-09-19 08:55:28.529798+03:00,116917.88,116917.88,116917.9544899999,0.07448999989719596,2025-09-19 08:55:33.529798+03:00,6.371138434702712e-05,116917.88,1.0,0.0,0.0
2025-09-19 08:55:33.528798+03:00,116917.88,116917.88,116918.44529799999,0.5552979999920353,2025-09-19 08:55:38.528798+03:00,0.000483500042924826,116917.89,1.0,1.0,1.0
2025-09-19 08:55:38.541811+03:00,116917.89,116917.89,116917.9898400001,0.10984000009193551,2025-09-19 08:55:43.541811+03:00,8.539326196972438e-05,116917.88,1.0,-1.0,0.0
2025-09-19 08:55:43.549819+03:00,116917.88,116917.88,116917.91060999999,0.02060999999230262,2025-09-19 08:55:48.549819+03:00,2.618076891837581e-05,116917.89,1.0,1.0,1.0
2025-09-19 08:55:48.543821+03:00,116917.88,116917.88,116917.92952000002,0.0495200000150362,2025-09-19 08:55:53.543821+03:00,4.235451413850149e-05,116917.88,1.0,0.0,0.0
2025-09-19 08:55:53.558819+03:00,116917.88,116917.88,116917.93328000013,0.05328000012377743,2025-09-19 08:55:58.558819+03:00,4.557044664492499e-05,116917.88,1.0,0.0,0.0
2025-09-19 08:55:58.564822+03:00,116917.88,116917.88,116917.91545799994,0.03545799994026311,2025-09-19 08:56:03.564822+03:00,3.0327268968837877e-05,116917.88,1.0,0.0,0.0
2025-09-19 08:56:03.558819+03:00,116917.88,116917.88,116917.40073799992,0.4792620000807801,2025-09-19 08:56:08.558819+03:00,-0.00040991335121777793,116917.88,-1.0,0.0,0.0
2025-09-19 08:56:08.560819+03:00,116917.89,116917.89,116917.7790400001,0.10095999990880955,2025-09-19 08:56:13.560819+03:00,-9.490421004310876e-05,116917.88,-1.0,-1.0,1.0
2025-09-19 08:56:13.563820+03:00,116917.88,116917.88,116917.82640999997,0.06359000003430992,2025-09-19 08:56:18.563820+03:00,-4.583558993675613e-05,116917.89,-1.0,1.0,0.0
2025-09-19 08:56:18.568819+03:00,116917.88,116917.88,116917.77716000011,0.1128399998851819,2025-09-19 08:56:23.568819+03:00,-8.795917261792686e-05,116917.89,-1.0,1.0,0.0
2025-09-19 08:56:23.588820+03:00,116917.88,116917.88,116917.87097799999,0.009022000012919307,2025-09-19 08:56:28.588820+03:00,-7.716527200903152e-06,116917.88,-1.0,0.0,0.0
2025-09-19 08:56:29.331821+03:00,116917.89,116917.89,116918.77305929396,0.8930592939577764,2025-09-19 08:56:34.331821+03:00,0.0007552815860455702,116917.88,1.0,-1.0,0.0
2025-09-19 08:56:34.369820+03:00,116917.88,116917.88,116917.82587257959,0.0641274204099318,2025-09-19 08:56:39.369820+03:00,-4.629524621483941e-05,116917.89,-1.0,1.0,0.0
2025-09-19 08:56:39.342819+03:00,116917.88,116917.88,116917.8985851063,0.01858510629972443,2025-09-19 08:56:44.342819+03:00,1.5895863233001173e-05,116917.88,1.0,0.0,0.0
2025-09-19 08:56:44.366820+03:00,116917.88,116917.88,116917.87862217263,0.0013778273714706302,2025-09-19 08:56:49.366820+03:00,-1.1784573680865837e-06,116917.88,-1.0,0.0,0.0
2025-09-19 08:56:49.553819+03:00,116917.88,116917.88,116917.90568028374,0.025680283739347942,2025-09-19 08:56:54.553819+03:00,2.1964376825296473e-05,116917.88,1.0,0.0,0.0
2025-09-19 08:56:54.413820+03:00,116917.88,116917.88,116917.82816571232,0.05183428768941667,2025-09-19 08:56:59.413820+03:00,-4.4333927102866276e-05,116917.88,-1.0,0.0,0.0
2025-09-19 08:56:59.561822+03:00,116917.89,116917.89,116917.94283574517,0.0528357451694319,2025-09-19 08:57:04.561822+03:00,4.51904709958689e-05,116917.89,1.0,0.0,0.0
2025-09-19 08:57:04.408819+03:00,116917.89,116917.89,116917.93383280486,0.043832804862177,2025-09-19 08:57:09.408819+03:00,3.7490246242193555e-05,116917.89,1.0,0.0,0.0
2025-09-19 08:57:09.481819+03:00,116917.89,116917.89,116917.87057520027,0.019424799727858044,2025-09-19 08:57:14.481819+03:00,-1.6614052586698275e-05,116917.89,-1.0,0.0,0.0
2025-09-19 08:57:14.464819+03:00,116917.89,116917.89,116917.87390899929,0.00609100071596913,2025-09-19 08:57:19.464819+03:00,-1.3762650618079441e-05,116917.88,-1.0,-1.0,1.0
2025-09-19 08:57:19.490821+03:00,116917.88,116917.88,116917.90190158355,0.011901583551662043,2025-09-19 08:57:24.490821+03:00,1.873245011492113e-05,116917.89,1.0,1.0,1.0
2025-09-19 08:57:24.504822+03:00,116917.89,116917.89,116917.87287299363,0.007127006378141232,2025-09-19 08:57:29.504822+03:00,-1.4648747401191161e-05,116917.88,-1.0,-1.0,1.0
2025-09-19 08:57:30.375822+03:00,116917.89,116917.89,116917.81916115916,11.419161159166833,2025-09-19 08:57:35.375822+03:00,-6.05885385362371e-05,116906.4,-1.0,-1.0,1.0
2025-09-19 08:57:35.358819+03:00,116906.4,116906.4,116910.34997423473,3.939974234730471,2025-09-19 08:57:40.358819+03:00,0.0033787493539616173,116906.41,1.0,1.0,1.0
2025-09-19 08:57:40.405819+03:00,116906.41,116906.41,116906.14573950475,0.2642604952561669,2025-09-19 08:57:45.405819+03:00,-0.00022604448742901857,116906.41,-1.0,0.0,0.0
2025-09-19 08:57:45.365823+03:00,116906.41,116906.41,116903.28966768402,3.120332315986161,2025-09-19 08:57:50.365823+03:00,-0.002669085737887393,116906.41,-1.0,0.0,0.0
2025-09-19 08:57:50.367822+03:00,116906.4,116906.4,116901.98678040096,4.423219599048025,2025-09-19 08:57:55.367822+03:00,-0.003775002565333217,116906.41,-1.0,1.0,0.0
2025-09-19 08:57:55.419859+03:00,116906.41,116906.41,116903.26221511526,3.1477848847425776,2025-09-19 08:58:00.419859+03:00,-0.002692568255874573,116906.41,-1.0,0.0,0.0
2025-09-19 08:58:00.409513+03:00,116906.4,116906.4,116901.77292051216,4.627079487836454,2025-09-19 08:58:05.409513+03:00,-0.003957935141135519,116906.4,-1.0,0.0,0.0
2025-09-19 08:58:05.409511+03:00,116906.41,116906.41,116903.0985795597,3.301420440300717,2025-09-19 08:58:10.409511+03:00,-0.002832539670245652,116906.4,-1.0,-1.0,1.0
2025-09-19 08:58:10.418512+03:00,116906.4,116906.4,116903.47828813123,2.931711868775892,2025-09-19 08:58:15.418512+03:00,-0.002499188982610515,116906.41,-1.0,1.0,0.0
2025-09-19 08:58:15.450828+03:00,116906.41,116906.41,116902.81863582063,3.591364179374068,2025-09-19 08:58:20.450828+03:00,-0.003071999370585469,116906.41,-1.0,0.0,0.0
2025-09-19 08:58:20.458110+03:00,116906.41,116906.41,116903.38208767772,3.0179123222769704,2025-09-19 08:58:25.458110+03:00,-0.0025900310532897927,116906.4,-1.0,-1.0,1.0
2025-09-19 08:58:25.483110+03:00,116906.4,116906.4,116903.66399205875,2.7460079412558116,2025-09-19 08:58:30.483110+03:00,-0.0023403405983303724,116906.41,-1.0,1.0,0.0
2025-09-19 08:58:31.554087+03:00,116906.4,116906.4,116906.22177743335,0.17822256663930602,2025-09-19 08:58:36.554087+03:00,-0.00015244893918494286,116906.4,-1.0,0.0,0.0
2025-09-19 08:58:36.566663+03:00,116906.41,116906.41,116905.38284226734,1.0171577326545957,2025-09-19 08:58:41.566663+03:00,-0.0008786154092525029,116906.4,-1.0,-1.0,1.0
2025-09-19 08:58:41.578946+03:00,116906.4,116906.4,116905.09934886081,5.099348860807368,2025-09-19 08:58:46.578946+03:00,-0.0011125576864797922,116900.0,-1.0,-1.0,1.0
2025-09-19 08:58:46.581946+03:00,116906.4,116906.4,116905.92935654454,5.919356544545735,2025-09-19 08:58:51.581946+03:00,-0.00040258142877864914,116900.01,-1.0,-1.0,1.0
2025-09-19 08:58:51.581263+03:00,116900.0,116900.0,116898.71410776548,1.285892234518542,2025-09-19 08:58:56.581263+03:00,-0.0010999933571587185,116900.0,-1.0,0.0,0.0
2025-09-19 08:58:56.572891+03:00,116900.0,116900.0,116896.62125207148,3.378747928523808,2025-09-19 08:59:01.572891+03:00,-0.002890289074870665,116900.0,-1.0,0.0,0.0
2025-09-19 08:59:01.580255+03:00,116900.01,116900.01,116899.01423073816,0.2942307381599676,2025-09-19 08:59:06.580255+03:00,-0.0008518128115075692,116898.72,-1.0,-1.0,1.0
2025-09-19 08:59:06.588257+03:00,116898.72,116898.72,116896.93729675216,1.7827032478380715,2025-09-19 08:59:11.588257+03:00,-0.0015249980905163647,116898.72,-1.0,0.0,0.0
2025-09-19 08:59:11.610903+03:00,116898.73,116898.73,116898.86328789793,0.1332878979301313,2025-09-19 08:59:16.610903+03:00,0.00011401997090142151,116898.73,1.0,0.0,0.0
2025-09-19 08:59:16.591904+03:00,116898.73,116898.73,116899.3131678979,0.5931678978959098,2025-09-19 08:59:21.591904+03:00,0.0004988658969187677,116898.72,1.0,-1.0,0.0
2025-09-19 08:59:21.588905+03:00,116898.72,116898.72,116899.88219989798,1.1621998979826458,2025-09-19 08:59:26.588905+03:00,0.0009941938611326504,116898.72,1.0,0.0,0.0
2025-09-19 08:59:26.589906+03:00,116898.73,116898.73,116899.98300297496,1.26300297495618,2025-09-19 08:59:31.589906+03:00,0.0010718704770885182,116898.72,1.0,-1.0,0.0
2025-09-19 08:59:32.590903+03:00,116898.73,116898.73,116898.69996228599,3.869962285985821,2025-09-19 08:59:37.590903+03:00,-2.5695500719604316e-05,116894.83,-1.0,-1.0,1.0
2025-09-19 08:59:37.587334+03:00,116894.82,116894.82,116896.63683467041,1.816834670404205,2025-09-19 08:59:42.587334+03:00,0.0015542473741815119,116894.82,1.0,0.0,0.0
2025-09-19 08:59:42.598439+03:00,116894.83,116894.83,116895.9972980001,1.1672980001021642,2025-09-19 08:59:47.598439+03:00,0.000998588218231862,116894.83,1.0,0.0,0.0
2025-09-19 08:59:47.597438+03:00,116894.82,116894.82,116895.92621600015,1.1062160001456505,2025-09-19 08:59:52.597438+03:00,0.0009463344912508958,116894.82,1.0,0.0,0.0
2025-09-19 08:59:52.602773+03:00,116894.83,116894.83,116898.67806666672,3.848066666716477,2025-09-19 08:59:57.602773+03:00,0.0032919049257494767,116894.83,1.0,0.0,0.0
2025-09-19 08:59:57.620773+03:00,116894.82,116894.82,116897.78526500012,2.9652650001080474,2025-09-19 09:00:02.620773+03:00,0.002536694953726818,116894.82,1.0,0.0,0.0
2025-09-19 09:00:02.621773+03:00,116894.83,116894.83,116899.80150666671,8.291506666719215,2025-09-19 09:00:07.621773+03:00,0.004252973948216726,116891.51,1.0,-1.0,0.0
2025-09-19 09:00:07.621773+03:00,116891.51,116891.51,116893.48749454542,10.837494545427035,2025-09-19 09:00:12.621773+03:00,0.001691734964692006,116882.65,1.0,-1.0,0.0
2025-09-19 09:00:12.625517+03:00,116885.76,116885.76,116887.43165166669,14.021651666684193,2025-09-19 09:00:17.625517+03:00,0.0014301585297412823,116873.41,1.0,-1.0,0.0
2025-09-19 09:00:17.627544+03:00,116882.66,116882.66,116883.5214760634,10.111476063393638,2025-09-19 09:00:22.627544+03:00,0.0007370435130357561,116873.41,1.0,-1.0,0.0
2025-09-19 09:00:22.628545+03:00,116873.4,116873.4,116872.24059628554,0.9005962855444523,2025-09-19 09:00:27.628545+03:00,-0.0009920167586920715,116871.34,-1.0,-1.0,1.0
2025-09-19 09:00:27.627545+03:00,116873.41,116873.41,116867.59560074682,3.7543992531864205,2025-09-19 09:00:32.627545+03:00,-0.0049749547422156095,116871.35,-1.0,-1.0,1.0
2025-09-19 09:00:33.624547+03:00,116871.34,116871.34,116866.33702830288,5.0029716971184826,2025-09-19 09:00:38.624547+03:00,-0.004280751548770197,116871.34,-1.0,0.0,0.0
2025-09-19 09:00:38.646353+03:00,116871.35,116871.35,116866.34721999982,4.542780000178027,2025-09-19 09:00:43.646353+03:00,-0.0042805871586016845,116870.89,-1.0,-1.0,1.0
2025-09-19 09:00:43.648352+03:00,116871.34,116871.34,116865.43542111103,5.454578888966353,2025-09-19 09:00:48.648352+03:00,-0.005052204320548941,116870.89,-1.0,-1.0,1.0
2025-09-19 09:00:48.657688+03:00,116870.89,116870.89,116866.01219825383,4.877801746173645,2025-09-19 09:00:53.657688+03:00,-0.004173666980865505,116870.89,-1.0,0.0,0.0
2025-09-19 09:00:53.663725+03:00,116870.89,116870.89,116866.24513534787,4.6448646521312185,2025-09-19 09:00:58.663725+03:00,-0.003974355506432114,116870.89,-1.0,0.0,0.0
2025-09-19 09:00:58.673771+03:00,116870.88,116870.88,116865.8195017949,5.060498205100885,2025-09-19 09:01:03.673771+03:00,-0.004329990674409985,116870.88,-1.0,0.0,0.0
2025-09-19 09:01:03.681769+03:00,116870.88,116870.88,116865.95208158714,4.937918412862928,2025-09-19 09:01:08.681769+03:00,-0.004216549420067827,116870.89,-1.0,1.0,0.0
2025-09-19 09:01:08.681472+03:00,116870.88,116870.88,116864.84682714273,0.9231728572776774,2025-09-19 09:01:13.681472+03:00,-0.005162255009355845,116865.77,-1.0,-1.0,1.0
2025-09-19 09:01:13.684716+03:00,116870.88,116870.88,116864.9272203464,18.4672203463997,2025-09-19 09:01:18.684716+03:00,-0.005093466955668131,116846.46,-1.0,-1.0,1.0
2025-09-19 09:01:18.703724+03:00,116850.13,116850.13,116850.69439699413,16.144396994131966,2025-09-19 09:01:23.703724+03:00,0.00048300929928808825,116834.55,1.0,-1.0,0.0
2025-09-19 09:01:23.710724+03:00,116840.76,116840.76,116843.8478998432,25.467899843191844,2025-09-19 09:01:28.710724+03:00,0.0026428275913317747,116818.38,1.0,-1.0,0.0
2025-09-19 09:01:28.717726+03:00,116822.01,116822.01,116833.2438466667,33.23384666669881,2025-09-19 09:01:33.717726+03:00,0.009616207311189742,116800.01,1.0,-1.0,0.0
2025-09-19 09:01:34.630724+03:00,116804.58,116804.58,116817.40854499988,31.1185449998884,2025-09-19 09:01:39.630724+03:00,0.010982912656233386,116786.29,1.0,-1.0,0.0
2025-09-19 09:01:39.649727+03:00,116786.28,116786.28,116800.18858666642,13.908586666424526,2025-09-19 09:01:44.649727+03:00,0.011909435480284607,116786.28,1.0,0.0,0.0
2025-09-19 09:01:44.666726+03:00,116786.29,116786.29,116801.54568,15.25568000000203,2025-09-19 09:01:49.666726+03:00,0.013062903188381129,116786.29,1.0,0.0,0.0
2025-09-19 09:01:49.670724+03:00,116786.28,116786.28,116799.29515999998,6.155159999980242,2025-09-19 09:01:54.670724+03:00,0.011144425526680723,116793.14,1.0,1.0,1.0
2025-09-19 09:01:54.662724+03:00,116786.29,116786.29,116802.49595999991,0.934040000080131,2025-09-19 09:01:59.662724+03:00,0.013876594589929426,116803.43,1.0,1.0,1.0
2025-09-19 09:01:59.689724+03:00,116803.42,116803.42,116804.26475999998,2.8652400000282796,2025-09-19 09:02:04.689724+03:00,0.000723232247804151,116807.13,1.0,1.0,1.0
2025-09-19 09:02:04.708727+03:00,116806.93,116806.93,116809.84294717167,0.5629471716674743,2025-09-19 09:02:09.708727+03:00,0.0024938136561531883,116809.28,1.0,1.0,1.0
2025-09-19 09:02:09.731728+03:00,116809.27,116809.27,116810.19587661633,0.9258766163256951,2025-09-19 09:02:14.731728+03:00,0.000792639673482845,116809.27,1.0,0.0,0.0
2025-09-19 09:02:14.740724+03:00,116809.27,116809.27,116809.12867661631,0.15132338368857745,2025-09-19 09:02:19.740724+03:00,-0.00012098644541979943,116809.28,-1.0,1.0,0.0
2025-09-19 09:02:19.754097+03:00,116809.28,116809.28,116811.44671661619,2.1767166161880596,2025-09-19 09:02:24.754097+03:00,0.0018549182189919315,116809.27,1.0,-1.0,0.0
2025-09-19 09:02:24.748427+03:00,116809.27,116809.27,116811.73779661622,2.45779661621782,2025-09-19 09:02:29.748427+03:00,0.0021126718934315583,116809.28,1.0,1.0,1.0
2025-09-19 09:02:29.751176+03:00,116809.28,116809.28,116812.3098394445,3.029839444498066,2025-09-19 09:02:34.751176+03:00,0.0025938345348058525,116809.28,1.0,0.0,0.0
2025-09-19 09:02:35.672495+03:00,116809.28,116809.28,116809.5077153175,0.22771531749458518,2025-09-19 09:02:40.672495+03:00,0.0001949462555497176,116809.28,1.0,0.0,0.0
2025-09-19 09:02:40.671816+03:00,116809.27,116809.27,116809.5075206508,0.22752065080567263,2025-09-19 09:02:45.671816+03:00,0.0002033405831578555,116809.28,1.0,1.0,1.0
2025-09-19 09:02:45.673396+03:00,116809.27,116809.27,116808.80769969855,0.46230030145670753,2025-09-19 09:02:50.673396+03:00,-0.0003957736414727252,116809.27,-1.0,0.0,0.0
2025-09-19 09:02:50.674650+03:00,116809.27,116809.27,116810.24451969854,0.9745196985313669,2025-09-19 09:02:55.674650+03:00,0.0008342828429039637,116809.27,1.0,0.0,0.0
2025-09-19 09:02:55.663650+03:00,116809.27,116809.27,116805.51211785719,0.04211785718507599,2025-09-19 09:03:00.663650+03:00,-0.003217109517778713,116805.47,-1.0,-1.0,1.0
2025-09-19 09:03:00.671650+03:00,116809.27,116809.27,116801.75830166675,2.198301666750922,2025-09-19 09:03:05.671650+03:00,-0.006430738188206707,116799.56,-1.0,-1.0,1.0
2025-09-19 09:03:05.678650+03:00,116803.33,116803.33,116797.99023199997,0.4897680000285618,2025-09-19 09:03:10.678650+03:00,-0.004571588840861286,116798.48,-1.0,-1.0,1.0
2025-09-19 09:03:10.698306+03:00,116798.49,116798.49,116796.67397866666,1.8060213333374122,2025-09-19 09:03:15.698306+03:00,-0.0015548328864069434,116798.48,-1.0,-1.0,1.0
2025-09-19 09:03:15.712306+03:00,116798.49,116798.49,116796.90757333339,5.087573333381442,2025-09-19 09:03:20.712306+03:00,-0.0013548348669720058,116791.82,-1.0,-1.0,1.0
2025-09-19 09:03:20.724218+03:00,116791.81,116791.81,116793.00003200003,1.1900320000277134,2025-09-19 09:03:25.724218+03:00,0.0010189344612672013,116791.81,1.0,0.0,0.0
2025-09-19 09:03:25.748778+03:00,116791.81,116791.81,116793.66791999996,1.8479199999565026,2025-09-19 09:03:30.748778+03:00,0.001590796477908696,116791.82,1.0,1.0,1.0
2025-09-19 09:03:30.757776+03:00,116791.82,116791.82,116794.48171999992,2.671719999925699,2025-09-19 09:03:35.757776+03:00,0.0022790294730541793,116791.81,1.0,-1.0,0.0
2025-09-19 09:03:36.713776+03:00,116791.81,116791.81,116793.73484799983,3.824847999829217,2025-09-19 09:03:41.713776+03:00,0.001648101865905698,116789.91,1.0,-1.0,0.0
2025-09-19 09:03:41.720776+03:00,116789.92,116789.92,116795.75953333323,8.029533333232393,2025-09-19 09:03:46.720776+03:00,0.005000031966140627,116787.73,1.0,-1.0,0.0
2025-09-19 09:03:46.717776+03:00,116787.72,116787.72,116796.30417333322,8.584173333219951,2025-09-19 09:03:51.717776+03:00,0.00735023625191069,116787.72,1.0,0.0,0.0
2025-09-19 09:03:51.724777+03:00,116787.73,116787.73,116797.9513733332,10.221373333202791,2025-09-19 09:03:56.724777+03:00,0.008752095218566874,116787.73,1.0,0.0,0.0
2025-09-19 09:03:56.731777+03:00,116787.72,116787.72,116799.46545333319,11.745453333191108,2025-09-19 09:04:01.731777+03:00,0.0100570961854475,116787.72,1.0,0.0,0.0
2025-09-19 09:04:01.736779+03:00,116787.72,116787.72,116799.5109733332,11.79097333320533,2025-09-19 09:04:06.736779+03:00,0.010096072886092244,116787.72,1.0,0.0,0.0
2025-09-19 09:04:06.816779+03:00,116787.72,116787.72,116799.44781333317,11.72781333317107,2025-09-19 09:04:11.816779+03:00,0.010041991857680817,116787.72,1.0,0.0,0.0
2025-09-19 09:04:11.749777+03:00,116787.72,116787.72,116800.02501333317,0.2849866668257164,2025-09-19 09:04:16.749777+03:00,0.01053622190172973,116800.31,1.0,1.0,1.0
2025-09-19 09:04:16.744779+03:00,116795.31,116795.31,116807.52272000001,7.212720000010449,2025-09-19 09:04:21.744779+03:00,0.010456515762499752,116800.31,1.0,1.0,1.0
2025-09-19 09:04:21.746776+03:00,116800.31,116800.31,116809.34157400014,4.5384259998681955,2025-09-19 09:04:26.746776+03:00,0.007732491463540455,116813.88,1.0,1.0,1.0
2025-09-19 09:04:26.755658+03:00,116800.31,116800.31,116808.01537400008,8.854625999912969,2025-09-19 09:04:31.755658+03:00,0.006597049271602707,116816.87,1.0,1.0,1.0
2025-09-19 09:04:31.774717+03:00,116813.87,116813.87,116809.71278733338,12.617212666620617,2025-09-19 09:04:36.774717+03:00,-0.003558834808412917,116822.33,-1.0,1.0,0.0
2025-09-19 09:04:37.763717+03:00,116822.32,116822.32,116819.30497500006,3.025024999937159,2025-09-19 09:04:42.763717+03:00,-0.0025808638280273816,116822.33,-1.0,1.0,0.0
2025-09-19 09:04:42.773717+03:00,116822.33,116822.33,116822.50107999997,0.18107999996573199,2025-09-19 09:04:47.773717+03:00,0.0001464446052145773,116822.32,1.0,-1.0,0.0
2025-09-19 09:04:47.799720+03:00,116822.32,116822.32,116827.70087999997,5.640879999977187,2025-09-19 09:04:52.799720+03:00,0.004606037613332687,116822.06,1.0,-1.0,0.0
2025-09-19 09:04:52.798718+03:00,116822.32,116822.32,116830.54016000005,8.490160000044852,2025-09-19 09:04:57.798718+03:00,0.0070364635799398416,116822.05,1.0,-1.0,0.0
2025-09-19 09:04:57.800718+03:00,116822.05,116822.05,116831.02604000008,20.66604000008374,2025-09-19 09:05:02.800718+03:00,0.007683515226861206,116810.36,1.0,-1.0,0.0
2025-09-19 09:05:02.792717+03:00,116810.35,116810.35,116821.46274708537,11.112747085368028,2025-09-19 09:05:07.792717+03:00,0.009513495238536677,116810.35,1.0,0.0,0.0
2025-09-19 09:05:07.799719+03:00,116810.36,116810.36,116810.91470886297,0.5647088629630161,2025-09-19 09:05:12.799719+03:00,0.0004748798505271749,116810.35,1.0,-1.0,0.0
2025-09-19 09:05:12.806719+03:00,116810.35,116810.35,116807.70129819626,0.7912981962581398,2025-09-19 09:05:17.806719+03:00,-0.0022675232149755465,116806.91,-1.0,-1.0,1.0
2025-09-19 09:05:17.831723+03:00,116810.36,116810.36,116804.02740363595,2.882596364055644,2025-09-19 09:05:22.831723+03:00,-0.005421262603807345,116806.91,-1.0,-1.0,1.0
2025-09-19 09:05:22.838716+03:00,116806.91,116806.91,116799.78400863594,7.135991364062647,2025-09-19 09:05:27.838716+03:00,-0.006100659082641503,116806.92,-1.0,1.0,0.0
2025-09-19 09:05:27.854716+03:00,116806.91,116806.91,116798.68567530256,3.3643246974388603,2025-09-19 09:05:32.854716+03:00,-0.007040957335006501,116802.05,-1.0,-1.0,1.0
2025-09-19 09:05:32.922718+03:00,116806.91,116806.91,116798.58007030262,3.4799296973797027,2025-09-19 09:05:37.922718+03:00,-0.007131367225950523,116802.06,-1.0,-1.0,1.0
2025-09-19 09:05:38.839716+03:00,116802.05,116802.05,116799.05107151506,1.2589284849382238,2025-09-19 09:05:43.839716+03:00,-0.0025675306939762295,116800.31,-1.0,-1.0,1.0
2025-09-19 09:05:43.859717+03:00,116802.06,116802.06,116798.16631151499,2.153688485021121,2025-09-19 09:05:48.859717+03:00,-0.003333578607270974,116800.32,-1.0,-1.0,1.0
2025-09-19 09:05:48.870717+03:00,116800.32,116800.32,116796.4795181817,3.840481818304397,2025-09-19 09:05:53.870717+03:00,-0.0032880747401243396,116800.32,-1.0,0.0,0.0
2025-09-19 09:05:53.879717+03:00,116800.31,116800.31,116796.76523818176,3.5447618182370206,2025-09-19 09:05:58.879717+03:00,-0.0030348907620510773,116800.31,-1.0,0.0,0.0
2025-09-19 09:05:58.887716+03:00,116800.31,116800.31,116796.94179818174,3.3782018182682805,2025-09-19 09:06:03.887716+03:00,-0.0028837267797139983,116800.32,-1.0,1.0,0.0
2025-09-19 09:06:03.885719+03:00,116800.32,116800.32,116796.44495151509,6.524951515093562,2025-09-19 09:06:08.885719+03:00,-0.0033176694078536502,116789.92,-1.0,-1.0,1.0
2025-09-19 09:06:08.884717+03:00,116800.31,116800.31,116796.27075151508,6.360751515079755,2025-09-19 09:06:13.884717+03:00,-0.003458251510560566,116789.91,-1.0,-1.0,1.0
2025-09-19 09:06:13.943716+03:00,116789.91,116789.91,116790.96658484846,1.0465848484600428,2025-09-19 09:06:18.943716+03:00,0.0009046884687682388,116789.92,1.0,1.0,1.0
2025-09-19 09:06:18.897716+03:00,116789.91,116789.91,116790.2971448483,0.37714484830212314,2025-09-19 09:06:23.897716+03:00,0.0003314882666635195,116789.92,1.0,1.0,1.0
2025-09-19 09:06:23.916717+03:00,116789.92,116789.92,116789.2904466664,0.6295533335942309,2025-09-19 09:06:28.916717+03:00,-0.000539047662327563,116789.92,-1.0,0.0,0.0
2025-09-19 09:06:28.918716+03:00,116789.91,116789.91,116789.41639999973,0.4936000002780929,2025-09-19 09:06:33.918716+03:00,-0.0004226392504952636,116789.91,-1.0,0.0,0.0
2025-09-19 09:06:33.934717+03:00,116789.91,116789.91,116791.19635999986,1.2763599998579593,2025-09-19 09:06:38.934717+03:00,0.0011014307655967204,116789.92,1.0,1.0,1.0
2025-09-19 09:06:39.976785+03:00,116789.92,116789.92,116790.4116533336,0.49165333360724617,2025-09-19 09:06:44.976785+03:00,0.0004209724037889967,116789.92,1.0,0.0,0.0
2025-09-19 09:06:44.921785+03:00,116789.92,116789.92,116795.85597333344,5.945973333436996,2025-09-19 09:06:49.921785+03:00,0.005082607585862063,116789.91,1.0,-1.0,0.0
2025-09-19 09:06:49.918783+03:00,116789.92,116789.92,116801.14549333336,11.235493333355407,2025-09-19 09:06:54.918783+03:00,0.009611697082556993,116789.91,1.0,-1.0,0.0
2025-09-19 09:06:54.931783+03:00,116789.92,116789.92,116805.3584,15.438399999999092,2025-09-19 09:06:59.931783+03:00,0.013218949032586967,116789.92,1.0,0.0,0.0
2025-09-19 09:06:59.942784+03:00,116789.92,116789.92,116805.99096,16.070959999997285,2025-09-19 09:07:04.942784+03:00,0.013760571117779074,116789.92,1.0,0.0,0.0
2025-09-19 09:07:04.951785+03:00,116789.92,116789.92,116806.57584000003,16.665840000030585,2025-09-19 09:07:09.951785+03:00,0.014261367761906013,116789.91,1.0,-1.0,0.0
2025-09-19 09:07:09.964783+03:00,116789.91,116789.91,116806.08511999999,16.175119999985327,2025-09-19 09:07:14.964783+03:00,0.01384975808268482,116789.91,1.0,0.0,0.0
2025-09-19 09:07:14.975783+03:00,116789.91,116789.91,116805.67376000003,15.763760000030743,2025-09-19 09:07:19.975783+03:00,0.01349753587448671,116789.91,1.0,0.0,0.0
2025-09-19 09:07:19.988783+03:00,116789.92,116789.92,116805.93967999998,16.029679999977816,2025-09-19 09:07:24.988783+03:00,0.013716663218866023,116789.91,1.0,-1.0,0.0
2025-09-19 09:07:24.995786+03:00,116789.91,116789.91,116806.05328000002,16.14328000001842,2025-09-19 09:07:29.995786+03:00,0.013822495453604186,116789.91,1.0,0.0,0.0
2025-09-19 09:07:29.993783+03:00,116789.92,116789.92,116806.40828000002,16.488280000019586,2025-09-19 09:07:34.993783+03:00,0.014117896476014012,116789.92,1.0,0.0,0.0
2025-09-19 09:07:34.995783+03:00,116789.92,116789.92,116806.1328,16.22280000000319,2025-09-19 09:07:39.995783+03:00,0.013882019955154031,116789.91,1.0,-1.0,0.0
2025-09-19 09:07:41.020784+03:00,116789.92,116789.92,116791.19135929312,1.281359293119749,2025-09-19 09:07:46.020784+03:00,0.0010885864919891956,116789.91,1.0,-1.0,0.0
2025-09-19 09:07:46.027798+03:00,116789.91,116789.91,116791.79423939204,1.874239392040181,2025-09-19 09:07:51.027798+03:00,0.0016133580307022602,116789.92,1.0,1.0,1.0
2025-09-19 09:07:51.042806+03:00,116789.92,116789.92,116791.4462065097,1.5362065096996957,2025-09-19 09:07:56.042806+03:00,0.0013067964338916702,116789.91,1.0,-1.0,0.0
2025-09-19 09:07:56.052806+03:00,116789.91,116789.91,116790.57766248066,0.6576624806621112,2025-09-19 09:08:01.052806+03:00,0.0005716782217375393,116789.92,1.0,1.0,1.0
2025-09-19 09:08:01.060806+03:00,116789.91,116789.91,116789.99366958592,0.07366958592319861,2025-09-19 09:08:06.060806+03:00,7.164110830975033e-05,116789.92,1.0,1.0,1.0
2025-09-19 09:08:06.070807+03:00,116789.92,116789.92,116790.85499283427,0.9349928342708154,2025-09-19 09:08:11.070807+03:00,0.0008005766544499863,116789.92,1.0,0.0,0.0
2025-09-19 09:08:11.125806+03:00,116789.92,116789.92,116790.55434284006,0.644342840052559,2025-09-19 09:08:16.125806+03:00,0.0005431486210948665,116789.91,1.0,-1.0,0.0
2025-09-19 09:08:16.076806+03:00,116789.91,116789.91,116790.35665708386,0.43665708386106417,2025-09-19 09:08:21.076806+03:00,0.0003824449251273723,116789.92,1.0,1.0,1.0
2025-09-19 09:08:21.082806+03:00,116789.92,116789.92,116790.82692917903,0.9169291790312855,2025-09-19 09:08:26.082806+03:00,0.0007765474786150415,116789.91,1.0,-1.0,0.0
2025-09-19 09:08:26.105807+03:00,116789.92,116789.92,116791.76856036669,1.8485603666922543,2025-09-19 09:08:31.105807+03:00,0.001582808145336733,116789.92,1.0,0.0,0.0
2025-09-19 09:08:31.110808+03:00,116789.91,116789.91,116790.51878750385,0.6087875038501807,2025-09-19 09:08:36.110808+03:00,0.0005212672086571354,116789.91,1.0,0.0,0.0
2025-09-19 09:08:36.102806+03:00,116789.91,116789.91,116790.40300684869,0.49300684868649114,2025-09-19 09:08:41.102806+03:00,0.0004221313713543328,116789.91,1.0,0.0,0.0
2025-09-19 09:08:42.093122+03:00,116789.92,116789.92,116790.07014913944,0.150149139444693,2025-09-19 09:08:47.093122+03:00,0.00012856344061601635,116789.92,1.0,0.0,0.0
2025-09-19 09:08:47.104875+03:00,116789.92,116789.92,116789.95761231225,0.047612312249839306,2025-09-19 09:08:52.104875+03:00,3.220510148057126e-05,116789.91,1.0,-1.0,0.0
2025-09-19 09:08:52.117408+03:00,116789.91,116789.91,116789.95652191022,0.0465219102188712,2025-09-19 09:08:57.117408+03:00,3.983384371036093e-05,116789.91,1.0,0.0,0.0
2025-09-19 09:08:57.128745+03:00,116789.92,116789.92,116789.9954456877,0.0754456877039047,2025-09-19 09:09:02.128745+03:00,6.459948572950876e-05,116789.92,1.0,0.0,0.0
2025-09-19 09:09:02.183744+03:00,116789.92,116789.92,116790.23753997321,0.3175399732135702,2025-09-19 09:09:07.183744+03:00,0.00027188987989166375,116789.92,1.0,0.0,0.0
2025-09-19 09:09:07.132745+03:00,116789.91,116789.91,116789.98970918391,0.06970918391016312,2025-09-19 09:09:12.132745+03:00,6.825006021917855e-05,116789.92,1.0,1.0,1.0
2025-09-19 09:09:12.134744+03:00,116789.92,116789.92,116789.91418495179,0.004184951787465252,2025-09-19 09:09:17.134744+03:00,-4.9790668640718805e-06,116789.91,-1.0,-1.0,1.0
2025-09-19 09:09:17.149746+03:00,116789.91,116789.91,116789.91595361457,0.005953614570898935,2025-09-19 09:09:22.149746+03:00,5.097713125131217e-06,116789.91,1.0,0.0,0.0
2025-09-19 09:09:22.147747+03:00,116789.91,116789.91,116789.91595784645,0.005957846442470327,2025-09-19 09:09:27.147747+03:00,5.101336615868894e-06,116789.91,1.0,0.0,0.0
2025-09-19 09:09:27.165745+03:00,116789.91,116789.91,116789.91528335963,0.004716640367405489,2025-09-19 09:09:32.165745+03:00,4.523815137245864e-06,116789.92,1.0,1.0,1.0
2025-09-19 09:09:32.165745+03:00,116789.92,116789.92,116789.9157020086,0.005702008595108055,2025-09-19 09:09:37.165745+03:00,-3.6801047553190004e-06,116789.91,-1.0,-1.0,1.0
2025-09-19 09:09:37.182745+03:00,116789.92,116789.92,116789.95620943137,0.036209431375027634,2025-09-19 09:09:42.182745+03:00,3.100390117146037e-05,116789.92,1.0,0.0,0.0
2025-09-19 09:09:43.214743+03:00,116789.92,116789.92,116789.91482423486,0.004824234856641851,2025-09-19 09:09:48.214743+03:00,-4.431688229702922e-06,116789.91,-1.0,-1.0,1.0
2025-09-19 09:09:48.225069+03:00,116789.92,116789.92,116789.91700036035,0.0029996396478964016,2025-09-19 09:09:53.225069+03:00,-2.568406287029224e-06,116789.92,-1.0,0.0,0.0
2025-09-19 09:09:53.225761+03:00,116789.91,116789.91,116789.90701981871,0.012980181287275627,2025-09-19 09:09:58.225761+03:00,-2.5517455168124685e-06,116789.92,-1.0,1.0,0.0
2025-09-19 09:09:58.244761+03:00,116789.91,116789.91,116789.91574430195,0.004255698047927581,2025-09-19 09:10:03.244761+03:00,4.9184916289718264e-06,116789.92,1.0,1.0,1.0
2025-09-19 09:10:03.235761+03:00,116789.91,116789.91,116789.90699535776,0.01300464224186726,2025-09-19 09:10:08.235761+03:00,-2.5726899242459803e-06,116789.92,-1.0,1.0,0.0
2025-09-19 09:10:08.237763+03:00,116789.91,116789.91,116789.9148028808,0.005197119200602174,2025-09-19 09:10:13.237763+03:00,4.112410733220991e-06,116789.92,1.0,1.0,1.0
2025-09-19 09:10:13.251764+03:00,116789.91,116789.91,116789.91586650099,0.00586650098557584,2025-09-19 09:10:18.251764+03:00,5.023123132448548e-06,116789.91,1.0,0.0,0.0
2025-09-19 09:10:18.250761+03:00,116789.92,116789.92,116789.91677134404,0.006771344036678784,2025-09-19 09:10:23.250761+03:00,-2.7644988181193437e-06,116789.91,-1.0,-1.0,1.0
2025-09-19 09:10:23.254762+03:00,116789.92,116789.92,116789.91675600788,0.003243992119678296,2025-09-19 09:10:28.254762+03:00,-2.7776302267167373e-06,116789.92,-1.0,0.0,0.0
2025-09-19 09:10:28.266764+03:00,116789.92,116789.92,116789.9145429322,0.005457067803945392,2025-09-19 09:10:33.266764+03:00,-4.6725503399140895e-06,116789.92,-1.0,0.0,0.0
2025-09-19 09:10:33.266762+03:00,116789.92,116789.92,116789.9147929698,0.005207030204473995,2025-09-19 09:10:38.266762+03:00,-4.458458576282949e-06,116789.92,-1.0,0.0,0.0
2025-09-19 09:10:38.265761+03:00,116789.92,116789.92,116789.91560493891,0.004395061085233465,2025-09-19 09:10:43.265761+03:00,-3.76321953575571e-06,116789.92,-1.0,0.0,0.0
2025-09-19 09:10:44.375761+03:00,116789.91,116789.91,116789.91500601744,0.0049939825548790395,2025-09-19 09:10:49.375761+03:00,4.286344119866409e-06,116789.92,1.0,1.0,1.0
2025-09-19 09:10:49.415761+03:00,116789.91,116789.91,116789.91689224984,0.003107750162598677,2025-09-19 09:10:54.415761+03:00,5.901408633813172e-06,116789.92,1.0,1.0,1.0
2025-09-19 09:10:54.434761+03:00,116789.92,116789.92,116789.9159748682,0.004025131798698567,2025-09-19 09:10:59.434761+03:00,-3.4464719204350575e-06,116789.92,-1.0,0.0,0.0
2025-09-19 09:10:59.435761+03:00,116789.92,116789.92,116789.91433513684,0.005664863158017397,2025-09-19 09:11:04.435761+03:00,-4.85047267608146e-06,116789.92,-1.0,0.0,0.0
2025-09-19 09:11:04.432762+03:00,116789.92,116789.92,116790.1697419518,0.24974195180402603,2025-09-19 09:11:09.432762+03:00,0.00021383861878150617,116789.92,1.0,0.0,0.0
2025-09-19 09:11:09.462761+03:00,116789.91,116789.91,116789.91569480133,0.0043051986722275615,2025-09-19 09:11:14.462761+03:00,4.876107296027327e-06,116789.92,1.0,1.0,1.0
2025-09-19 09:11:14.530760+03:00,116789.92,116789.92,116790.68523703949,0.7652370394935133,2025-09-19 09:11:19.530760+03:00,0.0006552252450327163,116789.92,1.0,0.0,0.0
2025-09-19 09:11:19.507761+03:00,116789.92,116789.92,116792.68803240472,2.778032404719852,2025-09-19 09:11:24.507761+03:00,0.0023700952999412025,116789.91,1.0,-1.0,0.0
2025-09-19 09:11:24.503761+03:00,116789.92,116789.92,116792.68803240472,2.7680324047250906,2025-09-19 09:11:29.503761+03:00,0.0023700952999412025,116789.92,1.0,0.0,0.0
2025-09-19 09:11:29.557764+03:00,116789.92,116789.92,116792.68803240472,2.7680324047250906,2025-09-19 09:11:34.557764+03:00,0.0023700952999412025,116789.92,1.0,0.0,0.0
2025-09-19 09:11:34.551762+03:00,116789.92,116789.92,116792.68803240472,2.7680324047250906,2025-09-19 09:11:39.551762+03:00,0.0023700952999412025,116789.92,1.0,0.0,0.0
2025-09-19 09:11:39.501761+03:00,116789.92,116789.92,116792.68803240472,2.778032404719852,2025-09-19 09:11:44.501761+03:00,0.0023700952999412025,116789.91,1.0,-1.0,0.0
2025-09-19 09:11:45.702779+03:00,116789.92,116789.92,116792.80583302827,2.8858330282673705,2025-09-19 09:11:50.702779+03:00,0.002470960703001912,116789.92,1.0,0.0,0.0
2025-09-19 09:11:50.724107+03:00,116789.92,116789.92,116792.80583302827,2.8858330282673705,2025-09-19 09:11:55.724107+03:00,0.002470960703001912,116789.92,1.0,0.0,0.0
2025-09-19 09:11:55.743989+03:00,116789.92,116789.92,116792.80583302827,2.8858330282673705,2025-09-19 09:12:00.743989+03:00,0.002470960703001912,116789.92,1.0,0.0,0.0
2025-09-19 09:12:00.749814+03:00,116789.92,116789.92,116792.80583302827,2.8858330282673705,2025-09-19 09:12:05.749814+03:00,0.002470960703001912,116789.92,1.0,0.0,0.0
2025-09-19 09:12:05.752309+03:00,116789.92,116789.92,116792.80583302827,11.165833028266206,2025-09-19 09:12:10.752309+03:00,0.002470960703001912,116781.64,1.0,-1.0,0.0
2025-09-19 09:12:10.741166+03:00,116789.92,116789.92,116792.80583302827,11.165833028266206,2025-09-19 09:12:15.741166+03:00,0.002470960703001912,116781.64,1.0,-1.0,0.0
2025-09-19 09:12:15.752021+03:00,116789.92,116789.92,116792.80583302827,11.165833028266206,2025-09-19 09:12:20.752021+03:00,0.002470960703001912,116781.64,1.0,-1.0,0.0
2025-09-19 09:12:20.729046+03:00,116781.64,116781.64,116797.94823269616,16.308232696159394,2025-09-19 09:12:25.729046+03:00,0.013964723132985113,116781.64,1.0,0.0,0.0
2025-09-19 09:12:25.744028+03:00,116781.63,116781.63,116800.10524999986,18.465249999862863,2025-09-19 09:12:30.744028+03:00,0.015820339209049936,116781.64,1.0,1.0,1.0
2025-09-19 09:12:30.787493+03:00,116781.64,116781.64,116799.02308436962,17.39308436961437,2025-09-19 09:12:35.787493+03:00,0.014885117531847994,116781.63,1.0,-1.0,0.0
2025-09-19 09:12:35.798559+03:00,116781.63,116781.63,116798.24258367998,16.602583679981763,2025-09-19 09:12:40.798559+03:00,0.014225339790150662,116781.64,1.0,1.0,1.0
2025-09-19 09:12:40.802115+03:00,116781.64,116781.64,116798.3259485285,16.68594852849492,2025-09-19 09:12:45.802115+03:00,0.01428816081748374,116781.64,1.0,0.0,0.0
2025-09-19 09:12:47.074980+03:00,116781.64,116781.64,116782.98443015176,1.3444301517592976,2025-09-19 09:12:52.074980+03:00,0.0011512341766730606,116781.64,1.0,0.0,0.0
2025-09-19 09:12:52.073259+03:00,116781.64,116781.64,116782.57038187586,0.9303818758635316,2025-09-19 09:12:57.073259+03:00,0.0007966850575685799,116781.64,1.0,0.0,0.0
2025-09-19 09:12:57.078590+03:00,116781.63,116781.63,116782.75219415182,1.1221941518160747,2025-09-19 09:13:02.078590+03:00,0.0009609337973926847,116781.63,1.0,0.0,0.0
2025-09-19 09:13:02.071290+03:00,116781.64,116781.64,116783.31583378812,1.6758337881183252,2025-09-19 09:13:07.071290+03:00,0.0014350147746840386,116781.64,1.0,0.0,0.0
2025-09-19 09:13:07.089304+03:00,116781.64,116781.64,116783.36530187588,1.7253018758783583,2025-09-19 09:13:12.089304+03:00,0.001477374248108143,116781.64,1.0,0.0,0.0
2025-09-19 09:13:12.087026+03:00,116781.63,116781.63,116783.40235015181,4.642350151814753,2025-09-19 09:13:17.087026+03:00,0.0015176617690683524,116778.76,1.0,-1.0,0.0
2025-09-19 09:13:17.074400+03:00,116781.64,116781.64,116782.71790187586,8.077901875862153,2025-09-19 09:13:22.074400+03:00,0.0009230062840889658,116774.64,1.0,-1.0,0.0
2025-09-19 09:13:22.092149+03:00,116774.64,116774.64,116782.83567015178,8.195670151777449,2025-09-19 09:13:27.092149+03:00,0.007018364733796182,116774.64,1.0,0.0,0.0
2025-09-19 09:13:27.090678+03:00,116774.63,116774.63,116784.6629901517,14.03299015169614,2025-09-19 09:13:32.090678+03:00,0.008591755034202325,116770.63,1.0,-1.0,0.0
2025-09-19 09:13:32.092148+03:00,116770.63,116770.63,116787.78471015165,17.164710151657346,2025-09-19 09:13:37.092148+03:00,0.014690945961024646,116770.62,1.0,-1.0,0.0
2025-09-19 09:13:37.090725+03:00,116770.62,116770.62,116785.41827015164,14.788270151635516,2025-09-19 09:13:42.090725+03:00,0.012672939607278636,116770.63,1.0,1.0,1.0
2025-09-19 09:13:42.104751+03:00,116770.63,116770.63,116785.06807333356,14.438073333556531,2025-09-19 09:13:47.104751+03:00,0.012364473269996514,116770.63,1.0,0.0,0.0
2025-09-19 09:13:48.267578+03:00,116770.63,116770.63,116771.56134576912,0.941345769126201,2025-09-19 09:13:53.267578+03:00,0.0007975856335766004,116770.62,1.0,-1.0,0.0
2025-09-19 09:13:53.239432+03:00,116770.63,116770.63,116772.05378576914,1.4237857691332465,2025-09-19 09:13:58.239432+03:00,0.0012193012653380789,116770.63,1.0,0.0,0.0
2025-09-19 09:13:58.256412+03:00,116770.63,116770.63,116772.14958576913,1.5195857691287529,2025-09-19 09:14:03.256412+03:00,0.0013013424429830969,116770.63,1.0,0.0,0.0
2025-09-19 09:14:03.267767+03:00,116770.62,116770.62,116772.04118576915,1.4211857691552723,2025-09-19 09:14:08.267767+03:00,0.0012170747822999248,116770.62,1.0,0.0,0.0
2025-09-19 09:14:08.270178+03:00,116770.62,116770.62,116772.21726576916,1.5772657691559289,2025-09-19 09:14:13.270178+03:00,0.001367866137184168,116770.64,1.0,1.0,1.0
2025-09-19 09:14:13.282972+03:00,116770.63,116770.63,116772.32570576915,1.6757057691575028,2025-09-19 09:14:18.282972+03:00,0.001452168040154468,116770.65,1.0,1.0,1.0
2025-09-19 09:14:18.290083+03:00,116770.64,116770.64,116772.33362576917,1.6836257691757055,2025-09-19 09:14:23.290083+03:00,0.0014503866461385044,116770.65,1.0,1.0,1.0
2025-09-19 09:14:23.296521+03:00,116770.65,116770.65,116774.84170576921,4.201705769213731,2025-09-19 09:14:28.296521+03:00,0.0035896912188285073,116770.64,1.0,-1.0,0.0
2025-09-19 09:14:28.310365+03:00,116770.64,116770.64,116773.12687076919,2.4868707691930467,2025-09-19 09:14:33.310365+03:00,0.002129705522889184,116770.64,1.0,0.0,0.0
2025-09-19 09:14:33.325035+03:00,116770.64,116770.64,116772.4997107692,10.57028923080361,2025-09-19 09:14:38.325035+03:00,0.0015926184606027314,116783.07,1.0,1.0,1.0
2025-09-19 09:14:38.647584+03:00,116783.07,116783.07,116774.98705777769,8.072942222308484,2025-09-19 09:14:43.647584+03:00,-0.006921330482507264,116783.06,-1.0,-1.0,1.0
2025-09-19 09:14:43.347041+03:00,116783.07,116783.07,116778.32171172164,4.74828827836609,2025-09-19 09:14:48.347041+03:00,-0.004065904654130166,116783.07,-1.0,0.0,0.0
2025-09-19 09:14:49.522305+03:00,116783.06,116783.06,116782.31753722171,0.7424627782893367,2025-09-19 09:14:54.522305+03:00,-0.0006357623942114008,116783.06,-1.0,0.0,0.0
2025-09-19 09:14:54.580456+03:00,116783.06,116783.06,116782.26176084086,0.8082391591451596,2025-09-19 09:14:59.580456+03:00,-0.0006835230718700525,116783.07,-1.0,1.0,0.0
2025-09-19 09:14:59.535692+03:00,116783.06,116783.06,116782.63950250759,0.43049749241617974,2025-09-19 09:15:04.535692+03:00,-0.00036006719845058566,116783.07,-1.0,1.0,0.0
2025-09-19 09:15:04.549904+03:00,116783.06,116783.06,116782.45984060285,0.610159397154348,2025-09-19 09:15:09.549904+03:00,-0.0005139096347920964,116783.07,-1.0,1.0,0.0
2025-09-19 09:15:09.556324+03:00,116783.07,116783.07,116782.46552060285,0.5944793971430045,2025-09-19 09:15:14.556324+03:00,-0.0005176087571189194,116783.06,-1.0,-1.0,1.0
2025-09-19 09:15:14.575887+03:00,116783.06,116783.06,116782.03290917432,1.0370908256882103,2025-09-19 09:15:19.575887+03:00,-0.0008794861392387708,116783.07,-1.0,1.0,0.0
2025-09-19 09:15:19.591616+03:00,116783.07,116783.07,116781.8405393331,1.2194606668927008,2025-09-19 09:15:24.591616+03:00,-0.001052773032000284,116783.06,-1.0,-1.0,1.0
2025-09-19 09:15:24.628733+03:00,116783.07,116783.07,116779.73820034895,3.331799651059555,2025-09-19 09:15:29.628733+03:00,-0.002852981730193901,116783.07,-1.0,0.0,0.0
2025-09-19 09:15:29.586104+03:00,116783.06,116783.06,116780.84407710009,11.83592289990338,2025-09-19 09:15:34.586104+03:00,-0.0018974694616736682,116792.68,-1.0,1.0,0.0
2025-09-19 09:15:34.621319+03:00,116783.06,116783.06,116779.4584917775,27.86150822250056,2025-09-19 09:15:39.621319+03:00,-0.003083930342715157,116807.32,-1.0,1.0,0.0
2025-09-19 09:15:39.634386+03:00,116807.32,116807.32,116792.6735266419,14.636473358099465,2025-09-19 09:15:44.634386+03:00,-0.012539002999220235,116807.31,-1.0,-1.0,1.0
2025-09-19 09:15:44.641402+03:00,116807.33,116807.33,116802.38999492068,4.930005079324474,2025-09-19 09:15:49.641402+03:00,-0.004229190992824881,116807.32,-1.0,-1.0,1.0
2025-09-19 09:15:51.047347+03:00,116807.32,116807.32,116808.19777166966,0.8877716696588323,2025-09-19 09:15:56.047347+03:00,0.0007514697449179718,116807.31,1.0,-1.0,0.0
2025-09-19 09:15:56.138094+03:00,116807.31,116807.31,116808.98624731878,21.63624731877644,2025-09-19 09:16:01.138094+03:00,0.0014350534386799849,116787.35,1.0,-1.0,0.0
2025-09-19 09:16:01.066018+03:00,116787.34,116787.34,116796.21597745112,23.935977451124927,2025-09-19 09:16:06.066018+03:00,0.007600119543032024,116772.28,1.0,-1.0,0.0
2025-09-19 09:16:06.073196+03:00,116772.29,116772.29,116789.25331383946,16.963313839471084,2025-09-19 09:16:11.073196+03:00,0.014526831527814593,116772.29,1.0,0.0,0.0
2025-09-19 09:16:11.146591+03:00,116772.28,116772.28,116782.6871050909,1.2728949091106188,2025-09-19 09:16:16.146591+03:00,0.008912307861846106,116783.96,1.0,1.0,1.0
2025-09-19 09:16:16.096434+03:00,116772.29,116772.29,116775.37299200002,8.597007999982452,2025-09-19 09:16:21.096434+03:00,0.0026401743084982876,116783.97,1.0,1.0,1.0
2025-09-19 09:16:21.079684+03:00,116783.96,116783.96,116781.44367798051,51.15632201949484,2025-09-19 09:16:26.079684+03:00,-0.0021546811903753044,116832.6,-1.0,1.0,0.0
2025-09-19 09:16:26.105538+03:00,116829.72,116829.72,116801.07096761906,21.26903238093655,2025-09-19 09:16:31.105538+03:00,-0.024522041464227776,116822.34,-1.0,-1.0,1.0
2025-09-19 09:16:31.094486+03:00,116822.34,116822.34,116810.94489370161,11.405106298392639,2025-09-19 09:16:36.094486+03:00,-0.009754218498262683,116822.35,-1.0,1.0,0.0
2025-09-19 09:16:36.093692+03:00,116822.34,116822.34,116818.17688857154,4.173111428463017,2025-09-19 09:16:41.093692+03:00,-0.003563626125323036,116822.35,-1.0,1.0,0.0
2025-09-19 09:16:41.101322+03:00,116822.35,116822.35,116822.67819795923,0.32819795922841877,2025-09-19 09:16:46.101322+03:00,0.0002809376452608758,116822.35,1.0,0.0,0.0
2025-09-19 09:16:46.113142+03:00,116822.34,116822.34,116823.11031999998,0.7703199999814387,2025-09-19 09:16:51.113142+03:00,0.000659394427454063,116822.34,1.0,0.0,0.0
2025-09-19 09:16:52.687646+03:00,116822.35,116822.35,116822.6059600002,0.2559600001986837,2025-09-19 09:16:57.687646+03:00,0.0002191019100357797,116822.35,1.0,0.0,0.0
2025-09-19 09:16:57.667214+03:00,116822.35,116822.35,116822.04336000023,0.296639999767649,2025-09-19 09:17:02.667214+03:00,-0.0002624840193481489,116822.34,-1.0,-1.0,1.0
2025-09-19 09:17:02.685833+03:00,116822.35,116822.35,116822.50020000011,0.16020000011485536,2025-09-19 09:17:07.685833+03:00,0.00012857128803310508,116822.34,1.0,-1.0,0.0
2025-09-19 09:17:07.673253+03:00,116822.35,116822.35,116822.37320000013,12.79679999986547,2025-09-19 09:17:12.673253+03:00,1.9859213692382106e-05,116835.17,1.0,1.0,1.0
2025-09-19 09:17:12.675886+03:00,116835.18,116835.18,116829.88095999997,13.749040000038804,2025-09-19 09:17:17.675886+03:00,-0.0045354832337547325,116843.63,-1.0,1.0,0.0
2025-09-19 09:17:17.679600+03:00,116843.63,116843.63,116841.71072000003,1.9192799999727868,2025-09-19 09:17:22.679600+03:00,-0.0016426055917406763,116843.63,-1.0,0.0,0.0
2025-09-19 09:17:22.718129+03:00,116843.63,116843.63,116847.38516000014,3.755160000131582,2025-09-19 09:17:27.718129+03:00,0.0032138337367056996,116843.63,1.0,0.0,0.0
2025-09-19 09:17:27.710376+03:00,116843.63,116843.63,116847.66428529892,4.034285298912437,2025-09-19 09:17:32.710376+03:00,0.003452721640805268,116843.63,1.0,0.0,0.0
2025-09-19 09:17:32.722044+03:00,116843.63,116843.63,116846.93353257165,3.3035325716482475,2025-09-19 09:17:37.722044+03:00,0.0028273108013233137,116843.63,1.0,0.0,0.0
2025-09-19 09:17:37.736029+03:00,116843.62,116843.62,116846.76329418767,3.143294187670108,2025-09-19 09:17:42.736029+03:00,0.0026901718619040628,116843.62,1.0,0.0,0.0
2025-09-19 09:17:42.737034+03:00,116843.63,116843.63,116846.82080529882,3.1908052988146665,2025-09-19 09:17:47.737034+03:00,0.0027308337637359146,116843.63,1.0,0.0,0.0
2025-09-19 09:17:47.736989+03:00,116843.62,116843.62,116845.92809757155,2.308097571556573,2025-09-19 09:17:52.736989+03:00,0.0019753732138362134,116843.62,1.0,0.0,0.0
2025-09-19 09:17:54.104563+03:00,116843.63,116843.63,116843.31171333321,0.3082866667828057,2025-09-19 09:17:59.104563+03:00,-0.0002724039528659961,116843.62,-1.0,-1.0,1.0
2025-09-19 09:17:59.100856+03:00,116843.62,116843.62,116844.77071333333,1.1507133333361708,2025-09-19 09:18:04.100856+03:00,0.0009848319774209073,116843.62,1.0,0.0,0.0
2025-09-19 09:18:04.188405+03:00,116843.63,116843.63,116842.9570733332,0.6629266668023774,2025-09-19 09:18:09.188405+03:00,-0.000575920712846469,116843.62,-1.0,-1.0,1.0
2025-09-19 09:18:09.111681+03:00,116843.63,116843.63,116843.04809666653,0.5819033334701089,2025-09-19 09:18:14.111681+03:00,-0.0004980188765704291,116843.63,-1.0,0.0,0.0
2025-09-19 09:18:14.111372+03:00,116843.62,116843.62,116842.7071033332,0.9128966667922214,2025-09-19 09:18:19.111372+03:00,-0.0007812978293485099,116843.62,-1.0,0.0,0.0
2025-09-19 09:18:19.113921+03:00,116843.62,116843.62,116842.95129666655,0.6787033334549051,2025-09-19 09:18:24.113921+03:00,-0.0005723062444022121,116843.63,-1.0,1.0,0.0
2025-09-19 09:18:24.128226+03:00,116843.62,116843.62,116844.93919,1.3091899999999441,2025-09-19 09:18:29.128226+03:00,0.001129021849895833,116843.63,1.0,1.0,1.0
2025-09-19 09:18:29.118478+03:00,116843.63,116843.63,116842.94643333321,0.673566666780971,2025-09-19 09:18:34.118478+03:00,-0.00058502690030281,116843.62,-1.0,-1.0,1.0
2025-09-19 09:18:34.138204+03:00,116843.62,116843.62,116842.94675333324,0.6832466667692643,2025-09-19 09:18:39.138204+03:00,-0.0005761946324154893,116843.63,-1.0,1.0,0.0
2025-09-19 09:18:39.135634+03:00,116843.62,116843.62,116844.63619333331,1.0061933333054185,2025-09-19 09:18:44.135634+03:00,0.0008697037401911476,116843.63,1.0,1.0,1.0
2025-09-19 09:18:44.150368+03:00,116843.62,116843.62,116843.84075333338,11.499246666615363,2025-09-19 09:18:49.150368+03:00,0.00018893058378865785,116855.34,1.0,1.0,1.0
2025-09-19 09:18:49.170956+03:00,116855.33,116855.33,116854.38163749992,3.888362500088988,2025-09-19 09:18:54.170956+03:00,-0.0008115697419079298,116858.27,-1.0,1.0,0.0
2025-09-19 09:18:55.869276+03:00,116858.28,116858.28,116857.73409703987,0.5459029601333896,2025-09-19 09:19:00.869276+03:00,-0.00046714957650702163,116858.28,-1.0,0.0,0.0
2025-09-19 09:19:00.807757+03:00,116858.27,116858.27,116859.68803087302,3.9819691269804025,2025-09-19 09:19:05.807757+03:00,0.0012134621477913174,116863.67,1.0,1.0,1.0
2025-09-19 09:19:05.807110+03:00,116863.68,116863.68,116862.77807333316,0.9019266668328783,2025-09-19 09:19:10.807110+03:00,-0.0007717767118345737,116863.68,-1.0,0.0,0.0
2025-09-19 09:19:10.794260+03:00,116863.68,116863.68,116865.98496036352,10.614960363527643,2025-09-19 09:19:15.794260+03:00,0.0019723496329483825,116855.37,1.0,-1.0,0.0
2025-09-19 09:19:15.813902+03:00,116855.36,116855.36,116857.63695775782,2.276957757814671,2025-09-19 09:19:20.813902+03:00,0.001948526586897401,116855.36,1.0,0.0,0.0
2025-09-19 09:19:20.826673+03:00,116855.37,116855.37,116858.1960881606,2.826088160611107,2025-09-19 09:19:25.826673+03:00,0.0024184495420373985,116855.37,1.0,0.0,0.0
2025-09-19 09:19:25.845447+03:00,116855.37,116855.37,116856.06247988214,0.7024798821366858,2025-09-19 09:19:30.845447+03:00,0.000592595686567014,116855.36,1.0,-1.0,0.0
2025-09-19 09:19:30.834781+03:00,116855.36,116855.36,116855.8506538536,0.4806538536067819,2025-09-19 09:19:35.834781+03:00,0.0004198813418584678,116855.37,1.0,1.0,1.0
2025-09-19 09:19:35.846735+03:00,116855.37,116855.37,116855.3873583114,0.027358311403077096,2025-09-19 09:19:40.846735+03:00,1.4854526076393223e-05,116855.36,1.0,-1.0,0.0
2025-09-19 09:19:40.842345+03:00,116855.36,116855.36,116855.36364085387,0.003640853872639127,2025-09-19 09:19:45.842345+03:00,3.1156926585473933e-06,116855.36,1.0,0.0,0.0
2025-09-19 09:19:45.860175+03:00,116855.36,116855.36,116855.25441085384,0.11558914615307003,2025-09-19 09:19:50.860175+03:00,-9.035883861750862e-05,116855.37,-1.0,1.0,0.0
2025-09-19 09:19:50.853567+03:00,116855.36,116855.36,116855.37360381297,0.00360381297650747,2025-09-19 09:19:55.853567+03:00,1.1641582355545162e-05,116855.37,1.0,1.0,1.0
2025-09-19 09:19:57.306081+03:00,116855.36,116855.36,116855.27860570389,0.08139429611037485,2025-09-19 09:20:02.306081+03:00,-6.965388332240374e-05,116855.36,-1.0,0.0,0.0
2025-09-19 09:20:02.316158+03:00,116855.37,116855.37,116855.2138697039,0.1461302960960893,2025-09-19 09:20:07.316158+03:00,-0.00013360985985569224,116855.36,-1.0,-1.0,1.0
2025-09-19 09:20:07.367433+03:00,116855.37,116855.37,116855.25104570395,0.11895429604919627,2025-09-19 09:20:12.367433+03:00,-0.000101796174235892,116855.37,-1.0,0.0,0.0
2025-09-19 09:20:12.380457+03:00,116855.37,116855.37,116856.36062146151,0.9906214615184581,2025-09-19 09:20:17.380457+03:00,0.0008477329381768745,116855.37,1.0,0.0,0.0
2025-09-19 09:20:17.440369+03:00,116855.37,116855.37,116857.1053857473,1.7353857473062817,2025-09-19 09:20:22.440369+03:00,0.0014850714582532937,116855.37,1.0,0.0,0.0
2025-09-19 09:20:22.380787+03:00,116855.37,116855.37,116857.20644974738,1.8464497473760275,2025-09-19 09:20:27.380787+03:00,0.0015715578559900723,116855.36,1.0,-1.0,0.0
2025-09-19 09:20:27.433743+03:00,116855.36,116855.36,116855.37436293636,0.014362936359248124,2025-09-19 09:20:32.433743+03:00,1.2291208857897595e-05,116855.36,1.0,0.0,0.0
2025-09-19 09:20:32.393377+03:00,116855.36,116855.36,116855.31465893626,0.0453410637419438,2025-09-19 09:20:37.393377+03:00,-3.880101327140133e-05,116855.36,-1.0,0.0,0.0
2025-09-19 09:20:37.408162+03:00,116855.36,116855.36,116855.50075348179,0.1407534817844862,2025-09-19 09:20:42.408162+03:00,0.00012045102747917272,116855.36,1.0,0.0,0.0
2025-09-19 09:20:42.457821+03:00,116855.36,116855.36,116851.76439441272,10.644394412724068,2025-09-19 09:20:47.457821+03:00,-0.0030769710411924366,116841.12,-1.0,-1.0,1.0
2025-09-19 09:20:47.465504+03:00,116855.36,116855.36,116855.49471484536,18.484714845370036,2025-09-19 09:20:52.465504+03:00,0.00011528341135932048,116837.01,1.0,-1.0,0.0
2025-09-19 09:20:52.482462+03:00,116837.01,116837.01,116839.25295944429,2.2329594442853704,2025-09-19 09:20:57.482462+03:00,0.0019197336908011284,116837.02,1.0,1.0,1.0
2025-09-19 09:20:59.018579+03:00,116837.02,116837.02,116836.84262190464,0.17737809536629356,2025-09-19 09:21:04.018579+03:00,-0.00015181668906506993,116837.02,-1.0,0.0,0.0
2025-09-19 09:21:03.999735+03:00,116837.02,116837.02,116836.04475123808,0.9652487619168824,2025-09-19 09:21:08.999735+03:00,-0.0008347086924385742,116837.01,-1.0,-1.0,1.0
2025-09-19 09:21:09.001478+03:00,116837.01,116837.01,116836.08772266663,11.087722666634363,2025-09-19 09:21:14.001478+03:00,-0.0007893708794502685,116825.0,-1.0,-1.0,1.0
2025-09-19 09:21:14.002669+03:00,116837.02,116837.02,116835.81188666662,12.841886666617938,2025-09-19 09:21:19.002669+03:00,-0.0010340158738942262,116822.97,-1.0,-1.0,1.0
2025-09-19 09:21:18.994609+03:00,116822.97,116822.97,116823.52768711127,5.127687111278647,2025-09-19 09:21:23.994609+03:00,0.0004773779602347567,116818.4,1.0,-1.0,0.0
2025-09-19 09:21:23.993749+03:00,116822.97,116822.97,116824.61331822227,13.343318222265225,2025-09-19 09:21:28.993749+03:00,0.0014066738949267729,116811.27,1.0,-1.0,0.0
2025-09-19 09:21:29.006367+03:00,116811.27,116811.27,116809.45905333325,1.8109466667519882,2025-09-19 09:21:34.006367+03:00,-0.0015503184468005427,116811.27,-1.0,0.0,0.0
2025-09-19 09:21:34.025909+03:00,116811.27,116811.27,116806.5602199999,1.1002199998911237,2025-09-19 09:21:39.025909+03:00,-0.004031956848090555,116805.46,-1.0,-1.0,1.0
2025-09-19 09:21:39.043295+03:00,116805.45,116805.45,116802.68715999981,2.7728400001942646,2025-09-19 09:21:44.043295+03:00,-0.0023653348368461845,116805.46,-1.0,1.0,0.0
2025-09-19 09:21:44.038038+03:00,116805.46,116805.46,116800.73247999976,4.72752000024775,2025-09-19 09:21:49.038038+03:00,-0.004047345047267268,116805.46,-1.0,0.0,0.0
2025-09-19 09:21:49.066460+03:00,116805.46,116805.46,116800.07515999975,5.3748400002514245,2025-09-19 09:21:54.066460+03:00,-0.0046100927133549555,116805.45,-1.0,-1.0,1.0
2025-09-19 09:21:54.077143+03:00,116805.46,116805.46,116800.11247999966,5.347520000344957,2025-09-19 09:21:59.077143+03:00,-0.0045781421522118546,116805.46,-1.0,0.0,0.0
2025-09-19 09:22:00.817829+03:00,116805.45,116805.45,116803.13147333292,2.3185266670770943,2025-09-19 09:22:05.817829+03:00,-0.001984947335143261,116805.45,-1.0,0.0,0.0
2025-09-19 09:22:05.835988+03:00,116805.45,116805.45,116802.93463333296,2.515366667037597,2025-09-19 09:22:10.835988+03:00,-0.0021534668690866713,116805.45,-1.0,0.0,0.0
2025-09-19 09:22:10.835148+03:00,116805.46,116805.46,116802.43707333301,3.012926666982821,2025-09-19 09:22:15.835148+03:00,-0.0025880011662058728,116805.45,-1.0,-1.0,1.0
2025-09-19 09:22:15.867912+03:00,116805.46,116805.46,116802.24504777757,3.214952222435386,2025-09-19 09:22:20.867912+03:00,-0.0027523989224779266,116805.46,-1.0,0.0,0.0
2025-09-19 09:22:20.858689+03:00,116805.45,116805.45,116802.28469444436,14.354694444366032,2025-09-19 09:22:25.858689+03:00,-0.002709895433507634,116787.93,-1.0,-1.0,1.0
2025-09-19 09:22:25.861479+03:00,116787.92,116787.92,116792.75032175967,4.850321759673534,2025-09-19 09:22:30.861479+03:00,0.004135977213798704,116787.9,1.0,-1.0,0.0
2025-09-19 09:22:30.872739+03:00,116787.93,116787.93,116790.02817791239,2.118177912387182,2025-09-19 09:22:35.872739+03:00,0.001796570854880003,116787.91,1.0,-1.0,0.0
2025-09-19 09:22:35.887505+03:00,116787.9,116787.9,116789.82148441076,1.9214844107627869,2025-09-19 09:22:40.887505+03:00,0.0016452769599956734,116787.9,1.0,0.0,0.0
2025-09-19 09:22:40.888990+03:00,116787.91,116787.91,116789.53070065078,1.6207006507756887,2025-09-19 09:22:45.888990+03:00,0.0013877298179029735,116787.91,1.0,0.0,0.0
2025-09-19 09:22:45.975489+03:00,116787.9,116787.9,116790.24692843447,19.626928434474394,2025-09-19 09:22:50.975489+03:00,0.0020095647190124647,116770.62,1.0,-1.0,0.0
2025-09-19 09:22:50.918086+03:00,116770.63,116770.63,116788.30429333329,22.724293333289097,2025-09-19 09:22:55.918086+03:00,0.015135906463197284,116765.58,1.0,-1.0,0.0
2025-09-19 09:22:55.934431+03:00,116770.62,116770.62,116781.660407,16.09040699999605,2025-09-19 09:23:00.934431+03:00,0.009454781519536071,116765.57,1.0,-1.0,0.0
2025-09-19 09:23:02.655305+03:00,116765.57,116765.57,116773.49070700002,16.570707000020775,2025-09-19 09:23:07.655305+03:00,0.00678342682694226,116756.92,1.0,-1.0,0.0
2025-09-19 09:23:07.660195+03:00,116756.92,116756.92,116771.6426681111,14.722668111106032,2025-09-19 09:23:12.660195+03:00,0.012609674964966558,116756.92,1.0,0.0,0.0
2025-09-19 09:23:12.671748+03:00,116756.92,116756.92,116773.66082811117,16.74082811117114,2025-09-19 09:23:17.671748+03:00,0.014338189214969991,116756.92,1.0,0.0,0.0
2025-09-19 09:23:17.660056+03:00,116756.92,116756.92,116774.2497481112,17.31974811120017,2025-09-19 09:23:22.660056+03:00,0.014842587583840798,116756.93,1.0,1.0,1.0
2025-09-19 09:23:22.654050+03:00,116756.93,116756.93,116774.07470811118,17.144708111183718,2025-09-19 09:23:27.654050+03:00,0.01468410321441624,116756.93,1.0,0.0,0.0
2025-09-19 09:23:27.661260+03:00,116756.92,116756.92,116773.28954811112,16.35954811112606,2025-09-19 09:23:32.661260+03:00,0.014020195215085171,116756.93,1.0,1.0,1.0
2025-09-19 09:23:32.703336+03:00,116756.93,116756.93,116773.21242811116,16.282428111167974,2025-09-19 09:23:37.703336+03:00,0.013945577458372686,116756.93,1.0,0.0,0.0
2025-09-19 09:23:37.719821+03:00,116756.93,116756.93,116774.97512144456,18.045121444563847,2025-09-19 09:23:42.719821+03:00,0.015455289415852103,116756.93,1.0,0.0,0.0
2025-09-19 09:23:42.685022+03:00,116756.93,116756.93,116774.75832944455,17.828329444557312,2025-09-19 09:23:47.685022+03:00,0.015269611358021585,116756.93,1.0,0.0,0.0
2025-09-19 09:23:47.708022+03:00,116756.93,116756.93,116773.17848500014,6.0015149998507695,2025-09-19 09:23:52.708022+03:00,0.013916505855497599,116779.18,1.0,1.0,1.0
2025-09-19 09:23:52.706045+03:00,116779.17,116779.17,116778.59969333335,0.5803066666412633,2025-09-19 09:23:57.706045+03:00,-0.0004883633499420333,116779.18,-1.0,1.0,0.0
2025-09-19 09:23:57.707725+03:00,116779.18,116779.18,116779.69534019055,12.25465980944864,2025-09-19 09:24:02.707725+03:00,0.0004412945788413951,116791.95,1.0,1.0,1.0
2025-09-19 09:24:04.293533+03:00,116779.18,116779.18,116779.68566229551,12.264337704487843,2025-09-19 09:24:09.293533+03:00,0.00043300723255312385,116791.95,1.0,1.0,1.0
2025-09-19 09:24:09.304292+03:00,116791.95,116791.95,116792.5390671904,0.5890671904053306,2025-09-19 09:24:14.304292+03:00,0.0005043731099663381,116791.95,1.0,0.0,0.0
2025-09-19 09:24:14.345800+03:00,116791.95,116791.95,116791.91009094956,0.029909050441347063,2025-09-19 09:24:19.345800+03:00,-3.417106267692968e-05,116791.94,-1.0,-1.0,1.0
2025-09-19 09:24:19.368388+03:00,116791.94,116791.94,116790.5786456855,1.361354314503842,2025-09-19 09:24:24.368388+03:00,-0.0011656235134923198,116791.94,-1.0,0.0,0.0
2025-09-19 09:24:24.452228+03:00,116791.95,116791.95,116790.03641016845,1.9135898315435043,2025-09-19 09:24:29.452228+03:00,-0.0016384603832229055,116791.95,-1.0,0.0,0.0
2025-09-19 09:24:29.447414+03:00,116791.95,116791.95,116788.85297970097,3.087020299033611,2025-09-19 09:24:34.447414+03:00,-0.0026517412364708117,116791.94,-1.0,-1.0,1.0
2025-09-19 09:24:34.464102+03:00,116791.94,116791.94,116787.27618736766,4.673812632332556,2025-09-19 09:24:39.464102+03:00,-0.003993265830105909,116791.95,-1.0,1.0,0.0
2025-09-19 09:24:39.555874+03:00,116791.95,116791.95,116786.95983574195,16.960164258052828,2025-09-19 09:24:44.555874+03:00,-0.004272695385299812,116803.92,-1.0,1.0,0.0
2025-09-19 09:24:44.450966+03:00,116803.92,116803.92,116798.09949972885,5.820500271147466,2025-09-19 09:24:49.450966+03:00,-0.004983137784371848,116803.92,-1.0,0.0,0.0
2025-09-19 09:24:49.531123+03:00,116803.91,116803.91,116802.17957433472,14.310425665287767,2025-09-19 09:24:54.531123+03:00,-0.0014814792289795952,116816.49,-1.0,1.0,0.0
2025-09-19 09:24:54.457275+03:00,116816.49,116816.49,116810.4488656738,6.041134326209431,2025-09-19 09:24:59.457275+03:00,-0.0051714739299301244,116816.49,-1.0,0.0,0.0
2025-09-19 09:24:59.628914+03:00,116816.49,116816.49,116812.65379533329,3.8462046667118557,2025-09-19 09:25:04.628914+03:00,-0.0032839581695333375,116816.5,-1.0,1.0,0.0
2025-09-19 09:25:05.917540+03:00,116816.5,116816.5,116815.80907999989,23.26907999989635,2025-09-19 09:25:10.917540+03:00,-0.0005914575424790628,116792.54,-1.0,-1.0,1.0
2025-09-19 09:25:10.911813+03:00,116816.49,116816.49,116816.10405999987,25.984059999871533,2025-09-19 09:25:15.911813+03:00,-0.00033038143856091033,116790.12,-1.0,-1.0,1.0
2025-09-19 09:25:15.932441+03:00,116790.12,116790.12,116798.08822666657,7.968226666576811,2025-09-19 09:25:20.932441+03:00,0.006822688996789122,116790.12,1.0,0.0,0.0
2025-09-19 09:25:20.939577+03:00,116790.12,116790.12,116793.13731860631,3.0273186063132016,2025-09-19 09:25:25.939577+03:00,0.0025835392636966554,116790.11,1.0,-1.0,0.0
2025-09-19 09:25:25.952231+03:00,116790.11,116790.11,116791.07339752525,9.143397525258479,2025-09-19 09:25:30.952231+03:00,0.0008248964961595736,116781.93,1.0,-1.0,0.0
2025-09-19 09:25:30.960550+03:00,116781.93,116781.93,116787.06478222326,5.144782223258517,2025-09-19 09:25:35.960550+03:00,0.0043968978961588965,116781.92,1.0,-1.0,0.0
2025-09-19 09:25:35.968435+03:00,116781.92,116781.92,116785.53981635447,3.6198163544759154,2025-09-19 09:25:40.968435+03:00,0.003099637644659306,116781.92,1.0,0.0,0.0
2025-09-19 09:25:40.957097+03:00,116781.92,116781.92,116782.8472595328,0.9272595328075113,2025-09-19 09:25:45.957097+03:00,0.0007940094946268321,116781.92,1.0,0.0,0.0
2025-09-19 09:25:45.964075+03:00,116781.92,116781.92,116781.33163238401,0.5983676159812603,2025-09-19 09:25:50.964075+03:00,-0.0005038173854193346,116781.93,-1.0,1.0,0.0
2025-09-19 09:25:50.968047+03:00,116781.93,116781.93,116781.42803238392,0.5019676160736708,2025-09-19 09:25:55.968047+03:00,-0.00042983329362142824,116781.93,-1.0,0.0,0.0
2025-09-19 09:25:55.973621+03:00,116781.93,116781.93,116780.70440937966,0.7044093796575908,2025-09-19 09:26:00.973621+03:00,-0.0010494694002192158,116780.0,-1.0,-1.0,1.0
2025-09-19 09:26:00.993084+03:00,116781.93,116781.93,116780.6868189655,9.396818965513376,2025-09-19 09:26:05.993084+03:00,-0.0010645320166279512,116771.29,-1.0,-1.0,1.0
2025-09-19 09:26:07.821236+03:00,116771.3,116771.3,116774.14323448503,7.203234485030407,2025-09-19 09:26:12.821236+03:00,0.0024348743955319714,116766.94,1.0,-1.0,0.0
2025-09-19 09:26:12.822008+03:00,116771.29,116771.29,116773.04521266672,6.1052126667200355,2025-09-19 09:26:17.822008+03:00,0.0015031200449432105,116766.94,1.0,-1.0,0.0
2025-09-19 09:26:17.835408+03:00,116766.95,116766.95,116767.60783666684,6.537836666830117,2025-09-19 09:26:22.835408+03:00,0.0005633757384602511,116761.07,1.0,-1.0,0.0
2025-09-19 09:26:22.842640+03:00,116766.95,116766.95,116763.09479666702,2.0147966670192545,2025-09-19 09:26:27.842640+03:00,-0.0033016220197376817,116761.08,-1.0,-1.0,1.0
2025-09-19 09:26:27.840883+03:00,116761.08,116761.08,116759.43659666712,3.7465966671152273,2025-09-19 09:26:32.840883+03:00,-0.001407492404904263,116755.69,-1.0,-1.0,1.0
2025-09-19 09:26:32.847706+03:00,116761.08,116761.08,116759.39868000036,3.708680000359891,2025-09-19 09:26:37.847706+03:00,-0.0014399661253900074,116755.69,-1.0,-1.0,1.0
2025-09-19 09:26:37.847469+03:00,116755.7,116755.7,116757.73632000016,2.0463200001540827,2025-09-19 09:26:42.847469+03:00,0.0017440861561014334,116755.69,1.0,-1.0,0.0
2025-09-19 09:26:42.855648+03:00,116755.69,116755.69,116757.34991692308,1.659916923075798,2025-09-19 09:26:47.855648+03:00,0.0014217010948895064,116755.69,1.0,0.0,0.0
2025-09-19 09:26:47.865970+03:00,116755.7,116755.7,116757.64807692294,1.9580769229360158,2025-09-19 09:26:52.865970+03:00,0.0016685069105330658,116755.69,1.0,-1.0,0.0
2025-09-19 09:26:52.881908+03:00,116755.7,116755.7,116758.42271692296,2.72271692295908,2025-09-19 09:26:57.881908+03:00,0.0023319777303883924,116755.7,1.0,0.0,0.0
2025-09-19 09:26:57.878568+03:00,116755.69,116755.69,116758.97043692306,3.280436923058005,2025-09-19 09:27:02.878568+03:00,0.002809659146426187,116755.69,1.0,0.0,0.0
2025-09-19 09:27:02.879107+03:00,116755.7,116755.7,116761.90331692307,6.213316923065577,2025-09-19 09:27:07.879107+03:00,0.005313074156611468,116755.69,1.0,-1.0,0.0
2025-09-19 09:27:09.686931+03:00,116755.7,116755.7,116761.41086888878,5.720868888776749,2025-09-19 09:27:14.686931+03:00,0.0048912977171838195,116755.69,1.0,-1.0,0.0
2025-09-19 09:27:14.629976+03:00,116755.69,116755.69,116764.34190222216,8.641902222167118,2025-09-19 09:27:19.629976+03:00,0.0074102617372754,116755.7,1.0,1.0,1.0
2025-09-19 09:27:19.635609+03:00,116755.69,116755.69,116765.50314222217,9.80314222216839,2025-09-19 09:27:24.635609+03:00,0.008404851379973988,116755.7,1.0,1.0,1.0
2025-09-19 09:27:24.652665+03:00,116755.69,116755.69,116765.85650222216,10.16650222215685,2025-09-19 09:27:29.652665+03:00,0.008707500441440457,116755.69,1.0,0.0,0.0
2025-09-19 09:27:29.665967+03:00,116755.7,116755.7,116766.73430222222,11.034302222222323,2025-09-19 09:27:34.665967+03:00,0.009450761052541608,116755.7,1.0,0.0,0.0
2025-09-19 09:27:34.662751+03:00,116755.7,116755.7,116766.3636622222,10.663662222199491,2025-09-19 09:27:39.662751+03:00,0.009133311883016838,116755.7,1.0,0.0,0.0
2025-09-19 09:27:39.661260+03:00,116755.7,116755.7,116768.49568555554,12.795685555538512,2025-09-19 09:27:44.661260+03:00,0.010959366913596948,116755.7,1.0,0.0,0.0
2025-09-19 09:27:44.673629+03:00,116755.7,116755.7,116768.36005222214,2.669947777860216,2025-09-19 09:27:49.673629+03:00,0.010843198423838433,116771.03,1.0,1.0,1.0
2025-09-19 09:27:49.657851+03:00,116765.98,116765.98,116775.25178666657,4.221786666574189,2025-09-19 09:27:54.657851+03:00,0.00794048631851255,116771.03,1.0,1.0,1.0
2025-09-19 09:27:54.665116+03:00,116771.04,116771.04,116775.54075466665,4.500754666660214,2025-09-19 09:27:59.665116+03:00,0.0038543415102410784,116771.04,1.0,0.0,0.0
2025-09-19 09:27:59.676528+03:00,116771.03,116771.03,116777.43253466669,6.392534666694701,2025-09-19 09:28:04.676528+03:00,0.005482982094693746,116771.04,1.0,1.0,1.0
2025-09-19 09:28:04.703389+03:00,116771.04,116771.04,116778.76986609533,7.729866095338366,2025-09-19 09:28:09.703389+03:00,0.0066196773577921085,116771.04,1.0,0.0,0.0
2025-09-19 09:28:11.267347+03:00,116771.04,116771.04,116775.38177571433,4.351775714327232,2025-09-19 09:28:16.267347+03:00,0.0037181956368055567,116771.03,1.0,-1.0,0.0
2025-09-19 09:28:16.201434+03:00,116771.03,116771.03,116777.03942038106,5.999420381063828,2025-09-19 09:28:21.201434+03:00,0.0051463281441112485,116771.04,1.0,1.0,1.0
2025-09-19 09:28:21.209635+03:00,116771.04,116771.04,116777.18018038107,6.150180381067912,2025-09-19 09:28:26.209635+03:00,0.005258307523058073,116771.03,1.0,-1.0,0.0
2025-09-19 09:28:26.299733+03:00,116771.03,116771.03,116776.41774571443,5.3877457144262735,2025-09-19 09:28:31.299733+03:00,0.0046139403878053264,116771.03,1.0,0.0,0.0
2025-09-19 09:28:31.234414+03:00,116771.03,116771.03,116776.19687371443,13.063126285560429,2025-09-19 09:28:36.234414+03:00,0.004424790733142884,116789.26,1.0,1.0,1.0
2025-09-19 09:28:36.234144+03:00,116789.26,116789.26,116791.22495762263,1.1950423773669172,2025-09-19 09:28:41.234144+03:00,0.0016824814393348972,116792.42,1.0,1.0,1.0
2025-09-19 09:28:41.240415+03:00,116792.42,116792.42,116792.83982531149,12.740174688515253,2025-09-19 09:28:46.240415+03:00,0.00035946280716525874,116805.58,1.0,1.0,1.0
2025-09-19 09:28:46.258065+03:00,116805.59,116805.59,116804.72533333344,4.354666666564299,2025-09-19 09:28:51.258065+03:00,-0.0007402613749556508,116809.08,-1.0,1.0,0.0
2025-09-19 09:28:51.264090+03:00,116809.08,116809.08,116807.29760000002,1.7823999999818625,2025-09-19 09:28:56.264090+03:00,-0.0015259087735147493,116809.08,-1.0,0.0,0.0
2025-09-19 09:28:56.268900+03:00,116809.09,116809.09,116806.82639999999,2.2536000000109198,2025-09-19 09:29:01.268900+03:00,-0.0019378628837924182,116809.08,-1.0,-1.0,1.0
2025-09-19 09:29:01.275779+03:00,116809.09,116809.09,116807.34027999995,0.9002799999434501,2025-09-19 09:29:06.275779+03:00,-0.0014979313682271895,116806.44,-1.0,-1.0,1.0
2025-09-19 09:29:06.282865+03:00,116806.44,116806.44,116807.21079999986,0.7707999998528976,2025-09-19 09:29:11.282865+03:00,0.0006598951220950638,116806.44,1.0,0.0,0.0
2025-09-19 09:29:12.953109+03:00,116806.43,116806.43,116800.74724000007,5.4272400000627385,2025-09-19 09:29:17.953109+03:00,-0.004865108881354641,116795.32,-1.0,-1.0,1.0
2025-09-19 09:29:17.968422+03:00,116795.33,116795.33,116790.81936098893,4.500639011079329,2025-09-19 09:29:22.968422+03:00,-0.00386200288237046,116795.32,-1.0,-1.0,1.0
2025-09-19 09:29:22.969909+03:00,116795.32,116795.32,116791.41916472922,0.8308352707826998,2025-09-19 09:29:27.969909+03:00,-0.003339890049352735,116792.25,-1.0,-1.0,1.0
2025-09-19 09:29:27.958974+03:00,116795.32,116795.32,116790.23757483147,2.0124251685338095,2025-09-19 09:29:32.958974+03:00,-0.004351565772105248,116792.25,-1.0,-1.0,1.0
2025-09-19 09:29:32.977870+03:00,116792.26,116792.26,116791.04781843768,1.212181562310434,2025-09-19 09:29:37.977870+03:00,-0.001037895458406605,116792.26,-1.0,0.0,0.0
2025-09-19 09:29:37.993986+03:00,116792.25,116792.25,116791.79034942745,0.4696505725441966,2025-09-19 09:29:42.993986+03:00,-0.00039356256305485624,116792.26,-1.0,1.0,0.0
2025-09-19 09:29:43.003520+03:00,116792.26,116792.26,116792.03812558037,0.22187441962887533,2025-09-19 09:29:48.003520+03:00,-0.00018997356471128768,116792.26,-1.0,0.0,0.0
2025-09-19 09:29:47.996116+03:00,116792.25,116792.25,116792.55750163023,0.3075016302318545,2025-09-19 09:29:52.996116+03:00,0.0002632894136655938,116792.25,1.0,0.0,0.0
2025-09-19 09:29:52.997325+03:00,116792.25,116792.25,116792.36523671406,0.11523671406030189,2025-09-19 09:29:57.997325+03:00,9.866811715700477e-05,116792.25,1.0,0.0,0.0
2025-09-19 09:29:57.987335+03:00,116792.25,116792.25,116792.71031746648,8.339682533522137,2025-09-19 09:30:02.987335+03:00,0.0003941335717744747,116801.05,1.0,1.0,1.0
2025-09-19 09:30:02.989539+03:00,116801.06,116801.06,116800.54523715258,2.2252371525682975,2025-09-19 09:30:07.989539+03:00,-0.00044071761628052805,116798.32,-1.0,-1.0,1.0
2025-09-19 09:30:08.007007+03:00,116798.32,116798.32,116801.83759552393,9.587595523931668,2025-09-19 09:30:13.007007+03:00,0.003011683322092889,116792.25,1.0,-1.0,0.0
2025-09-19 09:30:14.757185+03:00,116795.34,116795.34,116794.89654122455,2.646541224545217,2025-09-19 09:30:19.757185+03:00,-0.000379688757660443,116792.25,-1.0,-1.0,1.0
2025-09-19 09:30:19.779944+03:00,116792.26,116792.26,116792.97234800005,0.7323480000486597,2025-09-19 09:30:24.779944+03:00,0.0006099274044865107,116792.24,1.0,-1.0,0.0
2025-09-19 09:30:24.872405+03:00,116792.25,116792.25,116793.31583690428,9.05583690428466,2025-09-19 09:30:29.872405+03:00,0.0009125921491189886,116784.26,1.0,-1.0,0.0
2025-09-19 09:30:29.789693+03:00,116784.25,116784.25,116790.30969727828,6.05969727828051,2025-09-19 09:30:34.789693+03:00,0.0051887966727367,116784.25,1.0,0.0,0.0
2025-09-19 09:30:34.788701+03:00,116784.26,116784.26,116787.71242617466,3.4524261746701086,2025-09-19 09:30:39.788701+03:00,0.002956242711706277,116784.26,1.0,0.0,0.0
2025-09-19 09:30:39.823360+03:00,116784.26,116784.26,116789.25060521414,4.9906052141450346,2025-09-19 09:30:44.823360+03:00,0.004273354315166303,116784.26,1.0,0.0,0.0
2025-09-19 09:30:44.827249+03:00,116784.26,116784.26,116789.7368760001,5.476876000102493,2025-09-19 09:30:49.827249+03:00,0.004689738154869923,116784.26,1.0,0.0,0.0
2025-09-19 09:30:49.841103+03:00,116784.25,116784.25,116790.856874,6.596874000009848,2025-09-19 09:30:54.841103+03:00,0.005657333073599059,116784.26,1.0,1.0,1.0
2025-09-19 09:30:54.840417+03:00,116784.25,116784.25,116790.35455799995,6.094557999953395,2025-09-19 09:30:59.840417+03:00,0.0052272100047293674,116784.26,1.0,1.0,1.0
2025-09-19 09:30:59.840629+03:00,116784.26,116784.26,116788.61490800002,4.364908000017749,2025-09-19 09:31:04.840629+03:00,0.003729019647016634,116784.25,1.0,-1.0,0.0
2025-09-19 09:31:04.865321+03:00,116784.26,116784.26,116789.52375428574,10.513754285741015,2025-09-19 09:31:09.865321+03:00,0.004507246341023196,116779.01,1.0,-1.0,0.0
2025-09-19 09:31:09.894512+03:00,116779.02,116779.02,116786.1351600001,18.495160000107717,2025-09-19 09:31:14.894512+03:00,0.006092840991560864,116767.64,1.0,-1.0,0.0
2025-09-19 09:31:16.642713+03:00,116773.08,116773.08,116775.32176000011,7.6717600001138635,2025-09-19 09:31:21.642713+03:00,0.0019197575332484992,116767.65,1.0,-1.0,0.0
2025-09-19 09:31:21.632612+03:00,116767.64,116767.64,116763.2394685718,4.4005314281967,2025-09-19 09:31:26.632612+03:00,-0.003768622392468239,116767.64,-1.0,0.0,0.0
2025-09-19 09:31:26.627967+03:00,116767.64,116767.64,116761.46588222252,22.80411777748668,2025-09-19 09:31:31.627967+03:00,-0.005287524675057254,116784.27,-1.0,1.0,0.0
2025-09-19 09:31:31.621047+03:00,116776.07,116776.07,116773.30021504288,19.12978495711286,2025-09-19 09:31:36.621047+03:00,-0.0023718771809385524,116792.43,-1.0,1.0,0.0
2025-09-19 09:31:36.730734+03:00,116792.42,116792.42,116796.61549419738,4.195494197381777,2025-09-19 09:31:41.730734+03:00,0.0035922658314484594,116792.42,1.0,0.0,0.0
2025-09-19 09:31:41.678093+03:00,116792.42,116792.42,116796.06970197329,3.6397019732976332,2025-09-19 09:31:46.678093+03:00,0.0031249476406879787,116792.43,1.0,1.0,1.0
2025-09-19 09:31:46.687126+03:00,116792.42,116792.42,116794.00447109868,1.5844710986857535,2025-09-19 09:31:51.687126+03:00,0.001356655764719794,116792.42,1.0,0.0,0.0
2025-09-19 09:31:51.683784+03:00,116792.43,116792.43,116794.0121001462,1.592100146197481,2025-09-19 09:31:56.683784+03:00,0.0013546255919178322,116792.42,1.0,-1.0,0.0
2025-09-19 09:31:56.699480+03:00,116792.42,116792.42,116793.5458638962,1.1258638962026453,2025-09-19 09:32:01.699480+03:00,0.0009639871287902462,116792.42,1.0,0.0,0.0
2025-09-19 09:32:01.707872+03:00,116792.42,116792.42,116792.88485533332,0.4648553333245218,2025-09-19 09:32:06.707872+03:00,0.00039801841020549266,116792.42,1.0,0.0,0.0
2025-09-19 09:32:06.709639+03:00,116792.43,116792.43,116793.54118904767,1.1111890476749977,2025-09-19 09:32:11.709639+03:00,0.0009514221492565895,116792.43,1.0,0.0,0.0
2025-09-19 09:32:11.741435+03:00,116792.43,116792.43,116794.58400733356,2.1540073335636407,2025-09-19 09:32:16.741435+03:00,0.0018443038932948316,116792.43,1.0,0.0,0.0
2025-09-19 09:32:18.467052+03:00,116792.43,116792.43,116792.99277919691,13.072779196911142,2025-09-19 09:32:23.467052+03:00,0.00048186273452515793,116779.92,1.0,-1.0,0.0
2025-09-19 09:32:23.471673+03:00,116790.05,116790.05,116790.30872252464,10.398722524638288,2025-09-19 09:32:28.471673+03:00,0.00022152788241709787,116779.91,1.0,-1.0,0.0
2025-09-19 09:32:28.476097+03:00,116779.91,116779.91,116783.44539647087,3.5353964708629064,2025-09-19 09:32:33.476097+03:00,0.0030274012635074874,116779.91,1.0,0.0,0.0
2025-09-19 09:32:33.464200+03:00,116779.91,116779.91,116780.75704739515,0.8370473951508757,2025-09-19 09:32:38.464200+03:00,0.000725336571286651,116779.92,1.0,1.0,1.0
2025-09-19 09:32:38.566249+03:00,116779.92,116779.92,116780.55088139519,0.6308813951909542,2025-09-19 09:32:43.566249+03:00,0.0005402310561532789,116779.92,1.0,0.0,0.0
2025-09-19 09:32:43.459873+03:00,116779.92,116779.92,116781.46839313535,1.558393135346705,2025-09-19 09:32:48.459873+03:00,0.001325907001265238,116779.91,1.0,-1.0,0.0
2025-09-19 09:32:48.596126+03:00,116779.91,116779.91,116780.75433783383,0.8343378338322509,2025-09-19 09:32:53.596126+03:00,0.0007230163423032371,116779.92,1.0,1.0,1.0
2025-09-19 09:32:53.474188+03:00,116779.91,116779.91,116780.49667402433,0.5866740243218374,2025-09-19 09:32:58.474188+03:00,0.000502375814745736,116779.91,1.0,0.0,0.0
2025-09-19 09:32:58.605868+03:00,116779.91,116779.91,116782.15903279356,2.2490327935520327,2025-09-19 09:33:03.605868+03:00,0.0019258730320583673,116779.91,1.0,0.0,0.0
2025-09-19 09:33:03.510261+03:00,116779.91,116779.91,116782.29217819039,2.3721781903877854,2025-09-19 09:33:08.510261+03:00,0.0020398869894509655,116779.92,1.0,1.0,1.0
2025-09-19 09:33:08.581596+03:00,116779.91,116779.91,116782.20509819039,2.2950981903850334,2025-09-19 09:33:13.581596+03:00,0.001965319369046468,116779.91,1.0,0.0,0.0
2025-09-19 09:33:13.631630+03:00,116779.92,116779.92,116782.02625719042,6.2262571904138895,2025-09-19 09:33:18.631630+03:00,0.0018036124621583455,116775.8,1.0,-1.0,0.0
2025-09-19 09:33:20.289259+03:00,116779.91,116779.91,116780.16172066696,9.581720666959882,2025-09-19 09:33:25.289259+03:00,0.00021555134522550627,116770.58,1.0,-1.0,0.0
2025-09-19 09:33:25.295628+03:00,116770.59,116770.59,116772.67314242436,2.093142424360849,2025-09-19 09:33:30.295628+03:00,0.0017839615474804808,116770.58,1.0,-1.0,0.0
2025-09-19 09:33:30.426413+03:00,116770.59,116770.59,116770.19871964652,0.39128035347675905,2025-09-19 09:33:35.426413+03:00,-0.00033508467626716546,116770.59,-1.0,0.0,0.0
2025-09-19 09:33:35.357742+03:00,116770.59,116770.59,116770.39590409087,0.1840959091350669,2025-09-19 09:33:40.357742+03:00,-0.00016621985821072604,116770.58,-1.0,-1.0,1.0
2025-09-19 09:33:40.383629+03:00,116770.58,116770.58,116770.11763964646,3.1676396464608843,2025-09-19 09:33:45.383629+03:00,-0.0003959562019335455,116766.95,-1.0,-1.0,1.0
2025-09-19 09:33:45.458763+03:00,116766.95,116766.95,116768.5264333334,1.576433333408204,2025-09-19 09:33:50.458763+03:00,0.0013500680915346371,116766.95,1.0,0.0,0.0
2025-09-19 09:33:50.537457+03:00,116766.95,116766.95,116764.63361733347,2.3163826665258966,2025-09-19 09:33:55.537457+03:00,-0.001983765668732374,116766.95,-1.0,0.0,0.0
2025-09-19 09:33:55.460740+03:00,116766.94,116766.94,116764.06897733363,2.871022666367935,2025-09-19 09:34:00.460740+03:00,-0.002458763299242007,116766.94,-1.0,0.0,0.0
2025-09-19 09:34:00.465233+03:00,116766.95,116766.95,116764.7357646063,2.2042353936994914,2025-09-19 09:34:05.465233+03:00,-0.0018962860584217135,116766.94,-1.0,-1.0,1.0
2025-09-19 09:34:05.472196+03:00,116766.95,116766.95,116765.02915127299,27.819151272982708,2025-09-19 09:34:10.472196+03:00,-0.0016450277471561762,116737.21,-1.0,-1.0,1.0
2025-09-19 09:34:10.652010+03:00,116737.21,116737.21,116763.35768194454,28.237681944548967,2025-09-19 09:34:15.652010+03:00,0.022398755242255583,116735.12,1.0,-1.0,0.0
2025-09-19 09:34:15.479903+03:00,116737.2,116737.2,116760.21033277285,33.02033277285227,2025-09-19 09:34:20.479903+03:00,0.019711225532955658,116727.19,1.0,-1.0,0.0
2025-09-19 09:34:22.172337+03:00,116733.45,116733.45,116747.96954676755,20.76954676755122,2025-09-19 09:34:27.172337+03:00,0.012438205816371587,116727.2,1.0,-1.0,0.0
2025-09-19 09:34:27.183688+03:00,116727.19,116727.19,116748.30500374491,44.33500374491268,2025-09-19 09:34:32.183688+03:00,0.01808919048330686,116703.97,1.0,-1.0,0.0
2025-09-19 09:34:32.190639+03:00,116703.97,116703.97,116747.94897844421,45.938978444217355,2025-09-19 09:34:37.190639+03:00,0.0376842179783695,116702.01,1.0,-1.0,0.0
2025-09-19 09:34:37.194064+03:00,116702.01,116702.01,116747.23042511089,58.96042511088308,2025-09-19 09:34:42.194064+03:00,0.0387486257613664,116688.27,1.0,-1.0,0.0
2025-09-19 09:34:42.212977+03:00,116688.34,116688.34,116747.78473844421,67.56473844421271,2025-09-19 09:34:47.212977+03:00,0.05094316916687423,116680.22,1.0,-1.0,0.0
2025-09-19 09:34:47.219143+03:00,116680.21,116680.21,116748.16776374498,67.96776374497858,2025-09-19 09:34:52.219143+03:00,0.058242750630093376,116680.2,1.0,-1.0,0.0
2025-09-19 09:34:52.245569+03:00,116680.21,116680.21,116747.6491784442,67.44917844420706,2025-09-19 09:34:57.245569+03:00,0.057798300538024185,116680.2,1.0,-1.0,0.0
2025-09-19 09:34:57.238758+03:00,116680.21,116680.21,116748.2049237449,68.0049237448984,2025-09-19 09:35:02.238758+03:00,0.05827459836152942,116680.2,1.0,-1.0,0.0
2025-09-19 09:35:02.243097+03:00,116680.21,116680.21,116748.14812374496,91.6481237449625,2025-09-19 09:35:07.243097+03:00,0.058225918298361046,116656.5,1.0,-1.0,0.0
2025-09-19 09:35:07.260542+03:00,116659.0,116659.0,116747.6491784442,113.77917844420881,2025-09-19 09:35:12.260542+03:00,0.07599000372384827,116633.87,1.0,-1.0,0.0
2025-09-19 09:35:12.263008+03:00,116633.86,116633.86,116748.69434155537,102.24434155537165,2025-09-19 09:35:17.263008+03:00,0.09845712176152634,116646.45,1.0,1.0,1.0
2025-09-19 09:35:17.400604+03:00,116633.87,116633.87,116748.78826155537,102.33826155537099,2025-09-19 09:35:22.400604+03:00,0.09852906497518496,116646.45,1.0,1.0,1.0
2025-09-19 09:35:24.144306+03:00,116646.44,116646.44,116654.52035500026,4.140355000257841,2025-09-19 09:35:29.144306+03:00,0.00692721955360161,116650.38,1.0,1.0,1.0
2025-09-19 09:35:29.139798+03:00,116650.38,116650.38,116658.31703500029,6.5170350002881605,2025-09-19 09:35:34.139798+03:00,0.006804122712919079,116651.8,1.0,1.0,1.0
2025-09-19 09:35:34.168770+03:00,116651.79,116651.79,116662.80007500028,1.8900750002794666,2025-09-19 09:35:39.168770+03:00,0.009438410675300707,116660.91,1.0,1.0,1.0
2025-09-19 09:35:39.178844+03:00,116660.89,116660.89,116661.92419500025,1.0041950002487283,2025-09-19 09:35:44.178844+03:00,0.0008864967516084989,116660.92,1.0,1.0,1.0
2025-09-19 09:35:44.199772+03:00,116660.92,116660.92,116661.39387500011,6.686124999891035,2025-09-19 09:35:49.199772+03:00,0.0004061985797064323,116668.08,1.0,1.0,1.0
2025-09-19 09:35:49.271151+03:00,116662.0,116662.0,116662.21991500014,13.840084999857936,2025-09-19 09:35:54.271151+03:00,0.00018850611179281655,116676.06,1.0,1.0,1.0
2025-09-19 09:35:54.223136+03:00,116675.71,116675.71,116664.06320000009,18.65679999990971,2025-09-19 09:35:59.223136+03:00,-0.00998219766557662,116682.72,-1.0,1.0,0.0
2025-09-19 09:35:59.210720+03:00,116682.72,116682.72,116668.23192000012,15.618079999883776,2025-09-19 09:36:04.210720+03:00,-0.012416645755154764,116683.85,-1.0,1.0,0.0
2025-09-19 09:36:04.224306+03:00,116683.85,116683.85,116672.39775999996,30.17224000004353,2025-09-19 09:36:09.224306+03:00,-0.00981476014036421,116702.57,-1.0,1.0,0.0
2025-09-19 09:36:09.239251+03:00,116702.57,116702.57,116679.23839999999,32.90160000001197,2025-09-19 09:36:14.239251+03:00,-0.019992361779196065,116712.14,-1.0,1.0,0.0
2025-09-19 09:36:14.253316+03:00,116702.57,116702.57,116680.85091999992,31.299080000069807,2025-09-19 09:36:19.253316+03:00,-0.01861062699825943,116712.15,-1.0,1.0,0.0
2025-09-19 09:36:19.258387+03:00,116712.14,116712.14,116689.61091999999,22.529080000007525,2025-09-19 09:36:24.258387+03:00,-0.01930311619683053,116712.14,-1.0,0.0,0.0
2025-09-19 09:36:26.024360+03:00,116712.15,116712.15,116709.15947999971,2.9905200002831407,2025-09-19 09:36:31.024360+03:00,-0.0025623039248982567,116712.15,-1.0,0.0,0.0
2025-09-19 09:36:31.039248+03:00,116712.15,116712.15,116707.91731999979,4.232680000204709,2025-09-19 09:36:36.039248+03:00,-0.003626597573778488,116712.15,-1.0,0.0,0.0
2025-09-19 09:36:36.060913+03:00,116712.14,116712.14,116707.99987999978,4.1501200002094265,2025-09-19 09:36:41.060913+03:00,-0.0035472916529631494,116712.15,-1.0,1.0,0.0
2025-09-19 09:36:41.059400+03:00,116712.15,116712.15,116707.99987999978,14.420120000213501,2025-09-19 09:36:46.059400+03:00,-0.0035558594372646093,116722.42,-1.0,1.0,0.0
2025-09-19 09:36:46.151215+03:00,116712.15,116712.15,116707.7442799998,27.71572000021115,2025-09-19 09:36:51.151215+03:00,-0.003774859772696267,116735.46,-1.0,1.0,0.0
2025-09-19 09:36:51.075461+03:00,116735.46,116735.46,116714.02187999987,21.438120000137133,2025-09-19 09:36:56.075461+03:00,-0.01836470255065353,116735.46,-1.0,0.0,0.0
2025-09-19 09:36:56.092835+03:00,116735.46,116735.46,116717.35335999998,24.906640000015614,2025-09-19 09:37:01.092835+03:00,-0.015510831070548103,116742.26,-1.0,1.0,0.0
2025-09-19 09:37:01.092267+03:00,116742.25,116742.25,116723.56432000003,24.645679999972344,2025-09-19 09:37:06.092267+03:00,-0.01600592758831181,116748.21,-1.0,1.0,0.0
2025-09-19 09:37:06.096949+03:00,116748.21,116748.21,116739.71600000003,3.4539999999688007,2025-09-19 09:37:11.096949+03:00,-0.007275486279384453,116743.17,-1.0,-1.0,1.0
2025-09-19 09:37:11.095051+03:00,116743.18,116743.18,116736.01365846145,0.5536584614455933,2025-09-19 09:37:16.095051+03:00,-0.006138552623408938,116735.46,-1.0,-1.0,1.0
2025-09-19 09:37:16.089206+03:00,116743.18,116743.18,116733.96573846154,10.71573846154206,2025-09-19 09:37:21.089206+03:00,-0.00789276216259567,116723.25,-1.0,-1.0,1.0
2025-09-19 09:37:21.085752+03:00,116724.93,116724.93,116723.6670000001,3.567000000097323,2025-09-19 09:37:26.085752+03:00,-0.0010820310621645875,116720.1,-1.0,-1.0,1.0
2025-09-19 09:37:27.944940+03:00,116723.25,116723.25,116725.12612000019,5.016120000189403,2025-09-19 09:37:32.944940+03:00,0.0016073233055025327,116720.11,1.0,-1.0,0.0
2025-09-19 09:37:33.034886+03:00,116720.1,116720.1,116718.12166666692,1.9783333330851747,2025-09-19 09:37:38.034886+03:00,-0.0016949380038957938,116720.1,-1.0,0.0,0.0
2025-09-19 09:37:37.973509+03:00,116720.1,116720.1,116718.16634666693,1.933653333078837,2025-09-19 09:37:42.973509+03:00,-0.0016566583930949655,116720.1,-1.0,0.0,0.0
2025-09-19 09:37:42.988886+03:00,116720.11,116720.11,116719.9159466669,22.075946666896925,2025-09-19 09:37:47.988886+03:00,-0.00016625526921380492,116697.84,-1.0,-1.0,1.0
2025-09-19 09:37:48.000744+03:00,116697.85,116697.85,116707.8353352384,9.985335238394327,2025-09-19 09:37:53.000744+03:00,0.008556571726380843,116697.85,1.0,0.0,0.0
2025-09-19 09:37:53.017002+03:00,116697.85,116697.85,116703.00344952404,8.786550475953845,2025-09-19 09:37:58.017002+03:00,0.004416062098859517,116711.79,1.0,1.0,1.0
2025-09-19 09:37:58.000556+03:00,116697.85,116697.85,116700.92936714298,9.270632857020246,2025-09-19 09:38:03.000556+03:00,0.002638752250337965,116710.2,1.0,1.0,1.0
2025-09-19 09:38:03.012688+03:00,116710.2,116710.2,116708.75119825403,3.481198254026822,2025-09-19 09:38:08.012688+03:00,-0.0012413668607938238,116705.27,-1.0,-1.0,1.0
2025-09-19 09:38:08.006868+03:00,116705.27,116705.27,116711.01354825408,16.853548254075577,2025-09-19 09:38:13.006868+03:00,0.004921412935401284,116694.16,1.0,-1.0,0.0
2025-09-19 09:38:13.017083+03:00,116694.16,116694.16,116704.0182282541,0.038228254110435955,2025-09-19 09:38:18.017083+03:00,0.008447919119605359,116703.98,1.0,1.0,1.0
2025-09-19 09:38:18.002807+03:00,116694.17,116694.17,116701.57489158743,2.4051084125676425,2025-09-19 09:38:23.002807+03:00,0.006345554013049691,116703.98,1.0,1.0,1.0
2025-09-19 09:38:22.999101+03:00,116703.98,116703.98,116710.54416587311,6.574165873113088,2025-09-19 09:38:27.999101+03:00,0.005624628974194648,116703.97,1.0,-1.0,0.0
2025-09-19 09:38:30.026493+03:00,116703.98,116703.98,116706.716225397,17.206225397007074,2025-09-19 09:38:35.026493+03:00,0.002344586188925099,116689.51,1.0,-1.0,0.0
2025-09-19 09:38:35.041189+03:00,116689.51,116689.51,116707.50995111109,17.989951111085247,2025-09-19 09:38:40.041189+03:00,0.015425509209092197,116689.52,1.0,1.0,1.0
2025-09-19 09:38:40.050071+03:00,116689.51,116689.51,116705.87091111107,16.36091111107089,2025-09-19 09:38:45.050071+03:00,0.014020892804392521,116689.51,1.0,0.0,0.0
2025-09-19 09:38:45.054155+03:00,116689.51,116689.51,116702.79635999995,13.27635999994527,2025-09-19 09:38:50.054155+03:00,0.01138607917708677,116689.52,1.0,1.0,1.0
2025-09-19 09:38:50.067906+03:00,116689.52,116689.52,116700.26332000004,10.743320000037784,2025-09-19 09:38:55.067906+03:00,0.009206756527953653,116689.52,1.0,0.0,0.0
2025-09-19 09:38:55.074604+03:00,116689.52,116689.52,116700.69283999999,12.88283999999112,2025-09-19 09:39:00.074604+03:00,0.009574844424747583,116687.81,1.0,-1.0,0.0
2025-09-19 09:39:00.093845+03:00,116687.81,116687.81,116700.00603999993,12.186039999927743,2025-09-19 09:39:05.093845+03:00,0.010451854396733521,116687.82,1.0,1.0,1.0
2025-09-19 09:39:05.105191+03:00,116687.81,116687.81,116697.64983999994,9.839839999942342,2025-09-19 09:39:10.105191+03:00,0.008432620339641598,116687.81,1.0,0.0,0.0
2025-09-19 09:39:10.119555+03:00,116687.81,116687.81,116697.05187999997,10.161879999970552,2025-09-19 09:39:15.119555+03:00,0.007920176066353717,116686.89,1.0,-1.0,0.0
2025-09-19 09:39:15.122467+03:00,116686.89,116686.89,116692.86659999994,5.9765999999362975,2025-09-19 09:39:20.122467+03:00,0.005121912153058752,116686.89,1.0,0.0,0.0
2025-09-19 09:39:20.114596+03:00,116686.89,116686.89,116693.29367999994,5.473679999937303,2025-09-19 09:39:25.114596+03:00,0.005487917280120217,116687.82,1.0,1.0,1.0
2025-09-19 09:39:25.127562+03:00,116686.89,116686.89,116690.46471999997,5.455280000023777,2025-09-19 09:39:30.127562+03:00,0.0030635146758775213,116695.92,1.0,1.0,1.0
2025-09-19 09:39:31.998352+03:00,116695.91,116695.91,116691.8123920001,4.107607999903848,2025-09-19 09:39:36.998352+03:00,-0.0035113552822109073,116695.92,-1.0,1.0,0.0
2025-09-19 09:39:36.997180+03:00,116695.92,116695.92,116698.83078666672,2.910786666718195,2025-09-19 09:39:41.997180+03:00,0.002494334563469053,116695.92,1.0,0.0,0.0
2025-09-19 09:39:42.007058+03:00,116695.92,116695.92,116705.87447866678,9.954478666782961,2025-09-19 09:39:47.007058+03:00,0.008530271381195642,116695.92,1.0,0.0,0.0
2025-09-19 09:39:47.030112+03:00,116695.92,116695.92,116706.22629200011,2.9937079998926492,2025-09-19 09:39:52.030112+03:00,0.008831750073276136,116709.22,1.0,1.0,1.0
2025-09-19 09:39:52.001993+03:00,116695.91,116695.91,116706.79601200011,2.423987999893143,2025-09-19 09:39:57.001993+03:00,0.009328529166193167,116709.22,1.0,1.0,1.0
2025-09-19 09:39:57.010644+03:00,116709.21,116709.21,116711.83234810406,2.6123481040558545,2025-09-19 09:40:02.010644+03:00,0.0022469075954250875,116709.22,1.0,1.0,1.0
2025-09-19 09:40:02.027080+03:00,116709.21,116709.21,116713.57494810404,4.354948104039067,2025-09-19 09:40:07.027080+03:00,0.0037400202640681304,116709.22,1.0,1.0,1.0
2025-09-19 09:40:07.007779+03:00,116709.22,116709.22,116714.72352143734,10.053521437337622,2025-09-19 09:40:12.007779+03:00,0.0047155841135213756,116704.67,1.0,-1.0,0.0
2025-09-19 09:40:12.016760+03:00,116707.35,116707.35,116715.11728143736,10.437281437363708,2025-09-19 09:40:17.016760+03:00,0.006655348988175039,116704.68,1.0,-1.0,0.0
2025-09-19 09:40:16.999195+03:00,116704.67,116704.67,116711.06100181835,6.381001818357618,2025-09-19 09:40:21.999195+03:00,0.005476217719781375,116704.68,1.0,1.0,1.0
2025-09-19 09:40:22.009201+03:00,116704.67,116704.67,116709.81842181836,5.1384218183666235,2025-09-19 09:40:27.009201+03:00,0.004411495973864101,116704.68,1.0,1.0,1.0
2025-09-19 09:40:27.008608+03:00,116704.68,116704.68,116705.9687600002,2.9412399997963803,2025-09-19 09:40:32.008608+03:00,0.001104291618994283,116708.91,1.0,1.0,1.0
2025-09-19 09:40:34.018280+03:00,116704.68,116704.68,116704.43336380954,14.576636190453428,2025-09-19 09:40:39.018280+03:00,-0.00021133359043671739,116719.01,-1.0,1.0,0.0
2025-09-19 09:40:39.020816+03:00,116719.0,116719.0,116708.25731542872,27.71268457127735,2025-09-19 09:40:44.020816+03:00,-0.009203886746182015,116735.97,-1.0,1.0,0.0
2025-09-19 09:40:44.040167+03:00,116735.96,116735.96,116717.63401142882,18.325988571188645,2025-09-19 09:40:49.040167+03:00,-0.015698666093283204,116735.96,-1.0,0.0,0.0
2025-09-19 09:40:49.062650+03:00,116735.96,116735.96,116731.61648800017,4.343511999832117,2025-09-19 09:40:54.062650+03:00,-0.0037208003427839347,116735.96,-1.0,0.0,0.0
2025-09-19 09:40:54.065316+03:00,116735.96,116735.96,116738.5168000003,2.556800000296789,2025-09-19 09:40:59.065316+03:00,0.002190241978818514,116735.96,1.0,0.0,0.0
2025-09-19 09:40:59.079036+03:00,116735.96,116735.96,116740.25360000035,4.293600000339211,2025-09-19 09:41:04.079036+03:00,0.0036780440237431642,116735.96,1.0,0.0,0.0
2025-09-19 09:41:04.089307+03:00,116735.96,116735.96,116738.28284000032,4.392840000320575,2025-09-19 09:41:09.089307+03:00,0.0019898238728782375,116733.89,1.0,-1.0,0.0
2025-09-19 09:41:09.092091+03:00,116733.89,116733.89,116735.39076000026,1.5007600002572872,2025-09-19 09:41:14.092091+03:00,0.0012856249374173063,116733.89,1.0,0.0,0.0
2025-09-19 09:41:14.093068+03:00,116733.89,116733.89,116731.28428000018,2.6057199998176657,2025-09-19 09:41:19.093068+03:00,-0.0022321880987754847,116733.89,-1.0,0.0,0.0
2025-09-19 09:41:19.095471+03:00,116733.89,116733.89,116726.70988000018,7.180119999815361,2025-09-19 09:41:24.095471+03:00,-0.006150844454695514,116733.89,-1.0,0.0,0.0
2025-09-19 09:41:24.104963+03:00,116733.89,116733.89,116724.0780400002,17.751959999804967,2025-09-19 09:41:29.104963+03:00,-0.008405408232178882,116741.83,-1.0,1.0,0.0
2025-09-19 09:41:29.120994+03:00,116741.82,116741.82,116725.16256000019,16.65743999982078,2025-09-19 09:41:34.120994+03:00,-0.0142686142804873,116741.82,-1.0,0.0,0.0
2025-09-19 09:41:35.980483+03:00,116741.82,116741.82,116735.29945038486,6.530549615141354,2025-09-19 09:41:40.980483+03:00,-0.005585444543477729,116741.83,-1.0,1.0,0.0
2025-09-19 09:41:40.989030+03:00,116741.83,116741.83,116735.44421038484,12.755789615155663,2025-09-19 09:41:45.989030+03:00,-0.005470009862926013,116748.2,-1.0,1.0,0.0
2025-09-19 09:41:45.975442+03:00,116748.2,116748.2,116734.88744000022,13.31255999977293,2025-09-19 09:41:50.975442+03:00,-0.011402796788107166,116748.2,-1.0,0.0,0.0
2025-09-19 09:41:50.981906+03:00,116748.21,116748.21,116733.9966953847,14.213304615303059,2025-09-19 09:41:55.981906+03:00,-0.012174323371041884,116748.21,-1.0,0.0,0.0
2025-09-19 09:41:55.993798+03:00,116748.21,116748.21,116733.04925538464,28.060744615359,2025-09-19 09:42:00.993798+03:00,-0.012985847590609587,116761.11,-1.0,1.0,0.0
2025-09-19 09:42:01.094885+03:00,116748.37,116748.37,116732.68444000004,28.42555999995966,2025-09-19 09:42:06.094885+03:00,-0.013435356741986565,116761.11,-1.0,1.0,0.0
2025-09-19 09:42:06.006635+03:00,116761.11,116761.11,116742.83313714285,18.266862857155502,2025-09-19 09:42:11.006635+03:00,-0.015653210951103724,116761.1,-1.0,-1.0,1.0
2025-09-19 09:42:11.003573+03:00,116761.1,116761.1,116753.16284313341,13.787156866586884,2025-09-19 09:42:16.003573+03:00,-0.006797775000916928,116766.95,-1.0,1.0,0.0
2025-09-19 09:42:16.004610+03:00,116766.95,116766.95,116765.23317090912,1.7168290908739436,2025-09-19 09:42:21.004610+03:00,-0.0014703039609015596,116766.95,-1.0,0.0,0.0
2025-09-19 09:42:21.009615+03:00,116766.94,116766.94,116765.88506662355,1.0649333764449693,2025-09-19 09:42:26.009615+03:00,-0.0009034521042087838,116766.95,-1.0,1.0,0.0
2025-09-19 09:42:26.083080+03:00,116766.95,116766.95,116767.3388666235,0.3988666234945413,2025-09-19 09:42:31.083080+03:00,0.00033302798737123816,116766.94,1.0,-1.0,0.0
2025-09-19 09:42:31.006084+03:00,116766.94,116766.94,116764.32567995689,2.614320043110638,2025-09-19 09:42:36.006084+03:00,-0.002238921430252979,116766.94,-1.0,0.0,0.0
2025-09-19 09:42:38.169159+03:00,116766.94,116766.94,116765.77710738122,1.1628926187840989,2025-09-19 09:42:43.169159+03:00,-0.0009959091321431381,116766.94,-1.0,0.0,0.0
2025-09-19 09:42:43.174493+03:00,116766.94,116766.94,116765.49451738111,1.4454826188884908,2025-09-19 09:42:48.174493+03:00,-0.0012379211263808837,116766.94,-1.0,0.0,0.0
2025-09-19 09:42:48.183921+03:00,116766.94,116766.94,116762.99643738114,3.9435626188642345,2025-09-19 09:42:53.183921+03:00,-0.00337729379468558,116766.94,-1.0,0.0,0.0
2025-09-19 09:42:53.193283+03:00,116766.94,116766.94,116760.83931738116,6.11068261883338,2025-09-19 09:42:58.193283+03:00,-0.005224666004640199,116766.95,-1.0,1.0,0.0
2025-09-19 09:42:58.209558+03:00,116766.95,116766.95,116760.41378738123,0.2762126187735703,2025-09-19 09:43:03.209558+03:00,-0.005597656373458698,116760.69,-1.0,-1.0,1.0
2025-09-19 09:43:03.230809+03:00,116760.68,116760.68,116761.24342571442,0.5534257144172443,2025-09-19 09:43:08.230809+03:00,0.0004825474761080165,116760.69,1.0,1.0,1.0
2025-09-19 09:43:08.239315+03:00,116760.69,116760.69,116759.89878738114,0.7912126188602997,2025-09-19 09:43:13.239315+03:00,-0.0006776361281012467,116760.69,-1.0,0.0,0.0
2025-09-19 09:43:13.254819+03:00,116760.68,116760.68,116759.36661238114,1.3133876188512659,2025-09-19 09:43:18.254819+03:00,-0.0011248543763630581,116760.68,-1.0,0.0,0.0
2025-09-19 09:43:18.272737+03:00,116760.68,116760.68,116760.41193238106,0.26806761893385556,2025-09-19 09:43:23.272737+03:00,-0.00022958723684536232,116760.68,-1.0,0.0,0.0
2025-09-19 09:43:23.284279+03:00,116760.68,116760.68,116760.5342923811,0.5342923810967477,2025-09-19 09:43:28.284279+03:00,-0.00012479168406373395,116760.0,-1.0,-1.0,1.0
2025-09-19 09:43:28.288198+03:00,116760.68,116760.68,116760.50281238105,0.5928123810444959,2025-09-19 09:43:33.288198+03:00,-0.00015175281519859836,116759.91,-1.0,-1.0,1.0
2025-09-19 09:43:33.296580+03:00,116759.9,116759.9,116760.28513238108,0.37513238107203506,2025-09-19 09:43:38.296580+03:00,0.00032984987232889744,116759.91,1.0,1.0,1.0
2025-09-19 09:43:40.251179+03:00,116759.91,116759.91,116759.25614333324,0.6438566667493433,2025-09-19 09:43:45.251179+03:00,-0.0005600010027060286,116759.9,-1.0,-1.0,1.0
2025-09-19 09:43:45.272354+03:00,116759.9,116759.9,116759.85287999989,0.04712000010476913,2025-09-19 09:43:50.272354+03:00,-4.035632105266374e-05,116759.9,-1.0,0.0,0.0
2025-09-19 09:43:50.293005+03:00,116759.9,116759.9,116760.06815333318,0.15815333317732438,2025-09-19 09:43:55.293005+03:00,0.00014401633881721174,116759.91,1.0,1.0,1.0
2025-09-19 09:43:55.313029+03:00,116759.91,116759.91,116760.08703333318,0.17703333318058867,2025-09-19 09:44:00.313029+03:00,0.00015162167663591782,116759.91,1.0,0.0,0.0
2025-09-19 09:44:00.377572+03:00,116759.9,116759.9,116760.13295333316,0.22295333315560129,2025-09-19 09:44:05.377572+03:00,0.00019951484470688525,116759.91,1.0,1.0,1.0
2025-09-19 09:44:05.378662+03:00,116759.9,116759.9,116760.33063333317,0.4306333331769565,2025-09-19 09:44:10.378662+03:00,0.0003688195460744284,116759.9,1.0,0.0,0.0
2025-09-19 09:44:10.551970+03:00,116759.9,116759.9,116760.53995333315,0.6399533331568819,2025-09-19 09:44:15.551970+03:00,0.0005480934234757669,116759.9,1.0,0.0,0.0
2025-09-19 09:44:15.430301+03:00,116759.91,116759.91,116761.11481333319,1.2048133331845747,2025-09-19 09:44:20.430301+03:00,0.001031872440792884,116759.91,1.0,0.0,0.0
2025-09-19 09:44:20.485285+03:00,116759.91,116759.91,116760.61387333318,0.7138733331812546,2025-09-19 09:44:25.485285+03:00,0.0006028381943527888,116759.9,1.0,-1.0,0.0
2025-09-19 09:44:25.495897+03:00,116759.9,116759.9,116760.66907833319,0.7590783331834245,2025-09-19 09:44:30.495897+03:00,0.0006586836175713904,116759.91,1.0,1.0,1.0
2025-09-19 09:44:30.486970+03:00,116759.91,116759.91,116760.59180333317,0.6818033331655897,2025-09-19 09:44:35.486970+03:00,0.0005839361585372836,116759.91,1.0,0.0,0.0
2025-09-19 09:44:35.472683+03:00,116759.9,116759.9,116761.22762333315,1.3276233331562253,2025-09-19 09:44:40.472683+03:00,0.0011370541882583193,116759.9,1.0,0.0,0.0
2025-09-19 09:44:42.747601+03:00,116759.9,116759.9,116759.91466322608,0.004663226078264415,2025-09-19 09:44:47.747601+03:00,1.2558443513207567e-05,116759.91,1.0,1.0,1.0
2025-09-19 09:44:47.780040+03:00,116759.9,116759.9,116760.00294876566,14.742948765662732,2025-09-19 09:44:52.780040+03:00,8.817133764529918e-05,116745.26,1.0,-1.0,0.0
2025-09-19 09:44:52.789842+03:00,116745.26,116745.26,116752.35656996473,7.086569964725641,2025-09-19 09:44:57.789842+03:00,0.0060786793097509515,116745.27,1.0,1.0,1.0
2025-09-19 09:44:57.797822+03:00,116745.26,116745.26,116746.2670468888,0.9970468887913739,2025-09-19 09:45:02.797822+03:00,0.0008626019495786701,116745.27,1.0,1.0,1.0
2025-09-19 09:45:02.805009+03:00,116745.26,116745.26,116740.87816826264,4.391831737360917,2025-09-19 09:45:07.805009+03:00,-0.003753327319114801,116745.27,-1.0,1.0,0.0
2025-09-19 09:45:07.808842+03:00,116745.26,116745.26,116738.3705818183,6.899418181710644,2025-09-19 09:45:12.808842+03:00,-0.00590124017172203,116745.27,-1.0,1.0,0.0
2025-09-19 09:45:12.798049+03:00,116745.27,116745.27,116736.9608218183,8.309178181705647,2025-09-19 09:45:17.798049+03:00,-0.007117357458426921,116745.27,-1.0,0.0,0.0
2025-09-19 09:45:17.816733+03:00,116745.26,116745.26,116736.96106181826,8.308938181740814,2025-09-19 09:45:22.816733+03:00,-0.007108586834044912,116745.27,-1.0,1.0,0.0
2025-09-19 09:45:22.827842+03:00,116745.27,116745.27,116736.96106181826,8.2989381817315,2025-09-19 09:45:27.827842+03:00,-0.007117151882676543,116745.26,-1.0,-1.0,1.0
2025-09-19 09:45:27.830142+03:00,116745.26,116745.26,116736.97618181826,8.293818181744427,2025-09-19 09:45:32.830142+03:00,-0.007095635558767108,116745.27,-1.0,1.0,0.0
2025-09-19 09:45:32.831304+03:00,116745.27,116745.27,116736.82454181825,8.435458181746071,2025-09-19 09:45:37.831304+03:00,-0.0072340902391637655,116745.26,-1.0,-1.0,1.0
2025-09-19 09:45:37.842411+03:00,116745.27,116745.27,116737.37782181824,7.882178181753261,2025-09-19 09:45:42.842411+03:00,-0.006760169539855939,116745.26,-1.0,-1.0,1.0
2025-09-19 09:45:45.413822+03:00,116745.27,116745.27,116745.43489258982,0.16489258981891908,2025-09-19 09:45:50.413822+03:00,0.00014124134521160392,116745.27,1.0,0.0,0.0
2025-09-19 09:45:50.383966+03:00,116745.27,116745.27,116745.39601258992,0.12601258991344366,2025-09-19 09:45:55.383966+03:00,0.00010793806885147779,116745.27,1.0,0.0,0.0
2025-09-19 09:45:55.406615+03:00,116745.27,116745.27,116745.41885925655,0.1588592565531144,2025-09-19 09:46:00.406615+03:00,0.0001275077410363616,116745.26,1.0,-1.0,0.0
2025-09-19 09:46:00.439901+03:00,116745.26,116745.26,116745.31153925647,16.508460743541946,2025-09-19 09:46:05.439901+03:00,4.414676576186297e-05,116761.82,1.0,1.0,1.0
2025-09-19 09:46:05.477151+03:00,116745.27,116745.27,116745.3252492566,20.264750743401237,2025-09-19 09:46:10.477151+03:00,4.732462102421466e-05,116765.59,1.0,1.0,1.0
2025-09-19 09:46:10.485879+03:00,116765.59,116765.59,116750.78741133338,14.80258866661461,2025-09-19 09:46:15.485879+03:00,-0.012677183977415445,116765.59,-1.0,0.0,0.0
2025-09-19 09:46:15.494388+03:00,116765.59,116765.59,116757.40427726081,11.525722739184857,2025-09-19 09:46:20.494388+03:00,-0.0070103895669848875,116768.93,-1.0,1.0,0.0
2025-09-19 09:46:20.555427+03:00,116768.92,116768.92,116766.22925075275,2.700749247247586,2025-09-19 09:46:25.555427+03:00,-0.0023043368451577907,116768.93,-1.0,1.0,0.0
2025-09-19 09:46:25.578466+03:00,116768.93,116768.93,116769.84880038108,0.9288003810797818,2025-09-19 09:46:30.578466+03:00,0.0007868534729957881,116768.92,1.0,-1.0,0.0
2025-09-19 09:46:30.551525+03:00,116768.93,116768.93,116769.67255004776,13.417449952234165,2025-09-19 09:46:35.551525+03:00,0.0006359140635863733,116783.09,1.0,1.0,1.0
2025-09-19 09:46:35.557616+03:00,116770.68,116770.68,116771.0523196364,12.037680363602703,2025-09-19 09:46:40.557616+03:00,0.0003188468512821789,116783.09,1.0,1.0,1.0
2025-09-19 09:46:40.632164+03:00,116783.09,116783.09,116781.60822999998,1.4817700000130571,2025-09-19 09:46:45.632164+03:00,-0.0012688223954453143,116783.09,-1.0,0.0,0.0
2025-09-19 09:46:47.610288+03:00,116783.1,116783.1,116786.28363628293,3.1936362829292193,2025-09-19 09:46:52.610288+03:00,0.0027261104414250917,116783.09,1.0,-1.0,0.0
2025-09-19 09:46:52.687061+03:00,116783.09,116783.09,116784.89562705207,1.7956270520662656,2025-09-19 09:46:57.687061+03:00,0.0015461374177336623,116783.1,1.0,1.0,1.0
2025-09-19 09:46:57.627891+03:00,116783.09,116783.09,116785.00239905209,1.9023990520799998,2025-09-19 09:47:02.627891+03:00,0.001637565037959959,116783.1,1.0,1.0,1.0
2025-09-19 09:47:02.644904+03:00,116783.09,116783.09,116784.70417549656,1.6041754965553991,2025-09-19 09:47:07.644904+03:00,0.0013821996802488377,116783.1,1.0,1.0,1.0
2025-09-19 09:47:07.651362+03:00,116783.09,116783.09,116791.55613771435,8.466137714349316,2025-09-19 09:47:12.651362+03:00,0.007249455134599809,116783.09,1.0,0.0,0.0
2025-09-19 09:47:12.681733+03:00,116783.09,116783.09,116783.7399354966,0.6399354965979,2025-09-19 09:47:17.681733+03:00,0.0005565321970905319,116783.1,1.0,1.0,1.0
2025-09-19 09:47:17.629824+03:00,116783.09,116783.09,116783.60646882994,0.5064688299316913,2025-09-19 09:47:22.629824+03:00,0.0004422462446754959,116783.1,1.0,1.0,1.0
2025-09-19 09:47:22.685846+03:00,116783.09,116783.09,116784.68666882993,1.586668829928385,2025-09-19 09:47:27.685846+03:00,0.0013672089254854435,116783.1,1.0,1.0,1.0
2025-09-19 09:47:27.646708+03:00,116783.09,116783.09,116784.79181549663,1.6918154966260772,2025-09-19 09:47:32.646708+03:00,0.0014572447917206082,116783.1,1.0,1.0,1.0
2025-09-19 09:47:32.717789+03:00,116783.09,116783.09,116784.26212276942,1.1621227694122354,2025-09-19 09:47:37.717789+03:00,0.0010036750778058268,116783.1,1.0,1.0,1.0
2025-09-19 09:47:37.695687+03:00,116783.09,116783.09,116784.67395200022,15.283952000216232,2025-09-19 09:47:42.695687+03:00,0.0013563196522879658,116769.39,1.0,-1.0,0.0
2025-09-19 09:47:42.715429+03:00,116783.1,116783.1,116787.55495549666,18.164955496657058,2025-09-19 09:47:47.715429+03:00,0.003814726186109681,116769.39,1.0,-1.0,0.0
2025-09-19 09:47:49.713631+03:00,116769.39,116769.39,116769.25008000007,0.3600800000713207,2025-09-19 09:47:54.713631+03:00,-0.00011982592349645682,116768.89,-1.0,-1.0,1.0
2025-09-19 09:47:54.715676+03:00,116769.39,116769.39,116769.38803999992,7.448039999915636,2025-09-19 09:47:59.715676+03:00,-1.6785221550386384e-06,116761.94,-1.0,-1.0,1.0
2025-09-19 09:47:59.732562+03:00,116768.53,116768.53,116771.23070666642,22.960706666417536,2025-09-19 09:48:04.732562+03:00,0.0023128720267547903,116748.27,1.0,-1.0,0.0
2025-09-19 09:48:04.742389+03:00,116755.27,116755.27,116764.6356880001,16.365688000092632,2025-09-19 09:48:09.742389+03:00,0.008021640479348497,116748.27,1.0,-1.0,0.0
2025-09-19 09:48:09.769197+03:00,116748.27,116748.27,116754.81911377789,8.849113777891034,2025-09-19 09:48:14.769197+03:00,0.005609602418852222,116745.97,1.0,-1.0,0.0
2025-09-19 09:48:14.767087+03:00,116748.28,116748.28,116748.6489505906,3.2389505906030536,2025-09-19 09:48:19.767087+03:00,0.00031602229224080236,116745.41,1.0,-1.0,0.0
2025-09-19 09:48:19.764491+03:00,116745.41,116745.41,116745.79997386964,14.209973869641544,2025-09-19 09:48:24.764491+03:00,0.0003340378603617559,116731.59,1.0,-1.0,0.0
2025-09-19 09:48:24.772750+03:00,116731.6,116731.6,116737.21514571476,5.615145714749815,2025-09-19 09:48:29.772750+03:00,0.004810304763020309,116731.6,1.0,0.0,0.0
2025-09-19 09:48:29.780422+03:00,116731.6,116731.6,116731.36813055562,0.23186944438202772,2025-09-19 09:48:34.780422+03:00,-0.00019863468365209397,116731.6,-1.0,0.0,0.0
2025-09-19 09:48:34.790721+03:00,116731.59,116731.59,116726.29269333344,5.752693333444768,2025-09-19 09:48:39.790721+03:00,-0.004538023226239052,116720.54,-1.0,-1.0,1.0
2025-09-19 09:48:39.795417+03:00,116720.54,116720.54,116715.55439428572,4.975605714280391,2025-09-19 09:48:44.795417+03:00,-0.004271403914234078,116720.53,-1.0,-1.0,1.0
2025-09-19 09:48:44.835875+03:00,116720.54,116720.54,116709.82643999999,10.70356000000902,2025-09-19 09:48:49.835875+03:00,-0.009178812915022311,116720.53,-1.0,-1.0,1.0
2025-09-19 09:48:51.890580+03:00,116720.53,116720.53,116711.10944000001,3.8305599999875994,2025-09-19 09:48:56.890580+03:00,-0.008071039430667516,116714.94,-1.0,-1.0,1.0
2025-09-19 09:48:56.888431+03:00,116714.94,116714.94,116709.89024000007,5.059759999930975,2025-09-19 09:49:01.888431+03:00,-0.004326575500905208,116714.95,-1.0,1.0,0.0
2025-09-19 09:49:01.889175+03:00,116714.94,116714.94,116709.02848000011,5.9115199998923345,2025-09-19 09:49:06.889175+03:00,-0.005064921422992064,116714.94,-1.0,0.0,0.0
2025-09-19 09:49:06.894327+03:00,116714.94,116714.94,116710.81664000021,4.123359999794047,2025-09-19 09:49:11.894327+03:00,-0.0035328467801928765,116714.94,-1.0,0.0,0.0
2025-09-19 09:49:11.902775+03:00,116714.95,116714.95,116712.6206000001,2.329399999900488,2025-09-19 09:49:16.902775+03:00,-0.00199580259418394,116714.95,-1.0,0.0,0.0
2025-09-19 09:49:16.909280+03:00,116714.94,116714.94,116714.45108000009,0.4989199999108678,2025-09-19 09:49:21.909280+03:00,-0.0004189009563952194,116714.95,-1.0,1.0,0.0
2025-09-19 09:49:21.902684+03:00,116714.94,116714.94,116713.51488000018,1.425119999825256,2025-09-19 09:49:26.902684+03:00,-0.0012210262026654478,116714.94,-1.0,0.0,0.0
2025-09-19 09:49:26.915130+03:00,116714.94,116714.94,116715.03932000011,0.0993200001103105,2025-09-19 09:49:31.915130+03:00,8.509621828217578e-05,116714.94,1.0,0.0,0.0
2025-09-19 09:49:31.939240+03:00,116714.94,116714.94,116716.10772000013,1.1577200001338497,2025-09-19 09:49:36.939240+03:00,0.0010004888835384836,116714.95,1.0,1.0,1.0
2025-09-19 09:49:36.950987+03:00,116714.94,116714.94,116718.04792000014,3.107920000140439,2025-09-19 09:49:41.950987+03:00,0.002662829625873465,116714.94,1.0,0.0,0.0
2025-09-19 09:49:41.951250+03:00,116714.94,116714.94,116716.57636000021,1.6363600002077874,2025-09-19 09:49:46.951250+03:00,0.0014020141724853626,116714.94,1.0,0.0,0.0
2025-09-19 09:49:46.951076+03:00,116714.95,116714.95,116719.45324000016,35.4732400001667,2025-09-19 09:49:51.951076+03:00,0.0038583232055238287,116683.98,1.0,-1.0,0.0
2025-09-19 09:49:54.059092+03:00,116683.98,116683.98,116694.07852000011,10.088520000106655,2025-09-19 09:49:59.059092+03:00,0.008654589944665898,116683.99,1.0,1.0,1.0
2025-09-19 09:49:59.064629+03:00,116683.98,116683.98,116692.29152000001,8.301520000008168,2025-09-19 09:50:04.064629+03:00,0.0071231029315399425,116683.99,1.0,1.0,1.0
2025-09-19 09:50:04.076822+03:00,116683.98,116683.98,116690.29840000019,6.30840000018361,2025-09-19 09:50:09.076822+03:00,0.005414967847508221,116683.99,1.0,1.0,1.0
2025-09-19 09:50:09.069776+03:00,116683.99,116683.99,116690.16012000023,6.1901200002321275,2025-09-19 09:50:14.069776+03:00,0.0052878891099182096,116683.97,1.0,-1.0,0.0
2025-09-19 09:50:14.078170+03:00,116683.99,116683.99,116690.35232000025,6.382320000251639,2025-09-19 09:50:19.078170+03:00,0.005452607508748684,116683.97,1.0,-1.0,0.0
2025-09-19 09:50:19.180711+03:00,116683.98,116683.98,116691.06068000026,7.090680000255816,2025-09-19 09:50:24.180711+03:00,0.006068253757080496,116683.97,1.0,-1.0,0.0
2025-09-19 09:50:24.098138+03:00,116683.98,116683.98,116690.52260000026,6.552600000257371,2025-09-19 09:50:29.098138+03:00,0.005607110762130851,116683.97,1.0,-1.0,0.0
2025-09-19 09:50:29.106503+03:00,116683.98,116683.98,116691.16248000025,7.182480000250507,2025-09-19 09:50:34.106503+03:00,0.00615549795288994,116683.98,1.0,0.0,0.0
2025-09-19 09:50:34.128678+03:00,116683.98,116683.98,116692.5935600002,3.213560000192956,2025-09-19 09:50:39.128678+03:00,0.007381955946481846,116689.38,1.0,1.0,1.0
2025-09-19 09:50:39.102639+03:00,116689.38,116689.38,116694.0141200003,16.035879999704775,2025-09-19 09:50:44.102639+03:00,0.003971329696235834,116710.05,1.0,1.0,1.0
2025-09-19 09:50:44.124777+03:00,116706.38,116706.38,116701.5538800003,8.496119999705115,2025-09-19 09:50:49.124777+03:00,-0.00413526664069853,116710.05,-1.0,1.0,0.0
2025-09-19 09:50:49.128915+03:00,116710.05,116710.05,116705.21600000015,4.843999999851803,2025-09-19 09:50:54.128915+03:00,-0.00414188838052682,116710.06,-1.0,1.0,0.0
2025-09-19 09:50:56.240325+03:00,116710.06,116710.06,116710.03220000029,0.017799999710405245,2025-09-19 09:51:01.240325+03:00,-2.381971160426664e-05,116710.05,-1.0,-1.0,1.0
2025-09-19 09:51:01.240051+03:00,116710.05,116710.05,116710.85072444455,0.7907244445523247,2025-09-19 09:51:06.240051+03:00,0.0006860801143921076,116710.06,1.0,1.0,1.0
2025-09-19 09:51:06.250831+03:00,116710.05,116710.05,116709.95764444461,0.09235555538907647,2025-09-19 09:51:11.250831+03:00,-7.913247864179346e-05,116710.05,-1.0,0.0,0.0
2025-09-19 09:51:11.250719+03:00,116710.06,116710.06,116710.78648444456,0.7364844445546623,2025-09-19 09:51:16.250719+03:00,0.0006224694294218519,116710.05,1.0,-1.0,0.0
2025-09-19 09:51:16.253028+03:00,116710.05,116710.05,116709.98488444455,0.07511555544624571,2025-09-19 09:51:21.253028+03:00,-5.5792586372368443e-05,116710.06,-1.0,1.0,0.0
2025-09-19 09:51:21.250983+03:00,116710.06,116710.06,116708.79652444461,1.2534755553933792,2025-09-19 09:51:26.250983+03:00,-0.0010825763909196348,116710.05,-1.0,-1.0,1.0
2025-09-19 09:51:26.253414+03:00,116710.06,116710.06,116708.75080444466,6.220804444659734,2025-09-19 09:51:31.253414+03:00,-0.0011217503918163538,116702.53,-1.0,-1.0,1.0
2025-09-19 09:51:31.269946+03:00,116710.06,116710.06,116706.60517333352,4.085173333514831,2025-09-19 09:51:36.269946+03:00,-0.0029601789824105704,116702.52,-1.0,-1.0,1.0
2025-09-19 09:51:36.281076+03:00,116702.52,116702.52,116702.33656000013,0.18343999987700954,2025-09-19 09:51:41.281076+03:00,-0.000157185980111663,116702.52,-1.0,0.0,0.0
2025-09-19 09:51:41.288894+03:00,116702.53,116702.53,116704.20496,1.6749600000039209,2025-09-19 09:51:46.288894+03:00,0.0014352388075939064,116702.53,1.0,0.0,0.0
2025-09-19 09:51:46.292085+03:00,116702.53,116702.53,116703.46640000009,0.936400000093272,2025-09-19 09:51:51.292085+03:00,0.000802381919306524,116702.53,1.0,0.0,0.0
2025-09-19 09:51:51.314858+03:00,116702.52,116702.52,116701.22732000015,1.292679999853135,2025-09-19 09:51:56.314858+03:00,-0.0011076710253155931,116702.52,-1.0,0.0,0.0
2025-09-19 09:51:58.702331+03:00,116702.52,116702.52,116699.55939999984,2.9606000001658686,2025-09-19 09:52:03.702331+03:00,-0.0025368775242949927,116702.52,-1.0,0.0,0.0
2025-09-19 09:52:03.761464+03:00,116702.52,116702.52,116698.50663999989,4.013360000113607,2025-09-19 09:52:08.761464+03:00,-0.0034389660138560907,116702.52,-1.0,0.0,0.0
2025-09-19 09:52:08.739369+03:00,116702.52,116702.52,116697.56847999994,11.408479999940027,2025-09-19 09:52:13.739369+03:00,-0.004242856109757146,116686.16,-1.0,-1.0,1.0
2025-09-19 09:52:13.734184+03:00,116686.15,116686.15,116686.39208000012,0.23208000011800323,2025-09-19 09:52:18.734184+03:00,0.00020746249672931746,116686.16,1.0,1.0,1.0
2025-09-19 09:52:18.742079+03:00,116686.16,116686.16,116685.13227999996,3.022279999961029,2025-09-19 09:52:23.742079+03:00,-0.0008807556954842644,116682.11,-1.0,-1.0,1.0
2025-09-19 09:52:23.749448+03:00,116686.16,116686.16,116683.30755999987,15.2775599998713,2025-09-19 09:52:28.749448+03:00,-0.00244454012381019,116668.03,-1.0,-1.0,1.0
2025-09-19 09:52:28.782829+03:00,116674.39,116674.39,116677.24331999975,9.223319999742671,2025-09-19 09:52:33.782829+03:00,0.0024455409621145885,116668.02,1.0,-1.0,0.0
2025-09-19 09:52:33.775076+03:00,116668.02,116668.02,116663.08727999979,4.942720000210102,2025-09-19 09:52:38.775076+03:00,-0.004227996669708923,116668.03,-1.0,1.0,0.0
2025-09-19 09:52:38.787107+03:00,116668.03,116668.03,116654.35791999976,13.662080000241986,2025-09-19 09:52:43.787107+03:00,-0.011718788772071276,116668.02,-1.0,-1.0,1.0
2025-09-19 09:52:43.811773+03:00,116668.02,116668.02,116655.62051999994,12.409480000060285,2025-09-19 09:52:48.811773+03:00,-0.010628002429513695,116668.03,-1.0,1.0,0.0
2025-09-19 09:52:48.820950+03:00,116668.02,116668.02,116655.4058399999,12.62416000009398,2025-09-19 09:52:53.820950+03:00,-0.010812011723606192,116668.03,-1.0,1.0,0.0
2025-09-19 09:52:53.826759+03:00,116668.02,116668.02,116660.88087999991,7.1491200000891695,2025-09-19 09:52:58.826759+03:00,-0.006119174731939745,116668.03,-1.0,1.0,0.0
2025-09-19 09:53:00.773047+03:00,116668.03,116668.03,116661.94142909098,6.078570909026894,2025-09-19 09:53:05.773047+03:00,-0.005218714080474021,116668.02,-1.0,-1.0,1.0
2025-09-19 09:53:05.777550+03:00,116668.03,116668.03,116665.78955636384,20.270443636152777,2025-09-19 09:53:10.777550+03:00,-0.0019203578188077238,116686.06,-1.0,1.0,0.0
2025-09-19 09:53:10.776728+03:00,116686.07,116686.07,116677.40479636377,23.8952036362316,2025-09-19 09:53:15.776728+03:00,-0.007426082338907869,116701.3,-1.0,1.0,0.0
2025-09-19 09:53:15.796077+03:00,116701.3,116701.3,116694.9558533335,16.52414666650293,2025-09-19 09:53:20.796077+03:00,-0.005436226217282853,116711.48,-1.0,1.0,0.0
2025-09-19 09:53:20.809102+03:00,116701.3,116701.3,116704.57797333352,6.90202666647383,2025-09-19 09:53:25.809102+03:00,0.0028088575992891124,116711.48,1.0,1.0,1.0
2025-09-19 09:53:25.812300+03:00,116711.48,116711.48,116710.57242266668,0.9175773333263351,2025-09-19 09:53:30.812300+03:00,-0.0007776247317890423,116711.49,-1.0,1.0,0.0
2025-09-19 09:53:30.899400+03:00,116711.48,116711.48,116711.19848885715,0.2915111428592354,2025-09-19 09:53:35.899400+03:00,-0.00024120261592940314,116711.49,-1.0,1.0,0.0
2025-09-19 09:53:35.825299+03:00,116711.49,116711.49,116712.01243155534,0.5224315553350607,2025-09-19 09:53:40.825299+03:00,0.00044762649790098705,116711.49,1.0,0.0,0.0
2025-09-19 09:53:40.846483+03:00,116711.48,116711.48,116712.44411999988,0.9541199998784577,2025-09-19 09:53:45.846483+03:00,0.0008260712655582561,116711.49,1.0,1.0,1.0
2025-09-19 09:53:45.836189+03:00,116711.48,116711.48,116714.00829523805,2.6417047619470395,2025-09-19 09:53:50.836189+03:00,0.0021662781056766777,116716.65,1.0,1.0,1.0
2025-09-19 09:53:50.848757+03:00,116711.48,116711.48,116715.03200000005,21.657999999952153,2025-09-19 09:53:55.848757+03:00,0.0030434024142734282,116736.69,1.0,1.0,1.0
2025-09-19 09:53:55.856797+03:00,116719.99,116719.99,116719.43290666687,33.547093333123485,2025-09-19 09:54:00.856797+03:00,-0.00047729042225997265,116752.98,-1.0,1.0,0.0
2025-09-19 09:54:02.883526+03:00,116752.98,116752.98,116738.02754000023,29.042459999778657,2025-09-19 09:54:07.883526+03:00,-0.012806919360660085,116767.07,-1.0,1.0,0.0
2025-09-19 09:54:07.892393+03:00,116762.74,116762.74,116757.85840666665,16.441593333351193,2025-09-19 09:54:12.892393+03:00,-0.004180780044518929,116774.3,-1.0,1.0,0.0
2025-09-19 09:54:12.909929+03:00,116774.3,116774.3,116767.31270000005,6.977299999940442,2025-09-19 09:54:17.909929+03:00,-0.0059835939928132775,116774.29,-1.0,-1.0,1.0
2025-09-19 09:54:17.916435+03:00,116774.3,116774.3,116773.24164976196,6.308350238046842,2025-09-19 09:54:22.916435+03:00,-0.000906321200852278,116779.55,-1.0,1.0,0.0
2025-09-19 09:54:22.932693+03:00,116779.55,116779.55,116779.78201676202,6.887983237975277,2025-09-19 09:54:27.932693+03:00,0.0001986792739140255,116786.67,1.0,1.0,1.0
2025-09-19 09:54:27.942259+03:00,116786.67,116786.67,116789.96003999998,14.619960000025458,2025-09-19 09:54:32.942259+03:00,0.0028171365790102885,116804.58,1.0,1.0,1.0
2025-09-19 09:54:32.974571+03:00,116792.94,116792.94,116793.34854319954,11.231456800465821,2025-09-19 09:54:37.974571+03:00,0.00034980128039725403,116804.58,1.0,1.0,1.0
2025-09-19 09:54:37.967991+03:00,116804.58,116804.58,116805.50204,2.497959999993327,2025-09-19 09:54:42.967991+03:00,0.000789386854526532,116808.0,1.0,1.0,1.0
2025-09-19 09:54:42.979415+03:00,116807.99,116807.99,116806.39739999999,1.6226000000169734,2025-09-19 09:54:47.979415+03:00,-0.001363434128108991,116808.02,-1.0,1.0,0.0
2025-09-19 09:54:47.998032+03:00,116808.01,116808.01,116806.10620000002,8.513799999971525,2025-09-19 09:54:52.998032+03:00,-0.001629853980023239,116814.62,-1.0,1.0,0.0
2025-09-19 09:54:52.995986+03:00,116814.62,116814.62,116801.4329600001,13.197039999911794,2025-09-19 09:54:57.995986+03:00,-0.011288860931878631,116814.63,-1.0,1.0,0.0
2025-09-19 09:54:58.003521+03:00,116814.62,116814.62,116808.36380799985,6.256192000146257,2025-09-19 09:55:03.003521+03:00,-0.0053556583928846034,116814.62,-1.0,0.0,0.0
2025-09-19 09:55:05.032466+03:00,116814.62,116814.62,116812.83683333317,10.466833333179238,2025-09-19 09:55:10.032466+03:00,-0.0015264927171108906,116802.37,-1.0,-1.0,1.0
2025-09-19 09:55:10.042047+03:00,116802.36,116802.36,116804.71043333333,14.470433333321125,2025-09-19 09:55:15.042047+03:00,0.0020123166461069636,116790.24,1.0,-1.0,0.0
2025-09-19 09:55:15.065228+03:00,116790.24,116790.24,116793.73074666655,3.399253333453089,2025-09-19 09:55:20.065228+03:00,0.002988902725558513,116797.13,1.0,1.0,1.0
2025-09-19 09:55:20.051999+03:00,116797.13,116797.13,116794.1376430769,3.907643076905515,2025-09-19 09:55:25.051999+03:00,-0.0025620123740225605,116790.23,-1.0,-1.0,1.0
2025-09-19 09:55:25.065187+03:00,116790.23,116790.23,116788.72116935918,1.5188306408235803,2025-09-19 09:55:30.065187+03:00,-0.0012919151206520162,116790.24,-1.0,1.0,0.0
2025-09-19 09:55:30.060391+03:00,116790.23,116790.23,116789.28938807642,0.9506119235884398,2025-09-19 09:55:35.060391+03:00,-0.0008053857960371571,116790.24,-1.0,1.0,0.0
2025-09-19 09:55:35.072709+03:00,116790.24,116790.24,116788.13624859258,2.093751407417585,2025-09-19 09:55:40.072709+03:00,-0.0018013075471262823,116790.23,-1.0,-1.0,1.0
2025-09-19 09:55:40.068125+03:00,116790.24,116790.24,116788.55712594277,1.6728740572289098,2025-09-19 09:55:45.068125+03:00,-0.001440937236911426,116790.23,-1.0,-1.0,1.0
2025-09-19 09:55:45.086698+03:00,116790.24,116790.24,116789.24862090485,13.528620904849959,2025-09-19 09:55:50.086698+03:00,-0.0008488544035478614,116775.72,-1.0,-1.0,1.0
2025-09-19 09:55:50.098703+03:00,116780.02,116780.02,116785.11547914991,12.645479149912717,2025-09-19 09:55:55.098703+03:00,0.004363314161026695,116772.47,1.0,-1.0,0.0
2025-09-19 09:55:55.111025+03:00,116772.46,116772.46,116777.97013456919,5.50013456918532,2025-09-19 09:56:00.111025+03:00,0.00471869357653344,116772.47,1.0,1.0,1.0
2025-09-19 09:56:00.121344+03:00,116772.47,116772.47,116773.2029200002,4.527079999796115,2025-09-19 09:56:05.121344+03:00,0.0006276479380787667,116777.73,1.0,1.0,1.0
2025-09-19 09:56:07.168829+03:00,116777.73,116777.73,116777.70643222237,0.033567777631105855,2025-09-19 09:56:12.168829+03:00,-2.018173980757515e-05,116777.74,-1.0,1.0,0.0
2025-09-19 09:56:12.167710+03:00,116777.74,116777.74,116781.40004000012,3.6700400001282105,2025-09-19 09:56:17.167710+03:00,0.0031341932119245473,116777.73,1.0,-1.0,0.0
2025-09-19 09:56:17.167238+03:00,116777.74,116777.74,116779.1378400001,1.3978400000924012,2025-09-19 09:56:22.167238+03:00,0.0011970089505863027,116777.74,1.0,0.0,0.0
2025-09-19 09:56:22.172634+03:00,116777.74,116777.74,116778.66836000011,0.9383600001165178,2025-09-19 09:56:27.172634+03:00,0.0007949802762985519,116777.73,1.0,-1.0,0.0
2025-09-19 09:56:27.181742+03:00,116777.74,116777.74,116780.0485666668,2.3185666667995974,2025-09-19 09:56:32.181742+03:00,0.00197688931708242,116777.73,1.0,-1.0,0.0
2025-09-19 09:56:32.207930+03:00,116777.73,116777.73,116780.25024000011,3.8602400001109345,2025-09-19 09:56:37.207930+03:00,0.0021581512160875425,116776.39,1.0,-1.0,0.0
2025-09-19 09:56:37.294687+03:00,116776.39,116776.39,116777.42552000006,1.0355200000631157,2025-09-19 09:56:42.294687+03:00,0.0008867545914573277,116776.39,1.0,0.0,0.0
2025-09-19 09:56:42.241656+03:00,116776.39,116776.39,116778.25504000013,8.665040000138106,2025-09-19 09:56:47.241656+03:00,0.0015971036612239815,116769.59,1.0,-1.0,0.0
2025-09-19 09:56:47.257627+03:00,116769.6,116769.6,116771.90253999992,2.3025399999169167,2025-09-19 09:56:52.257627+03:00,0.001971865965043056,116769.6,1.0,0.0,0.0
2025-09-19 09:56:52.278071+03:00,116769.6,116769.6,116769.82581999975,0.23581999975431245,2025-09-19 09:56:57.278071+03:00,0.00019338937509848388,116769.59,1.0,-1.0,0.0
2025-09-19 09:56:57.268199+03:00,116769.59,116769.59,116765.12451999969,8.144519999696058,2025-09-19 09:57:02.268199+03:00,-0.0038241805938554066,116756.98,-1.0,-1.0,1.0
2025-09-19 09:57:02.266742+03:00,116756.97,116756.97,116757.66165000015,0.6816500001586974,2025-09-19 09:57:07.266742+03:00,0.0005923843348739341,116756.98,1.0,1.0,1.0
2025-09-19 09:57:09.302402+03:00,116756.97,116756.97,116757.02631866692,0.056318666916922666,2025-09-19 09:57:14.302402+03:00,4.823580717872575e-05,116756.97,1.0,0.0,0.0
2025-09-19 09:57:14.310240+03:00,116756.97,116756.97,116756.84179199999,0.12820800000918098,2025-09-19 09:57:19.310240+03:00,-0.00010980757723430213,116756.97,-1.0,0.0,0.0
2025-09-19 09:57:19.410107+03:00,116756.97,116756.97,116756.53438628574,5.044386285735527,2025-09-19 09:57:24.410107+03:00,-0.0003730943979279339,116751.49,-1.0,-1.0,1.0
2025-09-19 09:57:24.461254+03:00,116751.48,116751.48,116751.42438693938,0.2443869393900968,2025-09-19 09:57:29.461254+03:00,-4.763370932241165e-05,116751.18,-1.0,-1.0,1.0
2025-09-19 09:57:29.464806+03:00,116751.17,116751.17,116749.78462510125,1.3853748987457948,2025-09-19 09:57:34.464806+03:00,-0.0011866047241717533,116751.17,-1.0,0.0,0.0
2025-09-19 09:57:34.394424+03:00,116751.17,116751.17,116748.31904010125,2.860959898738656,2025-09-19 09:57:39.394424+03:00,-0.0024419112020409688,116751.18,-1.0,1.0,0.0
2025-09-19 09:57:39.583482+03:00,116751.17,116751.17,116747.77855265372,3.3914473462791648,2025-09-19 09:57:44.583482+03:00,-0.0029048508432756304,116751.17,-1.0,0.0,0.0
2025-09-19 09:57:44.490951+03:00,116751.18,116751.18,116749.84174465368,1.3382553463161457,2025-09-19 09:57:49.490951+03:00,-0.0011462456707642234,116751.18,-1.0,0.0,0.0
2025-09-19 09:57:49.576393+03:00,116751.18,116751.18,116749.9396529869,1.240347013095743,2025-09-19 09:57:54.576393+03:00,-0.0010623849909660384,116751.18,-1.0,0.0,0.0
2025-09-19 09:57:54.476099+03:00,116751.18,116751.18,116750.53363627267,0.6463637273263885,2025-09-19 09:57:59.476099+03:00,-0.0005536250060396722,116751.18,-1.0,0.0,0.0
2025-09-19 09:57:59.599676+03:00,116751.17,116751.17,116750.78171527268,6.301715272682486,2025-09-19 09:58:04.599676+03:00,-0.00033257459203179054,116744.48,-1.0,-1.0,1.0
2025-09-19 09:58:04.485578+03:00,116744.48,116744.48,116745.2726124689,0.7826124689017888,2025-09-19 09:58:09.485578+03:00,0.0006789292897712184,116744.49,1.0,1.0,1.0
2025-09-19 09:58:11.715138+03:00,116744.49,116744.49,116744.5682147882,0.07821478819823824,2025-09-19 09:58:16.715138+03:00,6.699655649550419e-05,116744.49,1.0,0.0,0.0
2025-09-19 09:58:16.728267+03:00,116744.49,116744.49,116745.4981610725,4.611838927507051,2025-09-19 09:58:21.728267+03:00,0.0008635620169211344,116750.11,1.0,1.0,1.0
2025-09-19 09:58:21.734866+03:00,116744.48,116744.48,116745.77351005496,17.466489945043577,2025-09-19 09:58:26.734866+03:00,0.0011079839106446286,116763.24,1.0,1.0,1.0
2025-09-19 09:58:26.738281+03:00,116763.24,116763.24,116757.87786746048,5.3621325395215536,2025-09-19 09:58:31.738281+03:00,-0.004592312220457015,116763.24,-1.0,0.0,0.0
2025-09-19 09:58:31.742572+03:00,116763.25,116763.25,116759.51545650799,3.724543492018711,2025-09-19 09:58:36.742572+03:00,-0.0031983894693008905,116763.24,-1.0,-1.0,1.0
2025-09-19 09:58:36.766675+03:00,116763.25,116763.25,116764.30499477051,32.404994770520716,2025-09-19 09:58:41.766675+03:00,0.0009035332354271529,116731.9,1.0,-1.0,0.0
2025-09-19 09:58:41.765149+03:00,116763.25,116763.25,116765.19409204763,33.304092047634185,2025-09-19 09:58:46.765149+03:00,0.0016649862415045857,116731.89,1.0,-1.0,0.0
2025-09-19 09:58:46.784633+03:00,116731.9,116731.9,116738.68651177481,38.87651177481166,2025-09-19 09:58:51.784633+03:00,0.005813759370673444,116699.81,1.0,-1.0,0.0
2025-09-19 09:58:51.795331+03:00,116699.8,116699.8,116711.08536000008,11.28536000008171,2025-09-19 09:58:56.795331+03:00,0.009670419315270214,116699.8,1.0,0.0,0.0
2025-09-19 09:58:56.794494+03:00,116699.8,116699.8,116701.44375999998,1.6337599999824306,2025-09-19 09:59:01.794494+03:00,0.001408537118295997,116699.81,1.0,1.0,1.0
2025-09-19 09:59:01.788254+03:00,116699.81,116699.81,116700.46571999992,0.6557199999224395,2025-09-19 09:59:06.788254+03:00,0.0005618860904078931,116699.81,1.0,0.0,0.0
2025-09-19 09:59:06.793413+03:00,116699.8,116699.8,116697.78563999997,2.0143600000301376,2025-09-19 09:59:11.793413+03:00,-0.0017261040721836178,116699.8,-1.0,0.0,0.0
2025-09-19 09:59:13.810012+03:00,116699.8,116699.8,116695.27888000019,25.51888000019244,2025-09-19 09:59:18.810012+03:00,-0.0038741454568180147,116669.76,-1.0,-1.0,1.0
2025-09-19 09:59:18.816142+03:00,116699.81,116699.81,116695.73384000022,25.963840000214987,2025-09-19 09:59:23.816142+03:00,-0.0034928591569931525,116669.77,-1.0,-1.0,1.0
2025-09-19 09:59:23.809287+03:00,116669.76,116669.76,116675.61480966664,5.854809666649089,2025-09-19 09:59:28.809287+03:00,0.005018275229715986,116669.76,1.0,0.0,0.0
2025-09-19 09:59:28.822710+03:00,116669.77,116669.77,116670.89075784125,1.1207578412431758,2025-09-19 09:59:33.822710+03:00,0.0009606240256093551,116669.77,1.0,0.0,0.0
2025-09-19 09:59:33.817143+03:00,116669.76,116669.76,116671.84404006357,2.0840400635788683,2025-09-19 09:59:38.817143+03:00,0.0017862726927516336,116669.76,1.0,0.0,0.0
2025-09-19 09:59:38.815984+03:00,116669.76,116669.76,116674.54637539697,4.796375396967051,2025-09-19 09:59:43.815984+03:00,0.004102498708296211,116669.75,1.0,-1.0,0.0
2025-09-19 09:59:43.900768+03:00,116669.76,116669.76,116676.20012539702,6.440125397028169,2025-09-19 09:59:48.900768+03:00,0.005519961125340592,116669.76,1.0,0.0,0.0
2025-09-19 09:59:48.909950+03:00,116669.76,116669.76,116676.61403968272,6.8540396827302175,2025-09-19 09:59:53.909950+03:00,0.005874735392213216,116669.76,1.0,0.0,0.0
2025-09-19 09:59:53.896081+03:00,116669.76,116669.76,116679.5441842859,9.794184285899973,2025-09-19 09:59:58.896081+03:00,0.008386221318964925,116669.75,1.0,-1.0,0.0
2025-09-19 09:59:58.843099+03:00,116669.76,116669.76,116681.30876857162,0.13123142838594504,2025-09-19 10:00:03.843099+03:00,0.00989868203347776,116681.44,1.0,1.0,1.0
2025-09-19 10:00:03.830033+03:00,116669.75,116669.75,116680.93017539698,0.5098246030247537,2025-09-19 10:00:08.830033+03:00,0.009582754224619128,116681.44,1.0,1.0,1.0
2025-09-19 10:00:08.829971+03:00,116681.44,116681.44,116689.42976000016,17.250239999833866,2025-09-19 10:00:13.829971+03:00,0.006847498625451332,116706.68,1.0,1.0,1.0
2025-09-19 10:00:15.808429+03:00,116706.68,116706.68,116705.71044000029,5.509559999714838,2025-09-19 10:00:20.808429+03:00,-0.0008307664991469977,116711.22,-1.0,1.0,0.0
2025-09-19 10:00:20.722018+03:00,116711.22,116711.22,116709.36772000004,1.852279999962775,2025-09-19 10:00:25.722018+03:00,-0.0015870624949021826,116711.22,-1.0,0.0,0.0
2025-09-19 10:00:25.729165+03:00,116711.23,116711.23,116711.49507199992,0.2750719999166904,2025-09-19 10:00:30.729165+03:00,0.00022711781884393568,116711.22,1.0,-1.0,0.0
2025-09-19 10:00:30.728957+03:00,116711.22,116711.22,116712.80792,1.5779200000106357,2025-09-19 10:00:35.728957+03:00,0.0013605547093119214,116711.23,1.0,1.0,1.0
2025-09-19 10:00:35.753786+03:00,116711.23,116711.23,116716.36184000004,4.248159999959171,2025-09-19 10:00:40.753786+03:00,0.004397040456214441,116720.61,1.0,1.0,1.0
2025-09-19 10:00:40.772492+03:00,116711.22,116711.22,116719.03424000014,4.8757599998643855,2025-09-19 10:00:45.772492+03:00,0.00669536313658442,116723.91,1.0,1.0,1.0
2025-09-19 10:00:45.777829+03:00,116723.91,116723.91,116735.41987333357,44.570126666440046,2025-09-19 10:00:50.777829+03:00,0.009860767458493893,116779.99,1.0,1.0,1.0
2025-09-19 10:00:50.782380+03:00,116757.28,116757.28,116750.33248000004,44.66751999995904,2025-09-19 10:00:55.782380+03:00,-0.005950395555598654,116795.0,-1.0,1.0,0.0
2025-09-19 10:00:55.790437+03:00,116779.99,116779.99,116764.56308,49.47691999998642,2025-09-19 10:01:00.790437+03:00,-0.013210242610911391,116814.04,-1.0,1.0,0.0
2025-09-19 10:01:00.829117+03:00,116810.02,116810.02,116788.65219388875,31.717806111249956,2025-09-19 10:01:05.829117+03:00,-0.0182927852518634,116820.37,-1.0,1.0,0.0
2025-09-19 10:01:05.806127+03:00,116811.79,116811.79,116803.53696888867,25.803031111325254,2025-09-19 10:01:10.806127+03:00,-0.007065238116222981,116829.34,-1.0,1.0,0.0
2025-09-19 10:01:10.903763+03:00,116815.19,116815.19,116811.3619199999,17.978080000102636,2025-09-19 10:01:15.903763+03:00,-0.0032770395700323363,116829.34,-1.0,1.0,0.0
2025-09-19 10:01:17.891406+03:00,116829.33,116829.33,116819.51091999968,11.790919999679318,2025-09-19 10:01:22.891406+03:00,-0.00840463606212692,116807.72,-1.0,-1.0,1.0
2025-09-19 10:01:22.898298+03:00,116807.72,116807.72,116814.04535599997,6.325355999972089,2025-09-19 10:01:27.898298+03:00,0.00541518659894405,116807.72,1.0,0.0,0.0
2025-09-19 10:01:27.979503+03:00,116807.72,116807.72,116807.73535999993,0.025359999926877208,2025-09-19 10:01:32.979503+03:00,1.3149815724607842e-05,116807.71,1.0,-1.0,0.0
2025-09-19 10:01:32.908591+03:00,116807.72,116807.72,116804.8571999999,1.0528000001067994,2025-09-19 10:01:37.908591+03:00,-0.0024508654052184833,116805.91,-1.0,-1.0,1.0
2025-09-19 10:01:37.887818+03:00,116807.71,116807.71,116801.955725,6.215725000001839,2025-09-19 10:01:42.887818+03:00,-0.004926280123118007,116795.74,-1.0,-1.0,1.0
2025-09-19 10:01:42.889736+03:00,116805.91,116805.91,116800.94919357136,5.219193571363576,2025-09-19 10:01:47.889736+03:00,-0.004247050880083029,116795.73,-1.0,-1.0,1.0
2025-09-19 10:01:47.898560+03:00,116795.73,116795.73,116791.80531999985,3.9246800001419615,2025-09-19 10:01:52.898560+03:00,-0.0033602940793657113,116795.73,-1.0,0.0,0.0
2025-09-19 10:01:52.914160+03:00,116795.74,116795.74,116792.25376571431,3.476234285684768,2025-09-19 10:01:57.914160+03:00,-0.0029848984951797736,116795.73,-1.0,-1.0,1.0
2025-09-19 10:01:57.914794+03:00,116795.74,116795.74,116791.09021363643,9.720213636435801,2025-09-19 10:02:02.914794+03:00,-0.003981126677714525,116781.37,-1.0,-1.0,1.0
2025-09-19 10:02:02.929533+03:00,116781.37,116781.37,116787.26352363636,5.9035236363561125,2025-09-19 10:02:07.929533+03:00,0.005046629985897024,116781.36,1.0,-1.0,0.0
2025-09-19 10:02:07.947886+03:00,116781.36,116781.36,116784.15384000006,24.49384000005375,2025-09-19 10:02:12.947886+03:00,0.002392368097148947,116759.66,1.0,-1.0,0.0
2025-09-19 10:02:12.972633+03:00,116781.36,116781.36,116782.91175,12.80174999999872,2025-09-19 10:02:17.972633+03:00,0.0013287651385449864,116770.11,1.0,-1.0,0.0
2025-09-19 10:02:20.068269+03:00,116770.12,116770.12,116770.37876000008,0.2687600000790553,2025-09-19 10:02:25.068269+03:00,0.0002215977855330576,116770.11,1.0,-1.0,0.0
2025-09-19 10:02:25.149791+03:00,116770.11,116770.11,116765.36739333339,5.707393333388609,2025-09-19 10:02:30.149791+03:00,-0.004061490279154897,116759.66,-1.0,-1.0,1.0
2025-09-19 10:02:30.103788+03:00,116759.65,116759.65,116760.97288609011,4.402886090101674,2025-09-19 10:02:35.103788+03:00,0.0011329993624633852,116756.57,1.0,-1.0,0.0
2025-09-19 10:02:35.112134+03:00,116756.57,116756.57,116759.20967786964,2.629677869641455,2025-09-19 10:02:40.112134+03:00,0.0022608388287153483,116756.58,1.0,1.0,1.0
2025-09-19 10:02:40.110250+03:00,116756.58,116756.58,116758.63488286953,6.2448828695341945,2025-09-19 10:02:45.110250+03:00,0.0017599717887693063,116752.39,1.0,-1.0,0.0
2025-09-19 10:02:45.106404+03:00,116752.4,116752.4,116752.90676444436,15.786764444361324,2025-09-19 10:02:50.106404+03:00,0.000434050558585938,116737.12,1.0,-1.0,0.0
2025-09-19 10:02:50.132068+03:00,116737.12,116737.12,116739.90339744325,7.173397443257272,2025-09-19 10:02:55.132068+03:00,0.0023843293746306695,116732.73,1.0,-1.0,0.0
2025-09-19 10:02:55.140700+03:00,116732.73,116732.73,116730.95020000002,1.7897999999840977,2025-09-19 10:03:00.140700+03:00,-0.0015246794964658022,116732.74,-1.0,1.0,0.0
2025-09-19 10:03:00.129751+03:00,116732.73,116732.73,116728.10114153867,4.628858461321215,2025-09-19 10:03:05.129751+03:00,-0.0039653475604667305,116732.73,-1.0,0.0,0.0
2025-09-19 10:03:05.154618+03:00,116732.73,116732.73,116724.5244215384,6.3844215384015115,2025-09-19 10:03:10.154618+03:00,-0.007029372534673863,116718.14,-1.0,-1.0,1.0
2025-09-19 10:03:10.153466+03:00,116718.14,116718.14,116715.06999999993,12.399999999935972,2025-09-19 10:03:15.153466+03:00,-0.0026302680971999662,116702.67,-1.0,-1.0,1.0
2025-09-19 10:03:15.222381+03:00,116702.67,116702.67,116702.7946676925,0.11466769251273945,2025-09-19 10:03:20.222381+03:00,0.0001068250559370242,116702.68,1.0,1.0,1.0
2025-09-19 10:03:22.250642+03:00,116702.67,116702.67,116694.04712000035,5.872879999646102,2025-09-19 10:03:27.250642+03:00,-0.00738875982841361,116699.92,-1.0,-1.0,1.0
2025-09-19 10:03:27.265368+03:00,116699.92,116699.92,116689.82268000007,10.107319999922765,2025-09-19 10:03:32.265368+03:00,-0.008652379538844589,116699.93,-1.0,1.0,0.0
2025-09-19 10:03:32.262358+03:00,116699.92,116699.92,116688.20103999991,11.718960000085644,2025-09-19 10:03:37.262358+03:00,-0.010041960611528821,116699.92,-1.0,0.0,0.0
2025-09-19 10:03:37.287824+03:00,116699.92,116699.92,116682.04612000013,11.693879999875207,2025-09-19 10:03:42.287824+03:00,-0.015316103044345037,116693.74,-1.0,-1.0,1.0
2025-09-19 10:03:42.298552+03:00,116693.73,116693.73,116681.7482000001,11.99179999990156,2025-09-19 10:03:47.298552+03:00,-0.010267732465053818,116693.74,-1.0,1.0,0.0
2025-09-19 10:03:47.290073+03:00,116693.74,116693.74,116685.13672000023,8.593279999768129,2025-09-19 10:03:52.290073+03:00,-0.0073725291517586465,116693.73,-1.0,-1.0,1.0
2025-09-19 10:03:52.289062+03:00,116693.74,116693.74,116690.39076000021,3.339239999782876,2025-09-19 10:03:57.289062+03:00,-0.0028701111128944783,116693.73,-1.0,-1.0,1.0
2025-09-19 10:03:57.309948+03:00,116693.74,116693.74,116693.71936000002,0.020639999987906776,2025-09-19 10:04:02.309948+03:00,-1.7687324091169566e-05,116693.74,-1.0,0.0,0.0
2025-09-19 10:04:02.389852+03:00,116693.73,116693.73,116694.17984000003,0.4498400000302354,2025-09-19 10:04:07.389852+03:00,0.00038548772074578077,116693.73,1.0,0.0,0.0
2025-09-19 10:04:07.405780+03:00,116693.73,116693.73,116694.04556000001,0.3055600000079721,2025-09-19 10:04:12.405780+03:00,0.00027041727093416704,116693.74,1.0,1.0,1.0
2025-09-19 10:04:12.455065+03:00,116693.74,116693.74,116698.82668000026,5.086680000255001,2025-09-19 10:04:17.455065+03:00,0.0043589998917294105,116693.74,1.0,0.0,0.0
2025-09-19 10:04:17.433438+03:00,116693.74,116693.74,116697.6283200002,3.8983200002112426,2025-09-19 10:04:22.433438+03:00,0.003332072483238543,116693.73,1.0,-1.0,0.0
2025-09-19 10:04:24.719777+03:00,116693.73,116693.73,116695.33897666681,1.5989766668062657,2025-09-19 10:04:29.719777+03:00,0.0013788030143655353,116693.74,1.0,1.0,1.0
2025-09-19 10:04:29.702831+03:00,116693.74,116693.74,116695.57201000013,14.997989999872516,2025-09-19 10:04:34.702831+03:00,0.0015699299723611825,116710.57,1.0,1.0,1.0
2025-09-19 10:04:34.718320+03:00,116693.73,116693.73,116693.53769000016,17.022309999840218,2025-09-19 10:04:39.718320+03:00,-0.00016479891407916383,116710.56,-1.0,1.0,0.0
2025-09-19 10:04:39.726870+03:00,116710.56,116710.56,116706.40253333346,4.167466666549444,2025-09-19 10:04:44.726870+03:00,-0.0035622026546185117,116710.57,-1.0,1.0,0.0
2025-09-19 10:04:44.732216+03:00,116710.57,116710.57,116709.56299600001,4.557003999987501,2025-09-19 10:04:49.732216+03:00,-0.0008628215936218479,116714.12,-1.0,1.0,0.0
2025-09-19 10:04:49.753170+03:00,116710.56,116710.56,116710.08954895248,7.460451047518291,2025-09-19 10:04:54.753170+03:00,-0.0004030921002461576,116717.55,-1.0,1.0,0.0
2025-09-19 10:04:54.760566+03:00,116717.55,116717.55,116719.00020333346,1.4502033334574662,2025-09-19 10:04:59.760566+03:00,0.0012424895257460993,116717.55,1.0,0.0,0.0
2025-09-19 10:04:59.778143+03:00,116717.55,116717.55,116726.89133066681,0.9213306668098085,2025-09-19 10:05:04.778143+03:00,0.008003364247114562,116725.97,1.0,1.0,1.0
2025-09-19 10:05:04.771536+03:00,116717.55,116717.55,116727.97653400015,4.573465999856126,2025-09-19 10:05:09.771536+03:00,0.008933133020821524,116732.55,1.0,1.0,1.0
2025-09-19 10:05:09.782613+03:00,116732.56,116732.56,116732.00072200017,0.5492779998312471,2025-09-19 10:05:14.782613+03:00,-0.0004791105410744084,116732.55,-1.0,-1.0,1.0
2025-09-19 10:05:14.780189+03:00,116732.56,116732.56,116731.69195200015,0.8580479998490773,2025-09-19 10:05:19.780189+03:00,-0.0007436211455003116,116732.55,-1.0,-1.0,1.0
2025-09-19 10:05:19.792123+03:00,116732.56,116732.56,116731.43491200014,1.1150879998604069,2025-09-19 10:05:24.792123+03:00,-0.0009638167790162129,116732.55,-1.0,-1.0,1.0
2025-09-19 10:05:26.929935+03:00,116732.56,116732.56,116732.09182999986,16.708170000143582,2025-09-19 10:05:31.929935+03:00,-0.0004010620517003511,116748.8,-1.0,1.0,0.0
2025-09-19 10:05:31.954661+03:00,116748.8,116748.8,116751.60287200006,1.7171279999456601,2025-09-19 10:05:36.954661+03:00,0.0024007715711496943,116753.32,1.0,1.0,1.0
2025-09-19 10:05:36.959836+03:00,116748.79,116748.79,116755.1395199999,0.05951999989338219,2025-09-19 10:05:41.959836+03:00,0.005438617393723337,116755.08,1.0,1.0,1.0
2025-09-19 10:05:41.962405+03:00,116755.07,116755.07,116762.73047333326,23.95952666674566,2025-09-19 10:05:46.962405+03:00,0.006561148336641554,116786.69,1.0,1.0,1.0
2025-09-19 10:05:46.957334+03:00,116755.08,116755.08,116765.19403904754,31.605960952467285,2025-09-19 10:05:51.957334+03:00,0.008662611551920378,116796.8,1.0,1.0,1.0
2025-09-19 10:05:51.965036+03:00,116790.51,116790.51,116792.45196571425,9.858034285745816,2025-09-19 10:05:56.965036+03:00,0.0016627769792743386,116802.31,1.0,1.0,1.0
2025-09-19 10:05:56.967840+03:00,116802.31,116802.31,116803.68272571424,1.3627257142361486,2025-09-19 10:06:01.967840+03:00,0.0011752556214388755,116802.32,1.0,1.0,1.0
2025-09-19 10:06:01.965489+03:00,116802.32,116802.32,116805.46131999999,16.901319999989937,2025-09-19 10:06:06.965489+03:00,0.0026894328811111145,116788.56,1.0,-1.0,0.0
2025-09-19 10:06:06.999520+03:00,116788.57,116788.57,116792.26217006014,4.9278299398574745,2025-09-19 10:06:11.999520+03:00,0.0031614138782056055,116797.19,1.0,1.0,1.0
2025-09-19 10:06:11.976407+03:00,116797.18,116797.18,116794.30382245626,2.8761775437305914,2025-09-19 10:06:16.976407+03:00,-0.0024625402289084304,116797.18,-1.0,0.0,0.0
2025-09-19 10:06:17.079340+03:00,116797.19,116797.19,116795.62860000011,3.158600000111619,2025-09-19 10:06:22.079340+03:00,-0.0013368472305622637,116792.47,-1.0,-1.0,1.0
2025-09-19 10:06:21.999094+03:00,116797.18,116797.18,116793.4785200001,1.0085200001049088,2025-09-19 10:06:26.999094+03:00,-0.003169151857850457,116792.47,-1.0,-1.0,1.0
2025-09-19 10:06:29.182662+03:00,116792.48,116792.48,116789.13106000015,14.891060000139987,2025-09-19 10:06:34.182662+03:00,-0.0028674277657694228,116774.24,-1.0,-1.0,1.0
2025-09-19 10:06:34.189181+03:00,116774.23,116774.23,116778.14964266679,4.919642666791333,2025-09-19 10:06:39.189181+03:00,0.0033565990259934344,116773.23,1.0,-1.0,0.0
2025-09-19 10:06:39.190146+03:00,116774.23,116774.23,116775.0223314285,18.752331428491743,2025-09-19 10:06:44.190146+03:00,0.0006785156523831435,116756.27,1.0,-1.0,0.0
2025-09-19 10:06:44.200512+03:00,116756.27,116756.27,116767.09824000012,10.818240000124206,2025-09-19 10:06:49.200512+03:00,0.009274225701214134,116756.28,1.0,1.0,1.0
2025-09-19 10:06:49.215773+03:00,116756.27,116756.27,116760.18414823525,3.9041482352477033,2025-09-19 10:06:54.215773+03:00,0.0033524094553915302,116756.28,1.0,1.0,1.0
2025-09-19 10:06:54.222230+03:00,116756.28,116756.28,116756.1493110924,9.199311092408607,2025-09-19 10:06:59.222230+03:00,-0.0001119330862486707,116746.95,-1.0,-1.0,1.0
2025-09-19 10:06:59.230982+03:00,116756.28,116756.28,116755.33428001561,13.944280015610275,2025-09-19 10:07:04.230982+03:00,-0.00080999496077568,116741.39,-1.0,-1.0,1.0
2025-09-19 10:07:04.243649+03:00,116741.39,116741.39,116737.56175000008,3.8182499999238644,2025-09-19 10:07:09.243649+03:00,-0.003279256825637099,116741.38,-1.0,-1.0,1.0
2025-09-19 10:07:09.253401+03:00,116741.38,116741.38,116736.27134400001,2.168655999994371,2025-09-19 10:07:14.253401+03:00,-0.004376045580407478,116738.44,-1.0,-1.0,1.0
2025-09-19 10:07:14.272326+03:00,116738.44,116738.44,116732.72712000007,5.702879999924335,2025-09-19 10:07:19.272326+03:00,-0.0048937436545611265,116738.43,-1.0,-1.0,1.0
2025-09-19 10:07:19.545942+03:00,116738.44,116738.44,116732.55596000009,21.035960000081104,2025-09-19 10:07:24.545942+03:00,-0.00504036202635323,116711.52,-1.0,-1.0,1.0
2025-09-19 10:07:24.305036+03:00,116711.53,116711.53,116719.8623600002,13.412360000205808,2025-09-19 10:07:29.305036+03:00,0.007139277499150308,116706.45,1.0,-1.0,0.0
2025-09-19 10:07:31.744435+03:00,116706.44,116706.44,116706.75012000027,16.400120000267634,2025-09-19 10:07:36.744435+03:00,0.0002657265531114878,116690.35,1.0,-1.0,0.0
2025-09-19 10:07:36.778220+03:00,116706.45,116706.45,116703.98855000002,13.628550000023097,2025-09-19 10:07:41.778220+03:00,-0.0021090950842677595,116690.36,-1.0,-1.0,1.0
2025-09-19 10:07:41.788969+03:00,116690.35,116690.35,116692.38626,2.03625999999349,2025-09-19 10:07:46.788969+03:00,0.0017450114769503133,116690.35,1.0,0.0,0.0
2025-09-19 10:07:46.791191+03:00,116690.36,116690.36,116686.40763999977,16.60236000022269,2025-09-19 10:07:51.791191+03:00,-0.003387049281730307,116703.01,-1.0,1.0,0.0
2025-09-19 10:07:51.800771+03:00,116696.0,116696.0,116690.89760571437,12.112394285621122,2025-09-19 10:07:56.800771+03:00,-0.004372381474623261,116703.01,-1.0,1.0,0.0
2025-09-19 10:07:56.818207+03:00,116703.0,116703.0,116695.41688000009,7.593119999903138,2025-09-19 10:08:01.818207+03:00,-0.006497793544217695,116703.01,-1.0,1.0,0.0
2025-09-19 10:08:01.825196+03:00,116703.0,116703.0,116697.5790400001,5.410959999906481,2025-09-19 10:08:06.825196+03:00,-0.004645090528864933,116702.99,-1.0,-1.0,1.0
2025-09-19 10:08:06.847132+03:00,116703.0,116703.0,116698.13156000005,4.868439999947441,2025-09-19 10:08:11.847132+03:00,-0.004171649400570201,116703.0,-1.0,0.0,0.0
2025-09-19 10:08:11.839110+03:00,116703.0,116703.0,116704.88528000005,1.8952800000406569,2025-09-19 10:08:16.839110+03:00,0.0016154511880979029,116702.99,1.0,-1.0,0.0
2025-09-19 10:08:16.855535+03:00,116703.0,116703.0,116706.63644000006,3.6464400000550086,2025-09-19 10:08:21.855535+03:00,0.0031159781668511073,116702.99,1.0,-1.0,0.0
2025-09-19 10:08:21.866191+03:00,116703.0,116703.0,116706.79516000023,3.805160000221804,2025-09-19 10:08:26.866191+03:00,0.003251981525947955,116702.99,1.0,-1.0,0.0
2025-09-19 10:08:26.883174+03:00,116702.99,116702.99,116705.88740000007,2.8974000000598608,2025-09-19 10:08:31.883174+03:00,0.002482712739459255,116702.99,1.0,0.0,0.0
2025-09-19 10:08:34.022424+03:00,116703.0,116703.0,116702.96240615385,0.03759384615113959,2025-09-19 10:08:39.022424+03:00,-3.22132645700107e-05,116703.0,-1.0,0.0,0.0
2025-09-19 10:08:39.006231+03:00,116702.99,116702.99,116699.37123999988,3.618760000128532,2025-09-19 10:08:44.006231+03:00,-0.0031008288649061445,116702.99,-1.0,0.0,0.0
2025-09-19 10:08:44.032756+03:00,116702.99,116702.99,116699.27963999985,12.729639999844949,2025-09-19 10:08:49.032756+03:00,-0.0031793187133914726,116686.55,-1.0,-1.0,1.0
2025-09-19 10:08:49.017887+03:00,116686.54,116686.54,116692.07348000008,1.4065199999167817,2025-09-19 10:08:54.017887+03:00,0.004742175061567124,116693.48,1.0,1.0,1.0
2025-09-19 10:08:54.016547+03:00,116693.48,116693.48,116694.12976000008,0.6497600000875536,2025-09-19 10:08:59.016547+03:00,0.0005568091722755664,116693.48,1.0,0.0,0.0
2025-09-19 10:08:59.023185+03:00,116693.49,116693.49,116693.63238055556,0.14238055555324536,2025-09-19 10:09:04.023185+03:00,0.00012201242378923225,116693.49,1.0,0.0,0.0
2025-09-19 10:09:04.038827+03:00,116693.48,116693.48,116694.23912055569,0.7591205556964269,2025-09-19 10:09:09.038827+03:00,0.0006505252527359942,116693.48,1.0,0.0,0.0
2025-09-19 10:09:09.021228+03:00,116693.49,116693.49,116693.74036055553,0.2603605555341346,2025-09-19 10:09:14.021228+03:00,0.0002145454348180189,116693.48,1.0,-1.0,0.0
2025-09-19 10:09:14.043394+03:00,116693.48,116693.48,116693.60116055555,0.12116055555816274,2025-09-19 10:09:19.043394+03:00,0.00010382804211354632,116693.48,1.0,0.0,0.0
2025-09-19 10:09:19.054464+03:00,116693.48,116693.48,116693.96972055567,0.4897205556771951,2025-09-19 10:09:24.054464+03:00,0.0004196640255112754,116693.48,1.0,0.0,0.0
2025-09-19 10:09:24.073753+03:00,116693.48,116693.48,116697.73892055565,4.258920555657824,2025-09-19 10:09:29.073753+03:00,0.0036496645362344353,116693.48,1.0,0.0,0.0
2025-09-19 10:09:29.084065+03:00,116693.48,116693.48,116695.79692055563,2.31692055563326,2025-09-19 10:09:34.084065+03:00,0.0019854755858110156,116693.48,1.0,0.0,0.0
2025-09-19 10:09:36.350898+03:00,116693.48,116693.48,116695.00744666683,1.5174466668249806,2025-09-19 10:09:41.350898+03:00,0.0013089391685244917,116693.49,1.0,1.0,1.0
2025-09-19 10:09:41.353615+03:00,116693.49,116693.49,116697.34980333342,14.280196666586562,2025-09-19 10:09:46.353615+03:00,0.003307642382975139,116711.63,1.0,1.0,1.0
2025-09-19 10:09:46.360496+03:00,116711.63,116711.63,116708.65767999983,13.84232000017073,2025-09-19 10:09:51.360496+03:00,-0.0025467213508845576,116722.5,-1.0,1.0,0.0
2025-09-19 10:09:51.473304+03:00,116722.5,116722.5,116725.75140000007,3.1914000000688247,2025-09-19 10:09:56.473304+03:00,0.0027855811862035995,116722.56,1.0,1.0,1.0
2025-09-19 10:09:56.411494+03:00,116722.53,116722.53,116732.75240000014,4.3975999998510815,2025-09-19 10:10:01.411494+03:00,0.008757863627651201,116737.15,1.0,1.0,1.0
2025-09-19 10:10:01.593313+03:00,116737.14,116737.14,116738.19072000016,37.78927999983716,2025-09-19 10:10:06.593313+03:00,0.0009000734471988474,116775.98,1.0,1.0,1.0
2025-09-19 10:10:06.522724+03:00,116759.94,116759.94,116766.84795999985,9.132040000142297,2025-09-19 10:10:11.522724+03:00,0.005916378511201102,116775.98,1.0,1.0,1.0
2025-09-19 10:10:11.512503+03:00,116775.98,116775.98,116782.55911999987,6.559119999874383,2025-09-19 10:10:16.512503+03:00,0.005633966848215239,116776.0,1.0,1.0,1.0
2025-09-19 10:10:16.440736+03:00,116776.0,116776.0,116786.08585238084,10.08585238084197,2025-09-19 10:10:21.440736+03:00,0.008636922296398208,116776.0,1.0,0.0,0.0
2025-09-19 10:10:21.503945+03:00,116775.99,116775.99,116779.65893238099,3.6589323809894267,2025-09-19 10:10:26.503945+03:00,0.0031418550859506206,116776.0,1.0,1.0,1.0
2025-09-19 10:10:26.519443+03:00,116776.0,116776.0,116777.60337238105,17.76662761894113,2025-09-19 10:10:31.519443+03:00,0.0013730324562018002,116795.37,1.0,1.0,1.0
2025-09-19 10:10:31.527714+03:00,116787.49,116787.49,116794.30266387302,1.6226638730295235,2025-09-19 10:10:36.527714+03:00,0.005833384956742627,116792.68,1.0,1.0,1.0
2025-09-19 10:10:38.897304+03:00,116795.37,116795.37,116794.39157895248,8.11157895247743,2025-09-19 10:10:43.897304+03:00,-0.0008377224606755196,116786.28,-1.0,-1.0,1.0
2025-09-19 10:10:43.907591+03:00,116786.28,116786.28,116793.25279793517,6.97279793517373,2025-09-19 10:10:48.907591+03:00,0.0059705625825000426,116786.28,1.0,0.0,0.0
2025-09-19 10:10:48.905410+03:00,116786.29,116786.29,116789.14815287314,2.858152873144718,2025-09-19 10:10:53.905410+03:00,0.0024473359613912883,116786.29,1.0,0.0,0.0
2025-09-19 10:10:53.904204+03:00,116786.29,116786.29,116788.35245617939,2.0724561793904286,2025-09-19 10:10:58.904204+03:00,0.0017660088178121486,116786.28,1.0,-1.0,0.0
2025-09-19 10:10:58.928050+03:00,116786.29,116786.29,116790.27139705908,3.9913970590860117,2025-09-19 10:11:03.928050+03:00,0.003409130523018798,116786.28,1.0,-1.0,0.0
2025-09-19 10:11:03.918595+03:00,116786.29,116786.29,116790.53961551393,4.259615513932658,2025-09-19 10:11:08.918595+03:00,0.003638796569304408,116786.28,1.0,-1.0,0.0
2025-09-19 10:11:08.919486+03:00,116786.29,116786.29,116791.3625314249,13.31253142489004,2025-09-19 10:11:13.919486+03:00,0.004343430572971667,116778.05,1.0,-1.0,0.0
2025-09-19 10:11:13.923141+03:00,116778.06,116778.06,116778.35004000022,2.1800400002248352,2025-09-19 10:11:18.923141+03:00,0.00024836857216622483,116776.17,1.0,-1.0,0.0
2025-09-19 10:11:18.921624+03:00,116776.18,116776.18,116774.66031428592,1.3396857140760403,2025-09-19 10:11:23.921624+03:00,-0.0013013661810731053,116776.0,-1.0,-1.0,1.0
2025-09-19 10:11:23.927204+03:00,116776.0,116776.0,116773.75971428606,2.240285713938647,2025-09-19 10:11:28.927204+03:00,-0.0019184470387225516,116776.0,-1.0,0.0,0.0
2025-09-19 10:11:28.953767+03:00,116775.99,116775.99,116773.65740000029,6.717400000285124,2025-09-19 10:11:33.953767+03:00,-0.0019974996570080767,116766.94,-1.0,-1.0,1.0
2025-09-19 10:11:33.963072+03:00,116766.94,116766.94,116769.23789000002,2.2978900000161957,2025-09-19 10:11:38.963072+03:00,0.0019679285935010333,116766.94,1.0,0.0,0.0
2025-09-19 10:11:41.161824+03:00,116766.94,116766.94,116767.04885599998,0.09885599998233374,2025-09-19 10:11:46.161824+03:00,9.322501726695505e-05,116766.95,1.0,1.0,1.0
2025-09-19 10:11:46.172426+03:00,116766.95,116766.95,116754.6329200001,12.317079999891575,2025-09-19 10:11:51.172426+03:00,-0.010548430013708138,116766.95,-1.0,0.0,0.0
2025-09-19 10:11:51.175337+03:00,116766.95,116766.95,116754.06908000016,12.870919999841135,2025-09-19 10:11:56.175337+03:00,-0.011031306375507708,116766.94,-1.0,-1.0,1.0
2025-09-19 10:11:56.184415+03:00,116766.95,116766.95,116755.90402000005,18.89597999995749,2025-09-19 10:12:01.184415+03:00,-0.009459851439085861,116774.8,-1.0,1.0,0.0
2025-09-19 10:12:01.197405+03:00,116766.97,116766.97,116756.26170363638,18.548296363616828,2025-09-19 10:12:06.197405+03:00,-0.009170655334826553,116774.81,-1.0,1.0,0.0
2025-09-19 10:12:06.216027+03:00,116774.81,116774.81,116773.58008500004,1.229914999959874,2025-09-19 10:12:11.216027+03:00,-0.001053236566995805,116774.81,-1.0,0.0,0.0
2025-09-19 10:12:11.234114+03:00,116774.8,116774.8,116776.51564944453,16.164350555467536,2025-09-19 10:12:16.234114+03:00,0.0014691949329158078,116792.68,1.0,1.0,1.0
2025-09-19 10:12:16.242390+03:00,116774.81,116774.81,116777.12668944462,41.91331055537739,2025-09-19 10:12:21.242390+03:00,0.001983894852510171,116819.04,1.0,1.0,1.0
2025-09-19 10:12:21.280221+03:00,116812.98,116812.98,116810.83023999994,8.19976000006136,2025-09-19 10:12:26.280221+03:00,-0.001840343427638307,116819.03,-1.0,1.0,0.0
2025-09-19 10:12:26.267714+03:00,116819.03,116819.03,116817.15520666652,1.8847933334764093,2025-09-19 10:12:31.267714+03:00,-0.001604869800307063,116819.04,-1.0,1.0,0.0
2025-09-19 10:12:31.281639+03:00,116819.03,116819.03,116817.05132666661,1.9786733333894517,2025-09-19 10:12:36.281639+03:00,-0.001693793668197255,116819.03,-1.0,0.0,0.0
2025-09-19 10:12:36.263382+03:00,116819.03,116819.03,116819.18428666674,0.1442866667493945,2025-09-19 10:12:41.263382+03:00,0.00013207323048663886,116819.04,1.0,1.0,1.0
2025-09-19 10:12:43.662087+03:00,116819.04,116819.04,116821.92753636341,2.642463636599132,2025-09-19 10:12:48.662087+03:00,0.0024718028528690665,116824.57,1.0,1.0,1.0
2025-09-19 10:12:48.631442+03:00,116822.75,116822.75,116822.41397999985,8.906020000154967,2025-09-19 10:12:53.631442+03:00,-0.0002876323320140833,116831.32,-1.0,1.0,0.0
2025-09-19 10:12:53.637547+03:00,116830.49,116830.49,116827.4339299999,11.386070000109612,2025-09-19 10:12:58.637547+03:00,-0.0026158154434752995,116838.82,-1.0,1.0,0.0
2025-09-19 10:12:58.655137+03:00,116838.82,116838.82,116835.38152,9.511520000000019,2025-09-19 10:13:03.655137+03:00,-0.002942925989847914,116825.87,-1.0,-1.0,1.0
2025-09-19 10:13:03.689494+03:00,116825.92,116825.92,116832.9227599999,23.53275999990001,2025-09-19 10:13:08.689494+03:00,0.005994183482485028,116809.39,1.0,-1.0,0.0
2025-09-19 10:13:08.661458+03:00,116809.39,116809.39,116821.48410666664,14.154106666639564,2025-09-19 10:13:13.661458+03:00,0.010353711004433712,116807.33,1.0,-1.0,0.0
2025-09-19 10:13:13.679036+03:00,116808.15,116808.15,116809.32831999993,1.9883199999312637,2025-09-19 10:13:18.679036+03:00,0.0010087652273694876,116807.34,1.0,-1.0,0.0
2025-09-19 10:13:18.637473+03:00,116807.33,116807.33,116805.20432000016,2.135679999832064,2025-09-19 10:13:23.637473+03:00,-0.0018198173007098978,116807.34,-1.0,1.0,0.0
2025-09-19 10:13:23.709139+03:00,116807.33,116807.33,116802.32476000018,5.015239999818732,2025-09-19 10:13:28.709139+03:00,-0.0042850393034614956,116807.34,-1.0,1.0,0.0
2025-09-19 10:13:28.656276+03:00,116807.34,116807.34,116800.2753200001,14.2746799999004,2025-09-19 10:13:33.656276+03:00,-0.006048147316678898,116814.55,-1.0,1.0,0.0
2025-09-19 10:13:33.688955+03:00,116814.55,116814.55,116806.18796499995,8.35203500004718,2025-09-19 10:13:38.688955+03:00,-0.007158384807420389,116814.54,-1.0,-1.0,1.0
2025-09-19 10:13:38.684368+03:00,116814.54,116814.54,116807.3943999999,11.234399999899324,2025-09-19 10:13:43.684368+03:00,-0.00611704673073299,116796.16,-1.0,-1.0,1.0
2025-09-19 10:13:45.984143+03:00,116814.54,116814.54,116809.5743199998,13.42431999980181,2025-09-19 10:13:50.984143+03:00,-0.004250909176372743,116796.15,-1.0,-1.0,1.0
2025-09-19 10:13:50.991073+03:00,116796.16,116796.16,116794.61676799989,1.5432320001127664,2025-09-19 10:13:55.991073+03:00,-0.0013213037141912595,116796.16,-1.0,0.0,0.0
2025-09-19 10:13:55.999281+03:00,116796.15,116796.15,116791.29724000009,8.692759999918053,2025-09-19 10:14:00.999281+03:00,-0.00415489722898143,116799.99,-1.0,1.0,0.0
2025-09-19 10:14:01.000690+03:00,116796.15,116796.15,116790.18356000014,9.816439999864087,2025-09-19 10:14:06.000690+03:00,-0.00510842181001537,116800.0,-1.0,1.0,0.0
2025-09-19 10:14:06.007340+03:00,116800.0,116800.0,116795.16265948731,4.8373405126912985,2025-09-19 10:14:11.007340+03:00,-0.004141558658126112,116800.0,-1.0,0.0,0.0
2025-09-19 10:14:11.013818+03:00,116799.99,116799.99,116798.75940000014,5.010599999863189,2025-09-19 10:14:16.013818+03:00,-0.001053595980499958,116803.77,-1.0,1.0,0.0
2025-09-19 10:14:16.025610+03:00,116799.99,116799.99,116798.61944000016,5.1605599998438265,2025-09-19 10:14:21.025610+03:00,-0.0011734247578704666,116803.78,-1.0,1.0,0.0
2025-09-19 10:14:21.019274+03:00,116803.78,116803.78,116802.93320000022,5.253200000224751,2025-09-19 10:14:26.019274+03:00,-0.0007249765373869487,116797.68,-1.0,-1.0,1.0
2025-09-19 10:14:26.005131+03:00,116803.77,116803.77,116803.12932000012,5.4593200001254445,2025-09-19 10:14:31.005131+03:00,-0.0005485096926926042,116797.67,-1.0,-1.0,1.0
2025-09-19 10:14:31.021128+03:00,116797.68,116797.68,116795.17360000004,2.5063999999547377,2025-09-19 10:14:36.021128+03:00,-0.0021459330356174353,116797.68,-1.0,0.0,0.0
2025-09-19 10:14:36.033271+03:00,116797.68,116797.68,116793.28208000002,4.397919999973965,2025-09-19 10:14:41.033271+03:00,-0.0037654172582657166,116797.68,-1.0,0.0,0.0
2025-09-19 10:14:41.016800+03:00,116797.67,116797.67,116792.3134000001,5.36659999989206,2025-09-19 10:14:46.016800+03:00,-0.004586221625737311,116797.68,-1.0,1.0,0.0
2025-09-19 10:14:48.253325+03:00,116797.67,116797.67,116795.25228000013,2.4177199998666765,2025-09-19 10:14:53.253325+03:00,-0.0020700070471154743,116797.67,-1.0,0.0,0.0
2025-09-19 10:14:53.254422+03:00,116797.67,116797.67,116795.52760000012,2.1523999998753425,2025-09-19 10:14:58.254422+03:00,-0.0018342831666766821,116797.68,-1.0,1.0,0.0
2025-09-19 10:14:58.259157+03:00,116797.67,116797.67,116795.51708000005,2.1529199999495177,2025-09-19 10:15:03.259157+03:00,-0.001843290195728663,116797.67,-1.0,0.0,0.0
2025-09-19 10:15:03.273282+03:00,116797.67,116797.67,116794.50583999997,3.154160000034608,2025-09-19 10:15:08.273282+03:00,-0.0027090951386524826,116797.66,-1.0,-1.0,1.0
2025-09-19 10:15:08.282954+03:00,116797.66,116797.66,116794.30424000001,3.355759999991278,2025-09-19 10:15:13.282954+03:00,-0.002873139752963611,116797.66,-1.0,0.0,0.0
2025-09-19 10:15:13.290235+03:00,116797.67,116797.67,116796.08432000005,1.5856799999455689,2025-09-19 10:15:18.290235+03:00,-0.001357629822534618,116797.67,-1.0,0.0,0.0
2025-09-19 10:15:18.420539+03:00,116797.66,116797.66,116795.34768000008,2.322319999919273,2025-09-19 10:15:23.420539+03:00,-0.0019797656904466335,116797.67,-1.0,1.0,0.0
2025-09-19 10:15:23.409481+03:00,116797.66,116797.66,116795.6211600001,2.048839999901247,2025-09-19 10:15:28.409481+03:00,-0.0017456171638254444,116797.67,-1.0,1.0,0.0
2025-09-19 10:15:28.466852+03:00,116797.67,116797.67,116795.70360000012,24.286399999880814,2025-09-19 10:15:33.466852+03:00,-0.00168359522914612,116819.99,-1.0,1.0,0.0
2025-09-19 10:15:33.433752+03:00,116812.26,116812.26,116807.76764000006,12.232359999936307,2025-09-19 10:15:38.433752+03:00,-0.0038457949533131784,116820.0,-1.0,1.0,0.0
2025-09-19 10:15:38.518660+03:00,116820.0,116820.0,116815.16863999983,11.981360000165296,2025-09-19 10:15:43.518660+03:00,-0.004135730183334289,116827.15,-1.0,1.0,0.0
2025-09-19 10:15:43.400687+03:00,116827.15,116827.15,116822.05846701293,5.091532987062237,2025-09-19 10:15:48.400687+03:00,-0.004358176149176144,116827.15,-1.0,0.0,0.0
2025-09-19 10:15:50.807839+03:00,116827.16,116827.16,116824.98512806362,2.164871936372947,2025-09-19 10:15:55.807839+03:00,-0.00186161500149645,116827.15,-1.0,-1.0,1.0
2025-09-19 10:15:55.824522+03:00,116827.16,116827.16,116824.52766266683,2.6323373331688344,2025-09-19 10:16:00.824522+03:00,-0.002253189526449872,116827.16,-1.0,0.0,0.0
2025-09-19 10:16:00.848279+03:00,116827.16,116827.16,116825.20460666675,1.9553933332499582,2025-09-19 10:16:05.848279+03:00,-0.0016737489238375376,116827.16,-1.0,0.0,0.0
2025-09-19 10:16:05.853340+03:00,116827.16,116827.16,116825.76176666672,1.3882333332730923,2025-09-19 10:16:10.853340+03:00,-0.0011968392737462807,116827.15,-1.0,-1.0,1.0
2025-09-19 10:16:10.863319+03:00,116827.15,116827.15,116825.55128666673,1.5987133332673693,2025-09-19 10:16:15.863319+03:00,-0.0013684433226928581,116827.15,-1.0,0.0,0.0
2025-09-19 10:16:15.906300+03:00,116827.15,116827.15,116826.63838000005,0.5216199999558739,2025-09-19 10:16:20.906300+03:00,-0.00043792902586989476,116827.16,-1.0,1.0,0.0
2025-09-19 10:16:20.898669+03:00,116827.15,116827.15,116827.13523999996,0.014760000034584664,2025-09-19 10:16:25.898669+03:00,-1.263404956346591e-05,116827.15,-1.0,0.0,0.0
2025-09-19 10:16:25.909051+03:00,116827.16,116827.16,116828.01583999996,0.8558399999601534,2025-09-19 10:16:30.909051+03:00,0.0007325693785247826,116827.16,1.0,0.0,0.0
2025-09-19 10:16:30.917536+03:00,116827.16,116827.16,116827.16591999997,0.005919999966863543,2025-09-19 10:16:35.917536+03:00,5.067314798085944e-06,116827.16,1.0,0.0,0.0
2025-09-19 10:16:35.916884+03:00,116827.15,116827.15,116827.07892000001,0.07107999997970182,2025-09-19 10:16:40.916884+03:00,-6.084202172157912e-05,116827.15,-1.0,0.0,0.0
2025-09-19 10:16:40.922463+03:00,116827.15,116827.15,116826.77664000001,0.3733599999832222,2025-09-19 10:16:45.922463+03:00,-0.0003195832475441045,116827.15,-1.0,0.0,0.0
2025-09-19 10:16:45.934731+03:00,116827.16,116827.16,116825.66240000003,1.4975999999733176,2025-09-19 10:16:50.934731+03:00,-0.0012818936966141415,116827.16,-1.0,0.0,0.0
2025-09-19 10:16:53.141957+03:00,116827.16,116827.16,116827.14591022213,0.004089777867193334,2025-09-19 10:16:58.141957+03:00,-1.206036154307488e-05,116827.15,-1.0,-1.0,1.0
2025-09-19 10:16:58.151009+03:00,116827.15,116827.15,116827.22663022213,1.2366302221198566,2025-09-19 10:17:03.151009+03:00,6.559281993176764e-05,116825.99,1.0,-1.0,0.0
2025-09-19 10:17:03.168598+03:00,116827.16,116827.16,116827.17447466646,1.174474666462629,2025-09-19 10:17:08.168598+03:00,1.2389812830455385e-05,116826.0,1.0,-1.0,0.0
2025-09-19 10:17:08.181968+03:00,116826.0,116826.0,116826.49141355557,10.508586444426328,2025-09-19 10:17:13.181968+03:00,0.00042063714889979296,116837.0,1.0,1.0,1.0
2025-09-19 10:17:13.205212+03:00,116826.24,116826.24,116827.90102999994,9.108970000059344,2025-09-19 10:17:18.205212+03:00,0.001421795308939309,116837.01,1.0,1.0,1.0
2025-09-19 10:17:18.192692+03:00,116837.0,116837.0,116834.65656000006,2.3434399999387097,2025-09-19 10:17:23.192692+03:00,-0.0020057344847425984,116837.0,-1.0,0.0,0.0
2025-09-19 10:17:23.209124+03:00,116837.01,116837.01,116837.45939333343,6.050606666569365,2025-09-19 10:17:28.209124+03:00,0.00038463268910308025,116843.51,1.0,1.0,1.0
2025-09-19 10:17:28.219569+03:00,116843.51,116843.51,116840.34950888905,3.150491110951407,2025-09-19 10:17:33.219569+03:00,-0.002704892305054999,116843.5,-1.0,-1.0,1.0
2025-09-19 10:17:33.234416+03:00,116843.5,116843.5,116843.85668519246,0.34668519246042706,2025-09-19 10:17:38.234416+03:00,0.000305267466701347,116843.51,1.0,1.0,1.0
2025-09-19 10:17:38.248280+03:00,116843.51,116843.51,116844.3917903635,0.8917903635010589,2025-09-19 10:17:43.248280+03:00,0.0007546763731304354,116843.5,1.0,-1.0,0.0
2025-09-19 10:17:43.251469+03:00,116843.51,116843.51,116844.27091928208,0.7709192820766475,2025-09-19 10:17:48.251469+03:00,0.0006512293939833596,116843.5,1.0,-1.0,0.0
2025-09-19 10:17:48.256177+03:00,116843.5,116843.5,116843.98119928205,0.4811992820468731,2025-09-19 10:17:53.256177+03:00,0.00041183230735716847,116843.5,1.0,0.0,0.0
2025-09-19 10:17:55.608270+03:00,116843.51,116843.51,116843.59233584648,0.08233584648405667,2025-09-19 10:18:00.608270+03:00,7.046676917190923e-05,116843.51,1.0,0.0,0.0
2025-09-19 10:18:00.638669+03:00,116843.5,116843.5,116843.65142200027,0.15142200027185027,2025-09-19 10:18:05.638669+03:00,0.00012959385868435152,116843.5,1.0,0.0,0.0
2025-09-19 10:18:05.658926+03:00,116843.51,116843.51,116843.62249584644,0.12249584644450806,2025-09-19 10:18:10.658926+03:00,9.627907142617229e-05,116843.5,1.0,-1.0,0.0
2025-09-19 10:18:10.706704+03:00,116843.51,116843.51,116843.70619000026,0.20619000025908463,2025-09-19 10:18:15.706704+03:00,0.00016790834190476075,116843.5,1.0,-1.0,0.0
2025-09-19 10:18:15.606934+03:00,116843.5,116843.5,116843.49887000026,0.011129999737022445,2025-09-19 10:18:20.606934+03:00,-9.671053522541981e-07,116843.51,-1.0,1.0,0.0
2025-09-19 10:18:20.637743+03:00,116843.5,116843.5,116843.32271800017,0.1772819998295745,2025-09-19 10:18:25.637743+03:00,-0.00015172602654796758,116843.5,-1.0,0.0,0.0
2025-09-19 10:18:25.689830+03:00,116843.51,116843.51,116845.08579799997,1.5757979999762028,2025-09-19 10:18:30.689830+03:00,0.001348639731874028,116843.51,1.0,0.0,0.0
2025-09-19 10:18:30.652524+03:00,116843.51,116843.51,116844.31990384635,15.320096153649502,2025-09-19 10:18:35.652524+03:00,0.0006931526161403018,116859.64,1.0,1.0,1.0
2025-09-19 10:18:35.685009+03:00,116843.51,116843.51,116844.1004300002,15.539569999804371,2025-09-19 10:18:40.685009+03:00,0.0005053168979606018,116859.64,1.0,1.0,1.0
2025-09-19 10:18:40.712457+03:00,116859.64,116859.64,116857.29632499981,2.353675000180374,2025-09-19 10:18:45.712457+03:00,-0.002005546996538422,116859.65,-1.0,1.0,0.0
2025-09-19 10:18:45.706550+03:00,116859.65,116859.65,116863.88195192974,4.241951929740026,2025-09-19 10:18:50.706550+03:00,0.003621397060272955,116859.64,1.0,-1.0,0.0
2025-09-19 10:18:50.694254+03:00,116859.64,116859.64,116865.1679852629,5.5179852629080415,2025-09-19 10:18:55.694254+03:00,0.004730448650109484,116859.65,1.0,1.0,1.0
2025-09-19 10:18:58.077714+03:00,116859.64,116859.64,116859.60469000002,0.04530999997223262,2025-09-19 10:19:03.077714+03:00,-3.0215735712921338e-05,116859.65,-1.0,1.0,0.0
2025-09-19 10:19:03.089217+03:00,116859.65,116859.65,116862.17284571438,13.352845714369323,2025-09-19 10:19:08.089217+03:00,0.0021588681074965815,116848.82,1.0,-1.0,0.0
2025-09-19 10:19:08.187200+03:00,116859.64,116859.64,116861.6433337144,12.833333714399487,2025-09-19 10:19:13.187200+03:00,0.001714307621003916,116848.81,1.0,-1.0,0.0
2025-09-19 10:19:13.109098+03:00,116848.81,116848.81,116848.26009601598,9.250096015981399,2025-09-19 10:19:18.109098+03:00,-0.00047061153983640215,116839.01,-1.0,-1.0,1.0
2025-09-19 10:19:18.108220+03:00,116839.0,116839.0,116836.71783999988,0.6278399998845998,2025-09-19 10:19:23.108220+03:00,-0.0019532519108507373,116836.09,-1.0,-1.0,1.0
2025-09-19 10:19:23.122473+03:00,116836.1,116836.1,116835.12437333314,0.9756266668700846,2025-09-19 10:19:28.122473+03:00,-0.0008350387139506408,116836.1,-1.0,0.0,0.0
2025-09-19 10:19:28.137948+03:00,116836.09,116836.09,116834.58083499987,7.370834999863291,2025-09-19 10:19:33.137948+03:00,-0.0012916942017888596,116827.21,-1.0,-1.0,1.0
2025-09-19 10:19:33.138512+03:00,116827.2,116827.2,116822.54800000004,4.58800000003248,2025-09-19 10:19:38.138512+03:00,-0.003981949409005957,116817.96,-1.0,-1.0,1.0
2025-09-19 10:19:38.163622+03:00,116827.21,116827.21,116823.40093179484,5.440931794830249,2025-09-19 10:19:43.163622+03:00,-0.003260428974696692,116817.96,-1.0,-1.0,1.0
2025-09-19 10:19:43.168806+03:00,116817.96,116817.96,116812.50047999981,5.459520000193152,2025-09-19 10:19:48.168806+03:00,-0.004673527940560811,116817.96,-1.0,0.0,0.0
2025-09-19 10:19:48.184033+03:00,116817.97,116817.97,116812.04304000002,42.046959999977844,2025-09-19 10:19:53.184033+03:00,-0.0050736714565254816,116854.09,-1.0,1.0,0.0
2025-09-19 10:19:53.186180+03:00,116842.09,116842.09,116831.78231333342,26.507686666576774,2025-09-19 10:19:58.186180+03:00,-0.008821895146329277,116858.29,-1.0,1.0,0.0
2025-09-19 10:20:00.620988+03:00,116858.28,116858.28,116848.47167999993,9.808320000069216,2025-09-19 10:20:05.620988+03:00,-0.008393346196837072,116858.28,-1.0,0.0,0.0
2025-09-19 10:20:05.640383+03:00,116858.28,116858.28,116857.1332104762,7.943210476194508,2025-09-19 10:20:10.640383+03:00,-0.000981350678618579,116849.19,-1.0,-1.0,1.0
2025-09-19 10:20:10.651422+03:00,116849.18,116849.18,116852.14469948734,8.255300512653776,2025-09-19 10:20:15.651422+03:00,0.002537201790673575,116860.4,1.0,1.0,1.0
2025-09-19 10:20:15.686422+03:00,116858.28,116858.28,116853.52268571418,16.767314285811153,2025-09-19 10:20:20.686422+03:00,-0.0040710117296064875,116870.29,-1.0,1.0,0.0
2025-09-19 10:20:20.722773+03:00,116870.29,116870.29,116861.29958222219,8.990417777808034,2025-09-19 10:20:25.722773+03:00,-0.007692646076096871,116870.29,-1.0,0.0,0.0
2025-09-19 10:20:25.681660+03:00,116870.3,116870.3,116867.62529470075,2.6747052992577665,2025-09-19 10:20:30.681660+03:00,-0.0022886099370479636,116870.3,-1.0,0.0,0.0
2025-09-19 10:20:30.691192+03:00,116870.3,116870.3,116870.8597080166,0.5697080165991792,2025-09-19 10:20:35.691192+03:00,0.0004789138186432875,116870.29,1.0,-1.0,0.0
2025-09-19 10:20:35.704329+03:00,116870.3,116870.3,116871.15735252513,16.50264747487381,2025-09-19 10:20:40.704329+03:00,0.0007335931585071408,116887.66,1.0,1.0,1.0
2025-09-19 10:20:40.707299+03:00,116887.65,116887.65,116872.55392499991,15.106075000090641,2025-09-19 10:20:45.707299+03:00,-0.012915029945491529,116887.66,-1.0,1.0,0.0
2025-09-19 10:20:45.716715+03:00,116887.66,116887.66,116882.40573720046,5.244262799533317,2025-09-19 10:20:50.716715+03:00,-0.004495139007438963,116887.65,-1.0,-1.0,1.0
2025-09-19 10:20:50.715753+03:00,116887.66,116887.66,116885.51093320493,2.139066795061808,2025-09-19 10:20:55.715753+03:00,-0.0018385745724323005,116887.65,-1.0,-1.0,1.0
2025-09-19 10:20:55.675988+03:00,116887.65,116887.65,116888.34323642906,0.6832364290603437,2025-09-19 10:21:00.675988+03:00,0.0005930792766127618,116887.66,1.0,1.0,1.0
2025-09-19 10:21:03.136933+03:00,116887.66,116887.66,116890.63262333316,2.9726233331603,2025-09-19 10:21:08.136933+03:00,0.002543145558017245,116887.66,1.0,0.0,0.0
2025-09-19 10:21:08.139571+03:00,116887.66,116887.66,116890.2107705261,26.480770526104607,2025-09-19 10:21:13.139571+03:00,0.0021822410732638842,116863.73,1.0,-1.0,0.0
2025-09-19 10:21:13.151729+03:00,116863.73,116863.73,116873.99422399973,10.254223999727401,2025-09-19 10:21:18.151729+03:00,0.00878307067533846,116863.74,1.0,1.0,1.0
2025-09-19 10:21:18.171667+03:00,116863.74,116863.74,116868.95735679539,5.22735679539619,2025-09-19 10:21:23.171667+03:00,0.004464478712889795,116863.73,1.0,-1.0,0.0
2025-09-19 10:21:23.193984+03:00,116863.73,116863.73,116862.64987350625,1.090126493756543,2025-09-19 10:21:28.193984+03:00,-0.0009242615255796044,116863.74,-1.0,1.0,0.0
2025-09-19 10:21:28.193621+03:00,116863.74,116863.74,116859.81352122812,3.9264787718857406,2025-09-19 10:21:33.193621+03:00,-0.0033598777275874792,116863.74,-1.0,0.0,0.0
2025-09-19 10:21:33.213040+03:00,116863.74,116863.74,116859.05647634005,10.943523659952916,2025-09-19 10:21:38.213040+03:00,-0.0040076790798909525,116870.0,-1.0,1.0,0.0
2025-09-19 10:21:38.216109+03:00,116870.0,116870.0,116868.37572457093,1.6242754290724406,2025-09-19 10:21:43.216109+03:00,-0.0013898138350923596,116870.0,-1.0,0.0,0.0
2025-09-19 10:21:43.226650+03:00,116870.0,116870.0,116870.3258157268,0.3258157267991919,2025-09-19 10:21:48.226650+03:00,0.0002787847409935757,116870.0,1.0,0.0,0.0
2025-09-19 10:21:48.235198+03:00,116869.99,116869.99,116876.66981428565,6.679814285642351,2025-09-19 10:21:53.235198+03:00,0.005715594127835855,116869.99,1.0,0.0,0.0
2025-09-19 10:21:53.232709+03:00,116869.99,116869.99,116876.99581428555,6.995814285546658,2025-09-19 10:21:58.232709+03:00,0.005994536566266001,116870.0,1.0,1.0,1.0
2025-09-19 10:21:58.235256+03:00,116870.0,116870.0,116876.01884761879,4.028847618785221,2025-09-19 10:22:03.235256+03:00,0.005150036466835338,116871.99,1.0,1.0,1.0
2025-09-19 10:22:05.648314+03:00,116871.99,116871.99,116875.63805285681,3.638052856811555,2025-09-19 10:22:10.648314+03:00,0.003121409036336522,116872.0,1.0,1.0,1.0
2025-09-19 10:22:10.732396+03:00,116872.0,116872.0,116874.76155428539,2.7615542853891384,2025-09-19 10:22:15.732396+03:00,0.0023628878477215576,116872.0,1.0,0.0,0.0
2025-09-19 10:22:15.697958+03:00,116871.99,116871.99,116872.38627499982,0.39627499981725123,2025-09-19 10:22:20.697958+03:00,0.00033906755572250564,116871.99,1.0,0.0,0.0
2025-09-19 10:22:20.716188+03:00,116871.99,116871.99,116873.71810428548,1.7181042854790576,2025-09-19 10:22:25.716188+03:00,0.0014786299826620721,116872.0,1.0,1.0,1.0
2025-09-19 10:22:25.693328+03:00,116872.0,116872.0,116873.72954428548,1.7295442854810972,2025-09-19 10:22:30.693328+03:00,0.0014798619733392918,116872.0,1.0,0.0,0.0
2025-09-19 10:22:30.706626+03:00,116872.0,116872.0,116874.36188285693,2.3718828569253674,2025-09-19 10:22:35.706626+03:00,0.0020209142112144964,116871.99,1.0,-1.0,0.0
2025-09-19 10:22:35.696836+03:00,116871.99,116871.99,116873.1717385713,1.1717385712981923,2025-09-19 10:22:40.696836+03:00,0.0010111392569707707,116872.0,1.0,1.0,1.0
2025-09-19 10:22:40.708651+03:00,116872.0,116872.0,116874.09528226877,4.105282268763403,2025-09-19 10:22:45.708651+03:00,0.0017928009007877356,116869.99,1.0,-1.0,0.0
2025-09-19 10:22:45.755055+03:00,116872.0,116872.0,116873.70334093554,5.853340935529559,2025-09-19 10:22:50.755055+03:00,0.0014574414192752583,116867.85,1.0,-1.0,0.0
2025-09-19 10:22:50.781631+03:00,116869.99,116869.99,116868.11308500003,0.263085000027786,2025-09-19 10:22:55.781631+03:00,-0.0016059854201849696,116867.85,-1.0,-1.0,1.0
2025-09-19 10:22:55.787952+03:00,116867.85,116867.85,116867.55615238454,9.266152384545421,2025-09-19 10:23:00.787952+03:00,-0.0002514358016056618,116858.29,-1.0,-1.0,1.0
2025-09-19 10:23:00.906656+03:00,116858.31,116858.31,116859.86568725196,1.565687251961208,2025-09-19 10:23:05.906656+03:00,0.0013312594131871722,116858.3,1.0,-1.0,0.0
2025-09-19 10:23:08.103637+03:00,116858.29,116858.29,116857.36044456337,0.9295554366253782,2025-09-19 10:23:13.103637+03:00,-0.000795455278889823,116858.29,-1.0,0.0,0.0
2025-09-19 10:23:13.131616+03:00,116858.29,116858.29,116855.64963333317,2.640366666819318,2025-09-19 10:23:18.131616+03:00,-0.0022594602974417293,116858.29,-1.0,0.0,0.0
2025-09-19 10:23:18.216454+03:00,116858.3,116858.3,116857.0401311111,1.259868888897472,2025-09-19 10:23:23.216454+03:00,-0.0010781167353088928,116858.3,-1.0,0.0,0.0
2025-09-19 10:23:23.136152+03:00,116858.29,116858.29,116857.3753311111,0.9146688888868084,2025-09-19 10:23:28.136152+03:00,-0.0007827163044117867,116858.29,-1.0,0.0,0.0
2025-09-19 10:23:28.152344+03:00,116858.3,116858.3,116857.9714897778,0.3185102221905254,2025-09-19 10:23:33.152344+03:00,-0.0002811184333503385,116858.29,-1.0,-1.0,1.0
2025-09-19 10:23:33.165463+03:00,116858.3,116858.3,116858.23744311114,1.3274431111349259,2025-09-19 10:23:38.165463+03:00,-5.3532259894669074e-05,116856.91,-1.0,-1.0,1.0
2025-09-19 10:23:38.185067+03:00,116856.9,116856.9,116855.90185600103,0.998143998964224,2025-09-19 10:23:43.185067+03:00,-0.0008541592314739001,116856.9,-1.0,0.0,0.0
2025-09-19 10:23:43.175375+03:00,116856.91,116856.91,116855.02325343476,1.8767465652344981,2025-09-19 10:23:48.175375+03:00,-0.0016145785176450507,116856.9,-1.0,-1.0,1.0
2025-09-19 10:23:48.197081+03:00,116856.91,116856.91,116855.11696806298,1.7930319370207144,2025-09-19 10:23:53.197081+03:00,-0.0015343824657187276,116856.91,-1.0,0.0,0.0
2025-09-19 10:23:53.208067+03:00,116856.91,116856.91,116855.04360806302,1.8663919369864743,2025-09-19 10:23:58.208067+03:00,-0.0015971600968966869,116856.91,-1.0,0.0,0.0
2025-09-19 10:23:58.221166+03:00,116856.91,116856.91,116853.24466953795,3.665330462055863,2025-09-19 10:24:03.221166+03:00,-0.0031365971101374006,116856.91,-1.0,0.0,0.0
2025-09-19 10:24:03.246590+03:00,116856.91,116856.91,116852.21063439849,4.69936560151109,2025-09-19 10:24:08.246590+03:00,-0.004021470019625789,116856.91,-1.0,0.0,0.0
2025-09-19 10:24:11.193664+03:00,116856.91,116856.91,116853.57564400008,3.32435599991004,2025-09-19 10:24:16.193664+03:00,-0.0028533665659303785,116856.9,-1.0,-1.0,1.0
2025-09-19 10:24:16.188769+03:00,116856.9,116856.9,116854.90908000008,2.000919999918551,2025-09-19 10:24:21.188769+03:00,-0.0017037248120643608,116856.91,-1.0,1.0,0.0
2025-09-19 10:24:21.192730+03:00,116856.9,116856.9,116855.92045985053,0.9895401494723046,2025-09-19 10:24:26.192730+03:00,-0.000838239033778058,116856.91,-1.0,1.0,0.0
2025-09-19 10:24:26.220389+03:00,116856.91,116856.91,116856.59613733308,1.5238626669161022,2025-09-19 10:24:31.220389+03:00,-0.0002685871694915185,116858.12,-1.0,1.0,0.0
2025-09-19 10:24:31.234257+03:00,116858.12,116858.12,116853.77315128215,4.526848717854591,2025-09-19 10:24:36.234257+03:00,-0.003719766087155111,116858.3,-1.0,1.0,0.0
2025-09-19 10:24:36.219137+03:00,116858.3,116858.3,116858.08229933775,3.5077006622450426,2025-09-19 10:24:41.219137+03:00,-0.00018629456551348553,116861.59,-1.0,1.0,0.0
2025-09-19 10:24:41.233548+03:00,116858.29,116858.29,116859.35441661549,2.245583384516067,2025-09-19 10:24:46.233548+03:00,0.0009108610227790916,116861.6,1.0,1.0,1.0
2025-09-19 10:24:46.245420+03:00,116861.59,116861.59,116863.21028941192,1.610289411910344,2025-09-19 10:24:51.245420+03:00,0.0013865029663892622,116861.6,1.0,1.0,1.0
2025-09-19 10:24:51.263077+03:00,116861.6,116861.6,116866.07802600008,4.488026000079117,2025-09-19 10:24:56.263077+03:00,0.0038319054334955225,116861.59,1.0,-1.0,0.0
2025-09-19 10:24:56.271249+03:00,116861.6,116861.6,116866.37889000005,3.6211099999491125,2025-09-19 10:25:01.271249+03:00,0.004089358694425771,116870.0,1.0,1.0,1.0
2025-09-19 10:25:01.270953+03:00,116870.0,116870.0,116872.73696045435,2.7369604543491732,2025-09-19 10:25:06.270953+03:00,0.002341884533540834,116870.0,1.0,0.0,0.0
2025-09-19 10:25:06.278461+03:00,116870.0,116870.0,116873.62304045432,3.6330404543114128,2025-09-19 10:25:11.278461+03:00,0.003100060284347267,116869.99,1.0,-1.0,0.0
2025-09-19 10:25:13.737791+03:00,116870.0,116870.0,116871.94952606046,1.9495260604599025,2025-09-19 10:25:18.737791+03:00,0.001668115051304785,116870.0,1.0,0.0,0.0
2025-09-19 10:25:18.730776+03:00,116870.0,116870.0,116871.73133583821,1.7313358382089064,2025-09-19 10:25:23.730776+03:00,0.0014814202431837995,116870.0,1.0,0.0,0.0
2025-09-19 10:25:23.729337+03:00,116870.0,116870.0,116871.58589774295,1.5858977429452352,2025-09-19 10:25:28.729337+03:00,0.0013569759073716397,116870.0,1.0,0.0,0.0
2025-09-19 10:25:28.739624+03:00,116870.0,116870.0,116871.6310310763,5.681031076295767,2025-09-19 10:25:33.739624+03:00,0.0013955943153014943,116865.95,1.0,-1.0,0.0
2025-09-19 10:25:33.736854+03:00,116865.96,116865.96,116862.08960479638,3.8703952036303235,2025-09-19 10:25:38.736854+03:00,-0.003311824250303787,116865.96,-1.0,0.0,0.0
2025-09-19 10:25:38.743872+03:00,116865.95,116865.95,116861.07402858636,4.885971413648804,2025-09-19 10:25:43.743872+03:00,-0.004172277223296855,116865.96,-1.0,1.0,0.0
2025-09-19 10:25:43.754262+03:00,116865.96,116865.96,116862.53483459038,3.425165409629699,2025-09-19 10:25:48.754262+03:00,-0.002930849504534681,116865.96,-1.0,0.0,0.0
2025-09-19 10:25:48.751795+03:00,116865.96,116865.96,116862.25134312785,9.758656872145366,2025-09-19 10:25:53.751795+03:00,-0.0031734278075129896,116872.01,-1.0,1.0,0.0
2025-09-19 10:25:53.753031+03:00,116865.96,116865.96,116862.29450298134,9.715497018652968,2025-09-19 10:25:58.753031+03:00,-0.0031364967340914407,116872.01,-1.0,1.0,0.0
2025-09-19 10:25:58.809499+03:00,116872.0,116872.0,116871.40088897024,0.6091110297566047,2025-09-19 10:26:03.809499+03:00,-0.0005126215259102637,116872.01,-1.0,1.0,0.0
2025-09-19 10:26:03.769727+03:00,116872.01,116872.01,116872.89987136336,0.8898713633680018,2025-09-19 10:26:08.769727+03:00,0.0007614067417579298,116872.01,1.0,0.0,0.0
2025-09-19 10:26:08.765294+03:00,116872.01,116872.01,116874.21223999983,2.202239999838639,2025-09-19 10:26:13.765294+03:00,0.001884317724867262,116872.01,1.0,0.0,0.0
2025-09-19 10:26:16.051414+03:00,116872.01,116872.01,116872.62072000014,18.120720000137226,2025-09-19 10:26:21.051414+03:00,0.0005225545450467263,116854.5,1.0,-1.0,0.0
2025-09-19 10:26:21.061160+03:00,116854.5,116854.5,116856.54214707787,4.142147077873233,2025-09-19 10:26:26.061160+03:00,0.0017475981480109127,116852.4,1.0,-1.0,0.0
2025-09-19 10:26:26.088129+03:00,116852.4,116852.4,116850.47018289244,1.929817107549752,2025-09-19 10:26:31.088129+03:00,-0.0016514997617077202,116852.4,-1.0,0.0,0.0
2025-09-19 10:26:31.078681+03:00,116852.4,116852.4,116851.88184671203,48.28184671202325,2025-09-19 10:26:36.078681+03:00,-0.0004434254563578548,116803.6,-1.0,-1.0,1.0
2025-09-19 10:26:36.095636+03:00,116803.59,116803.59,116809.29399999988,5.693999999872176,2025-09-19 10:26:41.095636+03:00,0.00488341154572517,116803.6,1.0,1.0,1.0
2025-09-19 10:26:41.076175+03:00,116803.59,116803.59,116799.89378857131,13.656211428693496,2025-09-19 10:26:46.076175+03:00,-0.003164467315334309,116813.55,-1.0,1.0,0.0
2025-09-19 10:26:46.090336+03:00,116813.54,116813.54,116807.74026857138,5.809731428627856,2025-09-19 10:26:51.090336+03:00,-0.0049649479235185775,116813.55,-1.0,1.0,0.0
2025-09-19 10:26:51.094948+03:00,116813.55,116813.55,116805.4359085714,8.114091428607935,2025-09-19 10:26:56.094948+03:00,-0.006946190256702184,116813.55,-1.0,0.0,0.0
2025-09-19 10:26:56.090237+03:00,116813.55,116813.55,116803.23780000003,32.8121999999712,2025-09-19 10:27:01.090237+03:00,-0.008827914227391598,116836.05,-1.0,1.0,0.0
2025-09-19 10:27:01.092528+03:00,116825.45,116825.45,116809.04943999997,27.00056000002951,2025-09-19 10:27:06.092528+03:00,-0.014038516436293367,116836.05,-1.0,1.0,0.0
2025-09-19 10:27:06.092935+03:00,116836.04,116836.04,116826.16687999999,9.873120000003837,2025-09-19 10:27:11.092935+03:00,-0.008450406227396819,116836.04,-1.0,0.0,0.0
2025-09-19 10:27:11.099564+03:00,116836.05,116836.05,116835.90464000012,3.895359999878565,2025-09-19 10:27:16.099564+03:00,-0.0001244136547568707,116839.8,-1.0,1.0,0.0
2025-09-19 10:27:18.459379+03:00,116839.8,116839.8,116842.58012000023,2.7701200002338737,2025-09-19 10:27:23.459379+03:00,0.0023794289276673143,116839.81,1.0,1.0,1.0
2025-09-19 10:27:23.519025+03:00,116839.81,116839.81,116842.3755600002,2.5755600002012216,2025-09-19 10:27:28.519025+03:00,0.002195792684194249,116839.8,1.0,-1.0,0.0
2025-09-19 10:27:28.447210+03:00,116839.81,116839.81,116842.57624000014,2.766240000142716,2025-09-19 10:27:33.447210+03:00,0.002367549211302822,116839.81,1.0,0.0,0.0
2025-09-19 10:27:33.515654+03:00,116839.81,116839.81,116842.56460000014,4.6853999998566,2025-09-19 10:27:38.515654+03:00,0.002357586853441245,116847.25,1.0,1.0,1.0
2025-09-19 10:27:38.518699+03:00,116847.24,116847.24,116848.44755999999,1.542440000019269,2025-09-19 10:27:43.518699+03:00,0.0010334518812602942,116849.99,1.0,1.0,1.0
2025-09-19 10:27:43.512704+03:00,116850.0,116850.0,116850.4841757143,0.49417571429512464,2025-09-19 10:27:48.512704+03:00,0.0004143566232780174,116849.99,1.0,-1.0,0.0
2025-09-19 10:27:48.423889+03:00,116849.99,116849.99,116848.46556571442,1.5344342855823925,2025-09-19 10:27:53.423889+03:00,-0.0013046079726559078,116850.0,-1.0,1.0,0.0
2025-09-19 10:27:53.596392+03:00,116849.99,116849.99,116848.35840615905,1.6415938409481896,2025-09-19 10:27:58.596392+03:00,-0.0013963149170602652,116850.0,-1.0,1.0,0.0
2025-09-19 10:27:58.559840+03:00,116850.0,116850.0,116847.31195015906,2.6880498409445863,2025-09-19 10:28:03.559840+03:00,-0.0023004277628965223,116850.0,-1.0,0.0,0.0
2025-09-19 10:28:03.705371+03:00,116849.99,116849.99,116845.85363015906,4.136369840940461,2025-09-19 10:28:08.705371+03:00,-0.0035398974710570885,116849.99,-1.0,0.0,0.0
2025-09-19 10:28:08.509916+03:00,116849.99,116849.99,116845.22935015909,4.7606498409149935,2025-09-19 10:28:13.509916+03:00,-0.004074155111964488,116849.99,-1.0,0.0,0.0
2025-09-19 10:28:13.687884+03:00,116849.99,116849.99,116845.2183101591,4.7816898408927955,2025-09-19 10:28:18.687884+03:00,-0.00408360312302811,116850.0,-1.0,1.0,0.0
2025-09-19 10:28:21.208084+03:00,116850.0,116850.0,116846.25832,16.27168000000529,2025-09-19 10:28:26.208084+03:00,-0.0032021223791240516,116862.53,-1.0,1.0,0.0
2025-09-19 10:28:26.209508+03:00,116862.53,116862.53,116864.96375812875,2.7262418712489307,2025-09-19 10:28:31.209508+03:00,0.002082582097747295,116867.69,1.0,1.0,1.0
2025-09-19 10:28:31.224903+03:00,116867.69,116867.69,116869.08512666663,1.395126666626311,2025-09-19 10:28:36.224903+03:00,0.001193765930195344,116867.69,1.0,0.0,0.0
2025-09-19 10:28:36.232464+03:00,116867.69,116867.69,116869.23299999992,1.5329999999230495,2025-09-19 10:28:41.232464+03:00,0.001320296482216608,116867.7,1.0,1.0,1.0
2025-09-19 10:28:41.227645+03:00,116867.7,116867.7,116870.14836000004,2.458360000033281,2025-09-19 10:28:46.227645+03:00,0.00209498432846588,116867.69,1.0,-1.0,0.0
2025-09-19 10:28:46.229473+03:00,116867.7,116867.7,116869.5274400001,1.827440000110073,2025-09-19 10:28:51.229473+03:00,0.0015636826942859944,116867.7,1.0,0.0,0.0
2025-09-19 10:28:51.234433+03:00,116867.7,116867.7,116869.74160000008,2.0516000000789063,2025-09-19 10:28:56.234433+03:00,0.0017469326427097865,116867.69,1.0,-1.0,0.0
2025-09-19 10:28:56.239213+03:00,116867.7,116867.7,116869.31092000009,1.6109200000937562,2025-09-19 10:29:01.239213+03:00,0.001378413368359056,116867.7,1.0,0.0,0.0
2025-09-19 10:29:01.249681+03:00,116867.7,116867.7,116868.12746555582,5.392534444181365,2025-09-19 10:29:06.249681+03:00,0.0003657687759968066,116873.52,1.0,1.0,1.0
2025-09-19 10:29:06.268956+03:00,116873.52,116873.52,116872.10433333318,1.425666666822508,2025-09-19 10:29:11.268956+03:00,-0.0012112809358593346,116873.53,-1.0,1.0,0.0
2025-09-19 10:29:11.264334+03:00,116873.52,116873.52,116872.05097793922,1.4690220607881201,2025-09-19 10:29:16.264334+03:00,-0.0012569331879352312,116873.52,-1.0,0.0,0.0
2025-09-19 10:29:16.269946+03:00,116873.53,116873.53,116868.95188060583,4.568119394170935,2025-09-19 10:29:21.269946+03:00,-0.0039171567712258685,116873.52,-1.0,-1.0,1.0
2025-09-19 10:29:23.995474+03:00,116873.53,116873.53,116870.98274599997,2.5372540000389563,2025-09-19 10:29:28.995474+03:00,-0.0021794960758297604,116873.52,-1.0,-1.0,1.0
2025-09-19 10:29:29.003276+03:00,116873.53,116873.53,116870.71855999992,2.8114400000777096,2025-09-19 10:29:34.003276+03:00,-0.0024055404162753613,116873.53,-1.0,0.0,0.0
2025-09-19 10:29:34.013316+03:00,116873.52,116873.52,116870.48459999997,3.0454000000318047,2025-09-19 10:29:39.013316+03:00,-0.002597166578055528,116873.53,-1.0,1.0,0.0
2025-09-19 10:29:39.012893+03:00,116873.52,116873.52,116870.18292,3.3470799999922747,2025-09-19 10:29:44.012893+03:00,-0.0028552917718209507,116873.53,-1.0,1.0,0.0
2025-09-19 10:29:44.001426+03:00,116873.52,116873.52,116870.09379999993,0.0937999999296153,2025-09-19 10:29:49.001426+03:00,-0.0029315451439080975,116870.0,-1.0,-1.0,1.0
2025-09-19 10:29:48.999649+03:00,116870.01,116870.01,116865.86607999996,4.133920000036596,2025-09-19 10:29:53.999649+03:00,-0.003545751386545922,116870.0,-1.0,-1.0,1.0
2025-09-19 10:29:54.011844+03:00,116870.01,116870.01,116867.17706533322,1.9570653332193615,2025-09-19 10:29:59.011844+03:00,-0.002424004812504282,116865.22,-1.0,-1.0,1.0
2025-09-19 10:29:59.006860+03:00,116870.0,116870.0,116867.30541866651,11.045418666515616,2025-09-19 10:30:04.006860+03:00,-0.00230562277187441,116856.26,-1.0,-1.0,1.0
2025-09-19 10:30:04.010214+03:00,116865.23,116865.23,116864.95314696002,13.52314696002577,2025-09-19 10:30:09.010214+03:00,-0.0002368994096679917,116851.43,-1.0,-1.0,1.0
2025-09-19 10:30:09.015996+03:00,116856.25,116856.25,116853.1285239843,1.6885239842958981,2025-09-19 10:30:14.015996+03:00,-0.0026712101541011063,116851.44,-1.0,-1.0,1.0
2025-09-19 10:30:14.010151+03:00,116851.43,116851.43,116841.7511083332,9.248891666793497,2025-09-19 10:30:19.010151+03:00,-0.00828307506958752,116851.0,-1.0,-1.0,1.0
2025-09-19 10:30:19.035231+03:00,116851.0,116851.0,116848.47228400002,5.692284000018844,2025-09-19 10:30:24.035231+03:00,-0.0021631958648041694,116842.78,-1.0,-1.0,1.0
2025-09-19 10:30:26.413022+03:00,116842.78,116842.78,116841.78008000014,0.9999199998565018,2025-09-19 10:30:31.413022+03:00,-0.0008557824453136957,116842.78,-1.0,0.0,0.0
2025-09-19 10:30:31.420053+03:00,116842.79,116842.79,116841.28207681818,1.497923181814258,2025-09-19 10:30:36.420053+03:00,-0.0012905573222010698,116842.78,-1.0,-1.0,1.0
2025-09-19 10:30:36.509871+03:00,116842.78,116842.78,116841.16783681829,1.6121631817077287,2025-09-19 10:30:41.509871+03:00,-0.001379771331791086,116842.78,-1.0,0.0,0.0
2025-09-19 10:30:41.442107+03:00,116842.79,116842.79,116842.23887681837,0.5511231816199142,2025-09-19 10:30:46.442107+03:00,-0.00047167923807700437,116842.79,-1.0,0.0,0.0
2025-09-19 10:30:46.470091+03:00,116842.78,116842.78,116841.77797500016,2.347975000171573,2025-09-19 10:30:51.470091+03:00,-0.0008575840114675874,116839.43,-1.0,-1.0,1.0
2025-09-19 10:30:51.606406+03:00,116841.54,116841.54,116840.576335,5.886335000002873,2025-09-19 10:30:56.606406+03:00,-0.000824762323389777,116834.69,-1.0,-1.0,1.0
2025-09-19 10:30:56.510013+03:00,116839.43,116839.43,116838.39664000014,7.003359999856912,2025-09-19 10:31:01.510013+03:00,-0.0008844274572853937,116845.4,-1.0,1.0,0.0
2025-09-19 10:31:01.524092+03:00,116845.41,116845.41,116841.86408000003,3.5359199999656994,2025-09-19 10:31:06.524092+03:00,-0.0030347105632775925,116845.4,-1.0,-1.0,1.0
2025-09-19 10:31:06.526055+03:00,116845.41,116845.41,116843.66908095247,1.740919047530042,2025-09-19 10:31:11.526055+03:00,-0.0014899336204392127,116845.41,-1.0,0.0,0.0
2025-09-19 10:31:11.613057+03:00,116845.4,116845.4,116848.46723066675,3.057230666745454,2025-09-19 10:31:16.613057+03:00,0.002625033306193284,116845.41,1.0,1.0,1.0
2025-09-19 10:31:16.695858+03:00,116845.4,116845.4,116849.22509177784,3.825091777849593,2025-09-19 10:31:21.695858+03:00,0.0032736348866532986,116845.4,1.0,0.0,0.0
2025-09-19 10:31:21.607387+03:00,116845.4,116845.4,116849.38052377789,3.980523777892813,2025-09-19 10:31:26.607387+03:00,0.0034066585230508118,116845.4,1.0,0.0,0.0
2025-09-19 10:31:28.948496+03:00,116845.41,116845.41,116847.23016250267,6.530162502676831,2025-09-19 10:31:33.948496+03:00,0.00155775267737982,116840.7,1.0,-1.0,0.0
2025-09-19 10:31:33.944566+03:00,116845.41,116845.41,116847.77765394225,7.067653942242032,2025-09-19 10:31:38.944566+03:00,0.0020263131793066946,116840.71,1.0,-1.0,0.0
2025-09-19 10:31:39.004288+03:00,116840.7,116840.7,116842.86963066546,2.159630665453733,2025-09-19 10:31:44.004288+03:00,0.0018569134432291539,116840.71,1.0,1.0,1.0
2025-09-19 10:31:43.958310+03:00,116840.71,116840.71,116842.0008145454,1.3008145454077749,2025-09-19 10:31:48.958310+03:00,0.001104764379982338,116840.7,1.0,-1.0,0.0
2025-09-19 10:31:48.975311+03:00,116840.71,116840.71,116842.66422666654,1.9642266665468924,2025-09-19 10:31:53.975311+03:00,0.001672556308959077,116840.7,1.0,-1.0,0.0
2025-09-19 10:31:54.087483+03:00,116840.7,116840.7,116842.1389866664,1.4289866663893918,2025-09-19 10:31:59.087483+03:00,0.0012315799771815,116840.71,1.0,1.0,1.0
2025-09-19 10:31:59.099956+03:00,116840.7,116840.7,116841.59940666653,0.8994066665327409,2025-09-19 10:32:04.099956+03:00,0.0007697717204131273,116840.7,1.0,0.0,0.0
2025-09-19 10:32:04.106196+03:00,116840.71,116840.71,116842.7520266664,2.0420266664004885,2025-09-19 10:32:09.106196+03:00,0.0017477013503260023,116840.71,1.0,0.0,0.0
2025-09-19 10:32:09.084426+03:00,116840.7,116840.7,116842.61750666652,1.9075066665100167,2025-09-19 10:32:14.084426+03:00,0.0016411290470866144,116840.71,1.0,1.0,1.0
2025-09-19 10:32:14.121719+03:00,116840.71,116840.71,116844.02250666646,3.322506666459958,2025-09-19 10:32:19.121719+03:00,0.002835062082771189,116840.7,1.0,-1.0,0.0
2025-09-19 10:32:19.088628+03:00,116840.7,116840.7,116843.2959866666,2.585986666599638,2025-09-19 10:32:24.088628+03:00,0.0022218171121954518,116840.71,1.0,1.0,1.0
2025-09-19 10:32:24.100697+03:00,116840.71,116840.71,116843.52486095234,2.8248609523434425,2025-09-19 10:32:29.100697+03:00,0.0024091439981271333,116840.7,1.0,-1.0,0.0
2025-09-19 10:32:31.458407+03:00,116840.71,116840.71,116841.67536795115,0.9753679511486553,2025-09-19 10:32:36.458407+03:00,0.000826225680363755,116840.7,1.0,-1.0,0.0
2025-09-19 10:32:36.457889+03:00,116840.7,116840.7,116841.88883172738,1.1888317273842404,2025-09-19 10:32:41.457889+03:00,0.0010174808327785099,116840.7,1.0,0.0,0.0
2025-09-19 10:32:41.531406+03:00,116840.71,116840.71,116842.05866672743,1.3486667274264619,2025-09-19 10:32:46.531406+03:00,0.0011542781000102292,116840.71,1.0,0.0,0.0
2025-09-19 10:32:46.512937+03:00,116840.7,116840.7,116841.51605218205,0.8160521820536815,2025-09-19 10:32:51.512937+03:00,0.0006984314387483826,116840.7,1.0,0.0,0.0
2025-09-19 10:32:51.526465+03:00,116840.7,116840.7,116841.20477484887,0.4947748488630168,2025-09-19 10:32:56.526465+03:00,0.0004320197062088211,116840.71,1.0,1.0,1.0
2025-09-19 10:32:56.530488+03:00,116840.71,116840.71,116841.84118672737,1.1311867273616372,2025-09-19 10:33:01.530488+03:00,0.0009681443457178899,116840.71,1.0,0.0,0.0
2025-09-19 10:33:01.674218+03:00,116840.71,116840.71,116841.51101061796,0.8110106179665308,2025-09-19 10:33:06.674218+03:00,0.0006855578145298993,116840.7,1.0,-1.0,0.0
2025-09-19 10:33:06.681385+03:00,116840.71,116840.71,116842.26811172738,1.5681117273779819,2025-09-19 10:33:11.681385+03:00,0.0013335349702759155,116840.7,1.0,-1.0,0.0
2025-09-19 10:33:11.745576+03:00,116840.71,116840.71,116841.78678172748,1.0767817274754634,2025-09-19 10:33:16.745576+03:00,0.0009215809519434308,116840.71,1.0,0.0,0.0
2025-09-19 10:33:16.607434+03:00,116840.71,116840.71,116841.57046641267,0.8604664126614807,2025-09-19 10:33:21.607434+03:00,0.0007364440122466568,116840.71,1.0,0.0,0.0
2025-09-19 10:33:21.610249+03:00,116840.71,116840.71,116842.12802249672,1.4180224967130926,2025-09-19 10:33:26.610249+03:00,0.001213637350126589,116840.71,1.0,0.0,0.0
2025-09-19 10:33:26.697332+03:00,116840.7,116840.7,116841.87778172753,1.1677817275194684,2025-09-19 10:33:31.697332+03:00,0.0010080235119515558,116840.71,1.0,1.0,1.0
2025-09-19 10:33:33.968233+03:00,116840.7,116840.7,116841.03366538361,0.3336653836158803,2025-09-19 10:33:38.968233+03:00,0.00028557290705711306,116840.7,1.0,0.0,0.0
2025-09-19 10:33:38.959762+03:00,116840.7,116840.7,116840.9118488704,0.21184887039999012,2025-09-19 10:33:43.959762+03:00,0.00018131427695998922,116840.7,1.0,0.0,0.0
2025-09-19 10:33:43.986399+03:00,116840.7,116840.7,116840.71315881185,0.013158811852918006,2025-09-19 10:33:48.986399+03:00,1.126218163098818e-05,116840.7,1.0,0.0,0.0
2025-09-19 10:33:49.003740+03:00,116840.71,116840.71,116840.70582561514,0.004174384870566428,2025-09-19 10:33:54.003740+03:00,-3.5727143994301538e-06,116840.71,-1.0,0.0,0.0
2025-09-19 10:33:54.017054+03:00,116840.7,116840.7,116840.70608668157,0.003913318432751112,2025-09-19 10:33:59.017054+03:00,5.209384723441502e-06,116840.71,1.0,1.0,1.0
2025-09-19 10:33:58.998805+03:00,116840.71,116840.71,116841.04847409298,0.34847409298527054,2025-09-19 10:34:03.998805+03:00,0.0002896884938271578,116840.7,1.0,-1.0,0.0
2025-09-19 10:34:04.083488+03:00,116840.7,116840.7,116840.89680825493,0.18680825491901487,2025-09-19 10:34:09.083488+03:00,0.00016844152331193507,116840.71,1.0,1.0,1.0
2025-09-19 10:34:09.104339+03:00,116840.7,116840.7,116840.77720478686,0.07720478686678689,2025-09-19 10:34:14.104339+03:00,6.60769636494705e-05,116840.7,1.0,0.0,0.0
2025-09-19 10:34:14.039395+03:00,116840.7,116840.7,116840.92056660005,0.2105666000425117,2025-09-19 10:34:19.039395+03:00,0.00018877548666845108,116840.71,1.0,1.0,1.0
2025-09-19 10:34:19.035706+03:00,116840.71,116840.71,116840.87251388382,0.16251388381351717,2025-09-19 10:34:24.035706+03:00,0.00013909012005620057,116840.71,1.0,0.0,0.0
2025-09-19 10:34:24.040452+03:00,116840.71,116840.71,116841.09054020667,4.309459793323185,2025-09-19 10:34:29.040452+03:00,0.0003256914534879077,116845.4,1.0,1.0,1.0
2025-09-19 10:34:29.047268+03:00,116845.41,116845.41,116844.12289003766,1.2871099623444024,2025-09-19 10:34:34.047268+03:00,-0.0011015494424166104,116845.41,-1.0,0.0,0.0
2025-09-19 10:34:36.176515+03:00,116845.4,116845.4,116846.15124056565,7.158759434343665,2025-09-19 10:34:41.176515+03:00,0.0006429355076535556,116853.31,1.0,1.0,1.0
2025-09-19 10:34:41.277564+03:00,116853.31,116853.31,116854.15960799975,4.0403920002427185,2025-09-19 10:34:46.277564+03:00,0.0007270722581642741,116858.2,1.0,1.0,1.0
2025-09-19 10:34:46.190218+03:00,116858.19,116858.19,116860.22660666653,2.026606666535372,2025-09-19 10:34:51.190218+03:00,0.00174280182375761,116858.2,1.0,1.0,1.0
2025-09-19 10:34:51.195260+03:00,116858.19,116858.19,116859.68807036354,1.4980703635374084,2025-09-19 10:34:56.195260+03:00,0.0012819558163081324,116858.19,1.0,0.0,0.0
2025-09-19 10:34:56.217751+03:00,116858.2,116858.2,116857.0777685858,5.59223141419352,2025-09-19 10:35:01.217751+03:00,-0.0009603360433348762,116862.67,-1.0,1.0,0.0
2025-09-19 10:35:01.207178+03:00,116862.68,116862.68,116860.31665333331,2.3633466666797176,2025-09-19 10:35:06.207178+03:00,-0.002022327972180441,116862.68,-1.0,0.0,0.0
2025-09-19 10:35:06.196055+03:00,116862.67,116862.67,116861.96609999999,42.93390000000363,2025-09-19 10:35:11.196055+03:00,-0.0006023309239877085,116904.9,-1.0,1.0,0.0
2025-09-19 10:35:11.199878+03:00,116862.68,116862.68,116865.78276038084,76.34723961916461,2025-09-19 10:35:16.199878+03:00,0.0026550481136039584,116942.13,1.0,1.0,1.0
2025-09-19 10:35:16.214570+03:00,116932.0,116932.0,116898.94620672478,43.18379327522416,2025-09-19 10:35:21.214570+03:00,-0.028267534357763063,116942.13,-1.0,1.0,0.0
2025-09-19 10:35:21.235457+03:00,116942.13,116942.13,116909.53305437231,32.586945627685054,2025-09-19 10:35:26.235457+03:00,-0.027874424407777047,116942.12,-1.0,-1.0,1.0
2025-09-19 10:35:26.241618+03:00,116942.13,116942.13,116915.21103345846,26.91896654154698,2025-09-19 10:35:31.241618+03:00,-0.023019049286640305,116942.13,-1.0,0.0,0.0
2025-09-19 10:35:31.262743+03:00,116942.13,116942.13,116916.60095195664,25.519048043352086,2025-09-19 10:35:36.262743+03:00,-0.021830496881971792,116942.12,-1.0,-1.0,1.0
2025-09-19 10:35:38.692284+03:00,116942.12,116942.12,116936.85200963201,5.267990367981838,2025-09-19 10:35:43.692284+03:00,-0.0045047843907582985,116942.12,-1.0,0.0,0.0
2025-09-19 10:35:43.626573+03:00,116942.13,116942.13,116937.00034681967,17.399653180327732,2025-09-19 10:35:48.626573+03:00,-0.0043864885822912664,116954.4,-1.0,1.0,0.0
2025-09-19 10:35:48.674839+03:00,116949.99,116949.99,116934.5139754802,19.87602451980638,2025-09-19 10:35:53.674839+03:00,-0.013233027655506597,116954.39,-1.0,1.0,0.0
2025-09-19 10:35:53.639476+03:00,116954.4,116954.4,116933.8953354802,20.504664519787184,2025-09-19 10:35:58.639476+03:00,-0.017532187348049483,116954.4,-1.0,0.0,0.0
2025-09-19 10:35:58.725425+03:00,116954.4,116954.4,116932.66771077435,21.722289225654094,2025-09-19 10:36:03.725425+03:00,-0.018581848332041257,116954.39,-1.0,-1.0,1.0
2025-09-19 10:36:03.678656+03:00,116954.4,116954.4,116932.13698439061,12.773015609389404,2025-09-19 10:36:08.678656+03:00,-0.01903563748724297,116944.91,-1.0,-1.0,1.0
2025-09-19 10:36:08.686302+03:00,116944.91,116944.91,116931.68932972396,19.840670276040328,2025-09-19 10:36:13.686302+03:00,-0.011305041216453956,116951.53,-1.0,1.0,0.0
2025-09-19 10:36:13.783840+03:00,116944.92,116944.92,116931.68930172396,19.840698276035255,2025-09-19 10:36:18.783840+03:00,-0.011313615226753478,116951.53,-1.0,1.0,0.0
2025-09-19 10:36:18.805063+03:00,116951.53,116951.53,116933.2311792288,18.28882077120943,2025-09-19 10:36:23.805063+03:00,-0.01564649968341944,116951.52,-1.0,-1.0,1.0
2025-09-19 10:36:23.738976+03:00,116951.52,116951.52,116932.95055256214,18.579447437863564,2025-09-19 10:36:28.738976+03:00,-0.01587790174755215,116951.53,-1.0,1.0,0.0
2025-09-19 10:36:28.772124+03:00,116951.52,116951.52,116933.13423656215,18.395763437845744,2025-09-19 10:36:33.772124+03:00,-0.015720841796541835,116951.53,-1.0,1.0,0.0
2025-09-19 10:36:33.791977+03:00,116959.65,116959.65,116931.70537639057,19.804623609423288,2025-09-19 10:36:38.791977+03:00,-0.023892533544194693,116951.51,-1.0,-1.0,1.0
2025-09-19 10:36:41.077631+03:00,116951.5,116951.5,116951.20861523823,0.30138476176944096,2025-09-19 10:36:46.077631+03:00,-0.0002491500850991049,116951.51,-1.0,1.0,0.0
2025-09-19 10:36:46.084188+03:00,116951.51,116951.51,116951.08485523821,0.34485523820330855,2025-09-19 10:36:51.084188+03:00,-0.0003635222510476471,116950.74,-1.0,-1.0,1.0
2025-09-19 10:36:51.080563+03:00,116951.5,116951.5,116950.8010152382,0.06101523819961585,2025-09-19 10:36:56.080563+03:00,-0.0005976706256825653,116950.74,-1.0,-1.0,1.0
2025-09-19 10:36:56.007749+03:00,116950.74,116950.74,116950.23309523825,0.5169047617528122,2025-09-19 10:37:01.007749+03:00,-0.00043343442013111746,116950.75,-1.0,1.0,0.0
2025-09-19 10:37:01.032752+03:00,116950.75,116950.75,116948.5811352382,2.1588647618045798,2025-09-19 10:37:06.032752+03:00,-0.001854511203903644,116950.74,-1.0,-1.0,1.0
2025-09-19 10:37:06.007290+03:00,116950.74,116950.74,116948.68765523822,2.052344761788845,2025-09-19 10:37:11.007290+03:00,-0.0017548796713803135,116950.74,-1.0,0.0,0.0
2025-09-19 10:37:11.020280+03:00,116950.74,116950.74,116947.5083352382,4.031664761787397,2025-09-19 10:37:16.020280+03:00,-0.0027632700415568456,116951.54,-1.0,1.0,0.0
2025-09-19 10:37:16.000346+03:00,116950.74,116950.74,116948.01257523823,3.527424761763541,2025-09-19 10:37:21.000346+03:00,-0.0023321141548785264,116951.54,-1.0,1.0,0.0
2025-09-19 10:37:21.012455+03:00,116951.54,116951.54,116949.52297523823,2.0070247617695713,2025-09-19 10:37:26.012455+03:00,-0.0017246671243186134,116951.53,-1.0,-1.0,1.0
2025-09-19 10:37:26.015175+03:00,116951.53,116951.53,116949.20445523821,2.3255447617848404,2025-09-19 10:37:31.015175+03:00,-0.001988468865507651,116951.53,-1.0,0.0,0.0
2025-09-19 10:37:31.012856+03:00,116951.53,116951.53,116950.12385523817,1.4161447618243983,2025-09-19 10:37:36.012856+03:00,-0.001202331223738276,116951.54,-1.0,1.0,0.0
2025-09-19 10:37:36.120069+03:00,116951.53,116951.53,116950.19422190488,1.3357780951191671,2025-09-19 10:37:41.120069+03:00,-0.0011421638478087178,116951.53,-1.0,0.0,0.0
2025-09-19 10:37:43.376076+03:00,116951.54,116951.54,116951.59149999988,0.06149999987974297,2025-09-19 10:37:48.376076+03:00,4.403533282672607e-05,116951.53,1.0,-1.0,0.0
2025-09-19 10:37:48.355939+03:00,116951.54,116951.54,116951.57829999988,0.03829999988374766,2025-09-19 10:37:53.355939+03:00,3.274860671672016e-05,116951.54,1.0,0.0,0.0
2025-09-19 10:37:53.476852+03:00,116951.54,116951.54,116951.53833999993,9.138339999932214,2025-09-19 10:37:58.476852+03:00,-1.419391371164704e-06,116942.4,-1.0,-1.0,1.0
2025-09-19 10:37:58.392348+03:00,116942.39,116942.39,116949.01404571423,6.624045714226668,2025-09-19 10:38:03.392348+03:00,0.005664366628924437,116942.39,1.0,0.0,0.0
2025-09-19 10:38:03.507611+03:00,116942.4,116942.4,116947.7777790474,5.3877790474070935,2025-09-19 10:38:08.507611+03:00,0.004598656302087466,116942.39,1.0,-1.0,0.0
2025-09-19 10:38:08.423295+03:00,116942.39,116942.39,116946.3438899997,3.953889999698731,2025-09-19 10:38:13.423295+03:00,0.003381057971962717,116942.39,1.0,0.0,0.0
2025-09-19 10:38:13.621388+03:00,116942.39,116942.39,116945.8670899998,3.4670899998018285,2025-09-19 10:38:18.621388+03:00,0.002973335844937486,116942.4,1.0,1.0,1.0
2025-09-19 10:38:18.501744+03:00,116942.4,116942.4,116945.9068099998,3.506809999802499,2025-09-19 10:38:23.501744+03:00,0.0029987498117043086,116942.4,1.0,0.0,0.0
2025-09-19 10:38:23.520394+03:00,116942.39,116942.39,116946.06588999981,30.644110000197543,2025-09-19 10:38:28.520394+03:00,0.0031433340808319737,116976.71,1.0,1.0,1.0
2025-09-19 10:38:28.441234+03:00,116942.4,116942.4,116946.1631299998,18.856870000206982,2025-09-19 10:38:33.441234+03:00,0.0032179346411591635,116965.02,1.0,1.0,1.0
2025-09-19 10:38:33.530300+03:00,116965.02,116965.02,116949.53177000005,16.07822999995551,2025-09-19 10:38:38.530300+03:00,-0.0132417623661835,116965.61,-1.0,1.0,0.0
2025-09-19 10:38:38.514723+03:00,116965.01,116965.01,116949.42983999997,17.550160000027972,2025-09-19 10:38:43.514723+03:00,-0.013320359652879789,116966.98,-1.0,1.0,0.0
2025-09-19 10:38:46.022570+03:00,116965.63,116965.63,116955.8072690907,31.032730909297243,2025-09-19 10:38:51.022570+03:00,-0.008397963495178363,116986.84,-1.0,1.0,0.0
2025-09-19 10:38:51.045354+03:00,116986.83,116986.83,116956.05023999981,36.74976000019524,2025-09-19 10:38:56.045354+03:00,-0.02631044879170935,116992.8,-1.0,1.0,0.0
2025-09-19 10:38:56.067074+03:00,116992.81,116992.81,116955.91989909069,36.88010090931493,2025-09-19 10:39:01.067074+03:00,-0.03153193850913547,116992.8,-1.0,-1.0,1.0
2025-09-19 10:39:01.079293+03:00,116992.81,116992.81,116956.48415999977,36.31584000022849,2025-09-19 10:39:06.079293+03:00,-0.031049634588846315,116992.8,-1.0,-1.0,1.0
2025-09-19 10:39:06.079413+03:00,116992.8,116992.8,116955.2759495109,13.584050489094807,2025-09-19 10:39:11.079413+03:00,-0.032073811797903064,116968.86,-1.0,-1.0,1.0
2025-09-19 10:39:11.087700+03:00,116968.86,116968.86,116955.39513909073,13.464860909269191,2025-09-19 10:39:16.087700+03:00,-0.011511491955439414,116968.86,-1.0,0.0,0.0
2025-09-19 10:39:16.092976+03:00,116968.86,116968.86,116955.68409909072,13.175900909278425,2025-09-19 10:39:21.092976+03:00,-0.011264451845797612,116968.86,-1.0,0.0,0.0
2025-09-19 10:39:21.092020+03:00,116968.86,116968.86,116955.66278379656,13.197216203436255,2025-09-19 10:39:26.092020+03:00,-0.011282674896067428,116968.86,-1.0,0.0,0.0
2025-09-19 10:39:26.120239+03:00,116968.87,116968.87,116954.47393909075,8.17606090924528,2025-09-19 10:39:31.120239+03:00,-0.012307600226664108,116962.65,-1.0,-1.0,1.0
2025-09-19 10:39:31.205771+03:00,116962.64,116962.64,116954.7712799999,7.8687200001004385,2025-09-19 10:39:36.205771+03:00,-0.006727549925429554,116962.64,-1.0,0.0,0.0
2025-09-19 10:39:36.194177+03:00,116962.64,116962.64,116955.10478999995,7.5452100000402424,2025-09-19 10:39:41.194177+03:00,-0.006442407592753961,116962.65,-1.0,1.0,0.0
2025-09-19 10:39:41.229544+03:00,116962.65,116962.65,116961.34096000013,1.299039999867091,2025-09-19 10:39:46.229544+03:00,-0.0011191948881645998,116962.64,-1.0,-1.0,1.0
2025-09-19 10:39:48.295404+03:00,116962.64,116962.64,116963.91111466673,1.2711146667279536,2025-09-19 10:39:53.295404+03:00,0.001086769815325606,116962.64,1.0,0.0,0.0
2025-09-19 10:39:53.414371+03:00,116962.64,116962.64,116965.4547946668,2.804794666808448,2025-09-19 10:39:58.414371+03:00,0.00240657586627936,116962.65,1.0,1.0,1.0
2025-09-19 10:39:58.380787+03:00,116962.64,116962.64,116963.89583466672,1.2558346667210571,2025-09-19 10:40:03.380787+03:00,0.0010737058147123365,116962.64,1.0,0.0,0.0
2025-09-19 10:40:03.590310+03:00,116962.65,116962.65,116965.27527466681,14.905274666816695,2025-09-19 10:40:08.590310+03:00,0.0022445410281127,116950.37,1.0,-1.0,0.0
2025-09-19 10:40:08.496203+03:00,116950.36,116950.36,116957.85341333339,7.493413333388162,2025-09-19 10:40:13.496203+03:00,0.0064073452474948875,116950.36,1.0,0.0,0.0
2025-09-19 10:40:13.526451+03:00,116950.37,116950.37,116953.75159999997,3.381599999978789,2025-09-19 10:40:18.526451+03:00,0.002891482942703635,116950.37,1.0,0.0,0.0
2025-09-19 10:40:18.435578+03:00,116950.37,116950.37,116951.26915999995,0.8991599999571918,2025-09-19 10:40:23.435578+03:00,0.0007688389527602109,116950.37,1.0,0.0,0.0
2025-09-19 10:40:23.537314+03:00,116950.36,116950.36,116951.04071999995,2.829280000049039,2025-09-19 10:40:28.537314+03:00,0.0005820589179423839,116953.87,1.0,1.0,1.0
2025-09-19 10:40:28.525767+03:00,116953.88,116953.88,116954.22745833328,24.262541666728794,2025-09-19 10:40:33.525767+03:00,0.00029709004376065885,116978.49,1.0,1.0,1.0
2025-09-19 10:40:33.615779+03:00,116953.88,116953.88,116952.8062392856,25.69376071440638,2025-09-19 10:40:38.615779+03:00,-0.0009181061067927263,116978.5,-1.0,1.0,0.0
2025-09-19 10:40:38.496676+03:00,116978.49,116978.49,116968.44830466661,14.441695333385724,2025-09-19 10:40:43.496676+03:00,-0.008584223760617482,116982.89,-1.0,1.0,0.0
2025-09-19 10:40:43.720348+03:00,116982.88,116982.88,116976.93779999972,5.942200000281446,2025-09-19 10:40:48.720348+03:00,-0.005079546682626933,116982.88,-1.0,0.0,0.0
2025-09-19 10:40:50.987738+03:00,116982.88,116982.88,116979.63219999969,8.137800000316929,2025-09-19 10:40:55.987738+03:00,-0.0027763036782113,116987.77,-1.0,1.0,0.0
2025-09-19 10:40:55.973858+03:00,116987.77,116987.77,116981.56570299965,1.7057029996503843,2025-09-19 10:41:00.973858+03:00,-0.005303372310074043,116979.86,-1.0,-1.0,1.0
2025-09-19 10:41:01.015114+03:00,116987.78,116987.78,116976.47969499965,3.3703050003532553,2025-09-19 10:41:06.015114+03:00,-0.00965938921171619,116979.85,-1.0,-1.0,1.0
2025-09-19 10:41:06.119435+03:00,116979.85,116979.85,116979.61718299967,8.687182999681681,2025-09-19 10:41:11.119435+03:00,-0.0001990231653837172,116970.93,-1.0,-1.0,1.0
2025-09-19 10:41:11.004493+03:00,116979.85,116979.85,116971.55721499973,0.6272149997384986,2025-09-19 10:41:16.004493+03:00,-0.00708907132320165,116970.93,-1.0,-1.0,1.0
2025-09-19 10:41:15.998577+03:00,116970.93,116970.93,116969.7270463331,9.147046333091566,2025-09-19 10:41:20.998577+03:00,-0.0010284210503410571,116960.58,-1.0,-1.0,1.0
2025-09-19 10:41:21.014584+03:00,116960.57,116960.57,116968.82803371403,12.638033714029007,2025-09-19 10:41:26.014584+03:00,0.007060527931784489,116956.19,1.0,-1.0,0.0
2025-09-19 10:41:26.025954+03:00,116960.58,116960.58,116963.61621504756,12.706215047553997,2025-09-19 10:41:31.025954+03:00,0.0025959302250003744,116950.91,1.0,-1.0,0.0
2025-09-19 10:41:31.003318+03:00,116956.19,116956.19,116958.52058933329,7.610589333286043,2025-09-19 10:41:36.003318+03:00,0.0019927028516294925,116950.91,1.0,-1.0,0.0
2025-09-19 10:41:36.016077+03:00,116950.92,116950.92,116954.49806333335,3.588063333343598,2025-09-19 10:41:41.016077+03:00,0.003059457192255381,116950.91,1.0,-1.0,0.0
2025-09-19 10:41:41.009153+03:00,116950.92,116950.92,116951.83034333332,0.9203433333168505,2025-09-19 10:41:46.009153+03:00,0.0007783977529395143,116950.91,1.0,-1.0,0.0
2025-09-19 10:41:46.043378+03:00,116950.91,116950.91,116953.24463999993,2.3246399999334244,2025-09-19 10:41:51.043378+03:00,0.0019962563779351403,116950.92,1.0,1.0,1.0
2025-09-19 10:41:53.252924+03:00,116950.91,116950.91,116956.17064000008,5.250640000085696,2025-09-19 10:41:58.252924+03:00,0.004498160809591355,116950.92,1.0,1.0,1.0
2025-09-19 10:41:58.252866+03:00,116950.92,116950.92,116956.02399999982,14.373999999821535,2025-09-19 10:42:03.252866+03:00,0.004364223898210857,116941.65,1.0,-1.0,0.0
2025-09-19 10:42:03.255341+03:00,116941.64,116941.64,116953.99440000008,12.344400000089081,2025-09-19 10:42:08.255341+03:00,0.010564585890948547,116941.65,1.0,1.0,1.0
2025-09-19 10:42:08.267273+03:00,116941.64,116941.64,116945.69519041861,4.045190418619313,2025-09-19 10:42:13.267273+03:00,0.0034677044195840544,116941.65,1.0,1.0,1.0
2025-09-19 10:42:13.276414+03:00,116941.64,116941.64,116948.03843999995,6.398439999946277,2025-09-19 10:42:18.276414+03:00,0.005471481330299692,116941.64,1.0,0.0,0.0
2025-09-19 10:42:18.268899+03:00,116941.64,116941.64,116949.89444666659,8.244446666591102,2025-09-19 10:42:23.268899+03:00,0.007058603476559644,116941.65,1.0,1.0,1.0
2025-09-19 10:42:23.276507+03:00,116941.64,116941.64,116949.58680666666,7.936806666664779,2025-09-19 10:42:28.276507+03:00,0.006795532084772832,116941.65,1.0,1.0,1.0
2025-09-19 10:42:28.296771+03:00,116941.64,116941.64,116949.78004666665,8.130046666658018,2025-09-19 10:42:33.296771+03:00,0.006960776902609523,116941.65,1.0,1.0,1.0
2025-09-19 10:42:33.548824+03:00,116941.65,116941.65,116947.75316666652,13.403166666510515,2025-09-19 10:42:38.548824+03:00,0.005218984567536166,116934.35,1.0,-1.0,0.0
2025-09-19 10:42:38.307592+03:00,116941.64,116941.64,116947.20471708511,12.85471708510886,2025-09-19 10:42:43.307592+03:00,0.004758542025847476,116934.35,1.0,-1.0,0.0
2025-09-19 10:42:43.484574+03:00,116934.35,116934.35,116947.73540666657,25.765406666570925,2025-09-19 10:42:48.484574+03:00,0.01144694152451035,116921.97,1.0,-1.0,0.0
2025-09-19 10:42:48.387348+03:00,116921.98,116921.98,116942.06035491268,20.090354912681505,2025-09-19 10:42:53.387348+03:00,0.017174148874905083,116921.97,1.0,-1.0,0.0
2025-09-19 10:42:55.986180+03:00,116921.97,116921.97,116920.41221687548,1.5577831245173002,2025-09-19 10:43:00.986180+03:00,-0.0013323271276709588,116921.97,-1.0,0.0,0.0
2025-09-19 10:43:01.092488+03:00,116921.97,116921.97,116919.76768559031,2.2023144096892793,2025-09-19 10:43:06.092488+03:00,-0.0018835762087221753,116921.97,-1.0,0.0,0.0
2025-09-19 10:43:06.002244+03:00,116921.98,116921.98,116916.18784025346,5.792159746531979,2025-09-19 10:43:11.002244+03:00,-0.004953867310946991,116921.98,-1.0,0.0,0.0
2025-09-19 10:43:10.999252+03:00,116921.97,116921.97,116917.17824768963,22.52175231036381,2025-09-19 10:43:15.999252+03:00,-0.004098248011359955,116939.7,-1.0,1.0,0.0
2025-09-19 10:43:15.995106+03:00,116921.98,116921.98,116917.51400816582,22.18599183417973,2025-09-19 10:43:20.995106+03:00,-0.0038196341134306543,116939.7,-1.0,1.0,0.0
2025-09-19 10:43:21.001120+03:00,116939.69,116939.69,116922.50979870735,17.180201292649144,2025-09-19 10:43:26.001120+03:00,-0.014691505760489998,116939.69,-1.0,0.0,0.0
2025-09-19 10:43:26.005199+03:00,116939.69,116939.69,116931.18357270284,8.506427297164919,2025-09-19 10:43:31.005199+03:00,-0.00727420031399512,116939.69,-1.0,0.0,0.0
2025-09-19 10:43:31.018640+03:00,116939.7,116939.7,116938.25622088903,1.4337791109719547,2025-09-19 10:43:36.018640+03:00,-0.0012346355523117608,116939.69,-1.0,-1.0,1.0
2025-09-19 10:43:36.018836+03:00,116939.69,116939.69,116937.31950088903,15.350499110965757,2025-09-19 10:43:41.018836+03:00,-0.0020271125320837015,116952.67,-1.0,1.0,0.0
2025-09-19 10:43:41.005533+03:00,116952.67,116952.67,116941.44515422243,11.234845777566079,2025-09-19 10:43:46.005533+03:00,-0.009597767864189264,116952.68,-1.0,1.0,0.0
2025-09-19 10:43:46.020815+03:00,116952.67,116952.67,116946.4024386667,6.267561333297635,2025-09-19 10:43:51.020815+03:00,-0.005359057927704973,116952.67,-1.0,0.0,0.0
2025-09-19 10:43:51.013127+03:00,116952.67,116952.67,116950.9152595556,1.754740444404888,2025-09-19 10:43:56.013127+03:00,-0.001500385108270626,116952.67,-1.0,0.0,0.0
2025-09-19 10:43:58.278453+03:00,116952.67,116952.67,116950.49771599998,2.17228400001477,2025-09-19 10:44:03.278453+03:00,-0.0018574043670954838,116952.67,-1.0,0.0,0.0
2025-09-19 10:44:03.300563+03:00,116952.67,116952.67,116949.61442266652,3.065577333472902,2025-09-19 10:44:08.300563+03:00,-0.0026126614582447248,116952.68,-1.0,1.0,0.0
2025-09-19 10:44:08.309382+03:00,116952.68,116952.68,116949.7563026665,10.593697333504679,2025-09-19 10:44:13.309382+03:00,-0.0024998976795502876,116960.35,-1.0,1.0,0.0
2025-09-19 10:44:13.309102+03:00,116960.35,116960.35,116953.25154266656,7.088457333433325,2025-09-19 10:44:18.309102+03:00,-0.006069114305354454,116960.34,-1.0,-1.0,1.0
2025-09-19 10:44:18.476875+03:00,116960.34,116960.34,116954.64485466662,5.70514533338428,2025-09-19 10:44:23.476875+03:00,-0.004869296150622482,116960.35,-1.0,1.0,0.0
2025-09-19 10:44:23.567540+03:00,116960.35,116960.35,116956.52380847056,11.256191529435455,2025-09-19 10:44:28.567540+03:00,-0.003271357797272699,116967.78,-1.0,1.0,0.0
2025-09-19 10:44:28.414904+03:00,116960.35,116960.35,116957.43573647058,12.84426352941955,2025-09-19 10:44:33.414904+03:00,-0.0024916679279999884,116970.28,-1.0,1.0,0.0
2025-09-19 10:44:33.502291+03:00,116970.29,116970.29,116973.56211999986,3.2721199998632073,2025-09-19 10:44:38.502291+03:00,0.0027973941073953117,116970.29,1.0,0.0,0.0
2025-09-19 10:44:38.418964+03:00,116970.28,116970.28,116978.35143999985,8.071439999854192,2025-09-19 10:44:43.418964+03:00,0.00690041949104866,116970.28,1.0,0.0,0.0
2025-09-19 10:44:43.574620+03:00,116970.28,116970.28,116978.93471999982,8.644719999821973,2025-09-19 10:44:48.574620+03:00,0.007399076072842379,116970.29,1.0,1.0,1.0
2025-09-19 10:44:48.412085+03:00,116970.29,116970.29,116978.95583999982,8.665839999826858,2025-09-19 10:44:53.412085+03:00,0.007408582127843624,116970.29,1.0,0.0,0.0
2025-09-19 10:44:53.530076+03:00,116970.28,116970.28,116979.51907999981,9.22907999981544,2025-09-19 10:44:58.530076+03:00,0.007898655966122508,116970.29,1.0,1.0,1.0
2025-09-19 10:45:00.955885+03:00,116970.29,116970.29,116970.35387628555,0.06387628555239644,2025-09-19 10:45:05.955885+03:00,5.460898280443388e-05,116970.29,1.0,0.0,0.0
2025-09-19 10:45:05.931801+03:00,116970.29,116970.29,116973.42615850759,10.946158507591463,2025-09-19 10:45:10.931801+03:00,0.002681158187770408,116962.48,1.0,-1.0,0.0
2025-09-19 10:45:10.960580+03:00,116970.17,116970.17,116971.80725555522,9.327255555224838,2025-09-19 10:45:15.960580+03:00,0.001399720591346075,116962.48,1.0,-1.0,0.0
2025-09-19 10:45:15.982909+03:00,116962.48,116962.48,116964.41952499984,1.949524999843561,2025-09-19 10:45:20.982909+03:00,0.001658245447470676,116962.47,1.0,-1.0,0.0
2025-09-19 10:45:20.987608+03:00,116962.47,116962.47,116964.62361433325,2.153614333248697,2025-09-19 10:45:25.987608+03:00,0.0018412866394226263,116962.47,1.0,0.0,0.0
2025-09-19 10:45:25.993148+03:00,116962.48,116962.48,116961.04121766667,1.4387823333236156,2025-09-19 10:45:30.993148+03:00,-0.0012301229704804616,116962.48,-1.0,0.0,0.0
2025-09-19 10:45:30.994828+03:00,116962.47,116962.47,116960.40217099985,2.077829000147176,2025-09-19 10:45:35.994828+03:00,-0.0017679423153020065,116962.48,-1.0,1.0,0.0
2025-09-19 10:45:36.002781+03:00,116962.48,116962.48,116959.1790509999,3.290949000103865,2025-09-19 10:45:41.002781+03:00,-0.002822228974709348,116962.47,-1.0,-1.0,1.0
2025-09-19 10:45:40.997302+03:00,116962.48,116962.48,116956.53993099983,5.930069000169169,2025-09-19 10:45:45.997302+03:00,-0.00507861067939388,116962.47,-1.0,-1.0,1.0
2025-09-19 10:45:46.006063+03:00,116962.48,116962.48,116958.55189099982,3.928109000175027,2025-09-19 10:45:51.006063+03:00,-0.0033584351154105382,116962.48,-1.0,0.0,0.0
2025-09-19 10:45:51.093721+03:00,116962.48,116962.48,116960.09172599982,2.3782740001770435,2025-09-19 10:45:56.093721+03:00,-0.002041914638071803,116962.47,-1.0,-1.0,1.0
2025-09-19 10:45:56.004423+03:00,116962.48,116962.48,116963.3818459998,0.901845999804209,2025-09-19 10:46:01.004423+03:00,0.0007710558119186674,116962.48,1.0,0.0,0.0
2025-09-19 10:46:03.247863+03:00,116962.48,116962.48,116963.51394300014,1.0439430001424626,2025-09-19 10:46:08.247863+03:00,0.0008839954489231941,116962.47,1.0,-1.0,0.0
2025-09-19 10:46:08.261084+03:00,116962.48,116962.48,116967.47139100001,4.991391000017757,2025-09-19 10:46:13.261084+03:00,0.0042675146765165685,116962.48,1.0,0.0,0.0
2025-09-19 10:46:13.266073+03:00,116962.48,116962.48,116961.30603100004,1.1739689999521943,2025-09-19 10:46:18.266073+03:00,-0.0010037141824901408,116962.48,-1.0,0.0,0.0
2025-09-19 10:46:18.444020+03:00,116962.47,116962.47,116961.23975100013,1.230248999869218,2025-09-19 10:46:23.444020+03:00,-0.0010518322671103115,116962.47,-1.0,0.0,0.0
2025-09-19 10:46:23.358892+03:00,116962.48,116962.48,116961.82815100014,0.641848999861395,2025-09-19 10:46:28.358892+03:00,-0.0005573146190608787,116962.47,-1.0,-1.0,1.0
2025-09-19 10:46:28.285084+03:00,116962.47,116962.47,116962.39079100019,0.08920899980876129,2025-09-19 10:46:33.285084+03:00,-6.772172288598214e-05,116962.48,-1.0,1.0,0.0
2025-09-19 10:46:33.287928+03:00,116962.47,116962.47,116961.00254300011,1.4774569998844527,2025-09-19 10:46:38.287928+03:00,-0.0012546392016940914,116962.48,-1.0,1.0,0.0
2025-09-19 10:46:38.306295+03:00,116962.48,116962.48,116961.26046833344,1.219531666560215,2025-09-19 10:46:43.306295+03:00,-0.0010426691247998631,116962.48,-1.0,0.0,0.0
2025-09-19 10:46:43.307809+03:00,116962.47,116962.47,116962.05654300014,0.41345699985686224,2025-09-19 10:46:48.307809+03:00,-0.0003534954416206004,116962.47,-1.0,0.0,0.0
2025-09-19 10:46:48.399372+03:00,116962.48,116962.48,116966.60767099995,4.13767099994584,2025-09-19 10:46:53.399372+03:00,0.003529055642417191,116962.47,1.0,-1.0,0.0
2025-09-19 10:46:53.525444+03:00,116962.47,116962.47,116963.03626600016,0.5562660001596669,2025-09-19 10:46:58.525444+03:00,0.00048414333260440564,116962.48,1.0,1.0,1.0
2025-09-19 10:46:58.449616+03:00,116962.48,116962.48,116960.07990100005,2.4000989999476587,2025-09-19 10:47:03.449616+03:00,-0.002052024717625395,116962.48,-1.0,0.0,0.0
2025-09-19 10:47:05.972460+03:00,116962.48,116962.48,116962.49673572477,0.026735724764876068,2025-09-19 10:47:10.972460+03:00,1.4308626809310777e-05,116962.47,1.0,-1.0,0.0
2025-09-19 10:47:10.965020+03:00,116962.48,116962.48,116962.15400348952,0.3259965104807634,2025-09-19 10:47:15.965020+03:00,-0.000278718876754976,116962.48,-1.0,0.0,0.0
2025-09-19 10:47:15.964868+03:00,116962.48,116962.48,116962.18958792785,0.29041207215050235,2025-09-19 10:47:20.964868+03:00,-0.00024829507047944123,116962.48,-1.0,0.0,0.0
2025-09-19 10:47:20.976153+03:00,116962.48,116962.48,116962.47962078679,4.710379213211127,2025-09-19 10:47:25.976153+03:00,-3.242178215815729e-07,116967.19,-1.0,1.0,0.0
2025-09-19 10:47:25.995944+03:00,116967.19,116967.19,116965.25481876906,1.9351812309469096,2025-09-19 10:47:30.995944+03:00,-0.001654465009330317,116967.19,-1.0,0.0,0.0
2025-09-19 10:47:31.038373+03:00,116967.2,116967.2,116968.42020644386,1.2202064438606612,2025-09-19 10:47:36.038373+03:00,0.0010432039442345045,116967.2,1.0,0.0,0.0
2025-09-19 10:47:36.004100+03:00,116967.19,116967.19,116969.38118255546,2.181182555461419,2025-09-19 10:47:41.004100+03:00,0.0018733309361849081,116967.2,1.0,1.0,1.0
2025-09-19 10:47:41.106924+03:00,116967.2,116967.2,116969.37078255546,2.1707825554622104,2025-09-19 10:47:46.106924+03:00,0.0018558899892125403,116967.2,1.0,0.0,0.0
2025-09-19 10:47:46.091003+03:00,116967.2,116967.2,116969.11234255547,1.912342555471696,2025-09-19 10:47:51.091003+03:00,0.0016349391585604308,116967.2,1.0,0.0,0.0
2025-09-19 10:47:51.084740+03:00,116967.2,116967.2,116969.34962255551,2.159622555511305,2025-09-19 10:47:56.084740+03:00,0.0018377994476370676,116967.19,1.0,-1.0,0.0
2025-09-19 10:47:56.002730+03:00,116967.19,116967.19,116969.42426255542,2.2342625554156257,2025-09-19 10:48:01.002730+03:00,0.0019101617773459598,116967.19,1.0,0.0,0.0
2025-09-19 10:48:01.106793+03:00,116967.2,116967.2,116968.43259199998,1.2425919999805046,2025-09-19 10:48:06.106793+03:00,0.0010537928581565972,116967.19,1.0,-1.0,0.0
2025-09-19 10:48:08.196078+03:00,116967.2,116967.2,116965.61941575738,1.580584242619807,2025-09-19 10:48:13.196078+03:00,-0.0013513055306272244,116967.2,-1.0,0.0,0.0
2025-09-19 10:48:13.221534+03:00,116967.19,116967.19,116964.9568464241,5.936846424097894,2025-09-19 10:48:18.221534+03:00,-0.001909213665729988,116959.02,-1.0,-1.0,1.0
2025-09-19 10:48:18.227912+03:00,116967.2,116967.2,116964.4394880908,8.729488090786617,2025-09-19 10:48:23.227912+03:00,-0.0023600735156557306,116955.71,-1.0,-1.0,1.0
2025-09-19 10:48:23.477621+03:00,116955.72,116955.72,116957.1416132071,1.4216132071014727,2025-09-19 10:48:28.477621+03:00,0.0012155140484804614,116955.72,1.0,0.0,0.0
2025-09-19 10:48:28.246424+03:00,116955.71,116955.71,116953.33459692342,2.385403076579678,2025-09-19 10:48:33.246424+03:00,-0.002031027879344169,116955.72,-1.0,1.0,0.0
2025-09-19 10:48:33.264733+03:00,116955.71,116955.71,116954.67223000029,1.0377699997188756,2025-09-19 10:48:38.264733+03:00,-0.0008873187976190949,116955.71,-1.0,0.0,0.0
2025-09-19 10:48:38.272246+03:00,116955.71,116955.71,116952.39808160624,3.3219183937617345,2025-09-19 10:48:43.272246+03:00,-0.0028317714404597883,116955.72,-1.0,1.0,0.0
2025-09-19 10:48:43.268357+03:00,116955.71,116955.71,116956.20275333355,9.082753333554137,2025-09-19 10:48:48.268357+03:00,0.0004213161833168111,116947.12,1.0,-1.0,0.0
2025-09-19 10:48:48.280260+03:00,116947.12,116947.12,116956.50608000028,13.596080000279471,2025-09-19 10:48:53.280260+03:00,0.00802591803909974,116942.91,1.0,-1.0,0.0
2025-09-19 10:48:53.289164+03:00,116947.12,116947.12,116955.95748000032,13.057480000323267,2025-09-19 10:48:58.289164+03:00,0.007556817132668254,116942.9,1.0,-1.0,0.0
2025-09-19 10:48:58.297405+03:00,116942.91,116942.91,116953.89428000023,10.99428000023181,2025-09-19 10:49:03.297405+03:00,0.009392856736866302,116942.9,1.0,-1.0,0.0
2025-09-19 10:49:03.299952+03:00,116942.91,116942.91,116956.96308000026,14.053080000259797,2025-09-19 10:49:08.299952+03:00,0.012017043188218762,116942.91,1.0,0.0,0.0
2025-09-19 10:49:10.836166+03:00,116942.9,116942.9,116949.92236000001,7.0223600000172155,2025-09-19 10:49:15.836166+03:00,0.0060049477138135075,116942.9,1.0,0.0,0.0
2025-09-19 10:49:15.846809+03:00,116942.9,116942.9,116950.14996000005,7.249960000059218,2025-09-19 10:49:20.846809+03:00,0.006199572611983471,116942.9,1.0,0.0,0.0
2025-09-19 10:49:20.844713+03:00,116942.9,116942.9,116952.3697200001,9.459720000100788,2025-09-19 10:49:25.844713+03:00,0.008097729746833798,116942.91,1.0,1.0,1.0
2025-09-19 10:49:25.852781+03:00,116942.9,116942.9,116953.85344000008,10.943440000075498,2025-09-19 10:49:30.852781+03:00,0.009366485695228024,116942.91,1.0,1.0,1.0
2025-09-19 10:49:30.871706+03:00,116942.91,116942.91,116954.04924000007,11.139240000062273,2025-09-19 10:49:35.871706+03:00,0.009525365838820219,116942.91,1.0,0.0,0.0
2025-09-19 10:49:35.880460+03:00,116942.92,116942.92,116953.24468000009,13.034680000084336,2025-09-19 10:49:40.880460+03:00,0.008828820077429644,116940.21,1.0,-1.0,0.0
2025-09-19 10:49:40.890561+03:00,116942.91,116942.91,116953.26952000013,13.049520000131452,2025-09-19 10:49:45.890561+03:00,0.008858613147329003,116940.22,1.0,-1.0,0.0
2025-09-19 10:49:45.895190+03:00,116940.22,116940.22,116949.06720000015,8.857200000144076,2025-09-19 10:49:50.895190+03:00,0.007565574957999322,116940.21,1.0,-1.0,0.0
2025-09-19 10:49:50.893456+03:00,116940.21,116940.21,116946.01304000012,5.803040000115288,2025-09-19 10:49:55.893456+03:00,0.004962399161174149,116940.21,1.0,0.0,0.0
2025-09-19 10:49:55.884652+03:00,116940.22,116940.22,116944.02764000038,3.8076400003774324,2025-09-19 10:50:00.884652+03:00,0.0032560568129403485,116940.22,1.0,0.0,0.0
2025-09-19 10:50:00.911737+03:00,116940.22,116940.22,116941.5954400004,1.3754400003963383,2025-09-19 10:50:05.911737+03:00,0.001176190707009392,116940.22,1.0,0.0,0.0
2025-09-19 10:50:05.917251+03:00,116940.22,116940.22,116940.8386400005,0.6286400004901225,2025-09-19 10:50:10.917251+03:00,0.000529022435989398,116940.21,1.0,-1.0,0.0
2025-09-19 10:50:13.171502+03:00,116940.21,116940.21,116939.78050888905,0.42949111096095294,2025-09-19 10:50:18.171502+03:00,-0.0003672741061102532,116940.21,-1.0,0.0,0.0
2025-09-19 10:50:18.172226+03:00,116940.21,116940.21,116940.8970304889,0.6870304888871033,2025-09-19 10:50:23.172226+03:00,0.0005875057765734329,116940.21,1.0,0.0,0.0
2025-09-19 10:50:23.181984+03:00,116940.21,116940.21,116940.43652215564,0.2165221556351753,2025-09-19 10:50:28.181984+03:00,0.0001937076696116217,116940.22,1.0,1.0,1.0
2025-09-19 10:50:28.194561+03:00,116940.22,116940.22,116941.09723555582,0.8772355558176059,2025-09-19 10:50:33.194561+03:00,0.0007501572648124024,116940.22,1.0,0.0,0.0
2025-09-19 10:50:33.204438+03:00,116940.22,116940.22,116942.12480515572,1.9048051557183499,2025-09-19 10:50:38.204438+03:00,0.0016288708501816997,116940.22,1.0,0.0,0.0
2025-09-19 10:50:38.210118+03:00,116940.21,116940.21,116942.02462755571,1.8146275557082845,2025-09-19 10:50:43.210118+03:00,0.001551756710295188,116940.21,1.0,0.0,0.0
2025-09-19 10:50:43.210309+03:00,116940.21,116940.21,116941.37126755572,1.1612675557116745,2025-09-19 10:50:48.210309+03:00,0.000993043843269714,116940.21,1.0,0.0,0.0
2025-09-19 10:50:48.478432+03:00,116940.21,116940.21,116941.7353600002,1.5153600001940504,2025-09-19 10:50:53.478432+03:00,0.001304393074194763,116940.22,1.0,1.0,1.0
2025-09-19 10:50:53.491723+03:00,116940.22,116940.22,116942.21391555572,2.003915555716958,2025-09-19 10:50:58.491723+03:00,0.001705072519721783,116940.21,1.0,-1.0,0.0
2025-09-19 10:50:58.430688+03:00,116940.22,116940.22,116942.21391555572,21.943915555719286,2025-09-19 10:51:03.430688+03:00,0.001705072519721783,116920.27,1.0,-1.0,0.0
2025-09-19 10:51:03.270678+03:00,116940.22,116940.22,116942.21391555572,27.71391555572336,2025-09-19 10:51:08.270678+03:00,0.001705072519721783,116914.5,1.0,-1.0,0.0
2025-09-19 10:51:08.305442+03:00,116940.22,116940.22,116942.21391555572,23.483915555727435,2025-09-19 10:51:13.305442+03:00,0.001705072519721783,116918.73,1.0,-1.0,0.0
2025-09-19 10:51:15.854221+03:00,116940.22,116940.22,116941.48143262368,1.2814326236839406,2025-09-19 10:51:20.854221+03:00,0.001078698692100858,116940.2,1.0,-1.0,0.0
2025-09-19 10:51:20.856524+03:00,116940.21,116940.21,116932.01042443095,8.189575569049339,2025-09-19 10:51:25.856524+03:00,-0.00701176744000943,116940.2,-1.0,-1.0,1.0
2025-09-19 10:51:25.942168+03:00,116940.2,116940.2,116937.330927637,2.8690723629988497,2025-09-19 10:51:30.942168+03:00,-0.002453452587731892,116940.2,-1.0,0.0,0.0
2025-09-19 10:51:30.957367+03:00,116940.2,116940.2,116939.62604676321,0.5739532367879292,2025-09-19 10:51:35.957367+03:00,-0.0004908091800663323,116940.2,-1.0,0.0,0.0
2025-09-19 10:51:35.873623+03:00,116940.21,116940.21,116940.71282117933,0.5128211793344235,2025-09-19 10:51:40.873623+03:00,0.0004299814232633157,116940.2,1.0,-1.0,0.0
2025-09-19 10:51:40.888963+03:00,116940.2,116940.2,116941.7132170682,1.5132170682045398,2025-09-19 10:51:45.888963+03:00,0.0012940093040755358,116940.2,1.0,0.0,0.0
2025-09-19 10:51:45.892236+03:00,116940.2,116940.2,116942.58702106828,2.377021068270551,2025-09-19 10:51:50.892236+03:00,0.0020412322437278747,116940.21,1.0,1.0,1.0
2025-09-19 10:51:50.895725+03:00,116940.21,116940.21,116945.5149366241,5.314936624097754,2025-09-19 10:51:55.895725+03:00,0.004536452110089797,116940.2,1.0,-1.0,0.0
2025-09-19 10:51:55.894773+03:00,116940.21,116940.21,116945.16518629083,8.89518629082886,2025-09-19 10:52:00.894773+03:00,0.004237367361343486,116936.27,1.0,-1.0,0.0
2025-09-19 10:52:00.953370+03:00,116940.2,116940.2,116942.92258673506,6.812586735060904,2025-09-19 10:52:05.953370+03:00,0.002328187171788997,116936.11,1.0,-1.0,0.0
2025-09-19 10:52:06.018823+03:00,116936.11,116936.11,116936.8699560345,0.7499560345022473,2025-09-19 10:52:11.018823+03:00,0.0006498899565728745,116936.12,1.0,1.0,1.0
2025-09-19 10:52:11.025174+03:00,116936.11,116936.11,116929.46579798574,6.644202014256734,2025-09-19 10:52:16.025174+03:00,-0.0056819078505833094,116936.11,-1.0,0.0,0.0
2025-09-19 10:52:18.044560+03:00,116936.12,116936.12,116933.60588101615,2.5141189838468563,2025-09-19 10:52:23.044560+03:00,-0.002149993504014719,116936.12,-1.0,0.0,0.0
2025-09-19 10:52:23.037746+03:00,116936.11,116936.11,116934.07128101616,2.0387189838365884,2025-09-19 10:52:28.037746+03:00,-0.001743446899196996,116936.11,-1.0,0.0,0.0
2025-09-19 10:52:28.067169+03:00,116936.12,116936.12,116934.26969583092,1.8503041690710234,2025-09-19 10:52:33.067169+03:00,-0.0015823204746925274,116936.12,-1.0,0.0,0.0
2025-09-19 10:52:33.066775+03:00,116936.12,116936.12,116933.72504387322,2.3949561267800163,2025-09-19 10:52:38.066775+03:00,-0.002048089270261418,116936.12,-1.0,0.0,0.0
2025-09-19 10:52:38.156292+03:00,116936.11,116936.11,116935.37121053989,0.7387894601124572,2025-09-19 10:52:43.156292+03:00,-0.0006317889829860572,116936.11,-1.0,0.0,0.0
2025-09-19 10:52:43.188940+03:00,116936.11,116936.11,116935.28785053981,0.8221494601893937,2025-09-19 10:52:48.188940+03:00,-0.0007030757737617522,116936.11,-1.0,0.0,0.0
2025-09-19 10:52:48.095045+03:00,116936.11,116936.11,116935.55365276213,0.5563472378707957,2025-09-19 10:52:53.095045+03:00,-0.00047577026281342487,116936.11,-1.0,0.0,0.0
2025-09-19 10:52:53.097734+03:00,116936.11,116936.11,116935.2127965716,0.8972034283942776,2025-09-19 10:52:58.097734+03:00,-0.0007672595132455471,116936.11,-1.0,0.0,0.0
2025-09-19 10:52:58.097440+03:00,116936.12,116936.12,116935.6810736279,0.4389263720950112,2025-09-19 10:53:03.097440+03:00,-0.00037535568316702416,116936.12,-1.0,0.0,0.0
2025-09-19 10:53:03.106756+03:00,116936.12,116936.12,116935.59856673033,0.5214332696632482,2025-09-19 10:53:08.106756+03:00,-0.0004459129220836541,116936.12,-1.0,0.0,0.0
2025-09-19 10:53:08.100171+03:00,116936.11,116936.11,116935.27450791362,0.8354920863785082,2025-09-19 10:53:13.100171+03:00,-0.0007144859585105989,116936.11,-1.0,0.0,0.0
2025-09-19 10:53:13.126272+03:00,116936.11,116936.11,116935.44674791362,0.6732520863733953,2025-09-19 10:53:18.126272+03:00,-0.0005671918506427433,116936.12,-1.0,1.0,0.0
2025-09-19 10:53:20.283152+03:00,116936.11,116936.11,116936.11493600166,0.005063998338300735,2025-09-19 10:53:25.283152+03:00,4.221109849182238e-06,116936.12,1.0,1.0,1.0
2025-09-19 10:53:25.278832+03:00,116936.12,116936.12,116936.14136611384,0.031366113835247234,2025-09-19 10:53:30.278832+03:00,1.827161174877867e-05,116936.11,1.0,-1.0,0.0
2025-09-19 10:53:30.291304+03:00,116936.12,116936.12,116936.1504662871,2.8404662871034816,2025-09-19 10:53:35.291304+03:00,2.6053786550990317e-05,116933.31,1.0,-1.0,0.0
2025-09-19 10:53:35.301093+03:00,116933.31,116933.31,116933.25108920544,2.6010892054473516,2025-09-19 10:53:40.301093+03:00,-5.037982295732576e-05,116930.65,-1.0,-1.0,1.0
2025-09-19 10:53:40.309527+03:00,116933.3,116933.3,116930.89746330454,0.25746330454421695,2025-09-19 10:53:45.309527+03:00,-0.0020546214769097217,116930.64,-1.0,-1.0,1.0
2025-09-19 10:53:45.400430+03:00,116930.64,116930.64,116929.61840650793,1.0215934920706786,2025-09-19 10:53:50.400430+03:00,-0.0008736747631507693,116930.64,-1.0,0.0,0.0
2025-09-19 10:53:50.489006+03:00,116930.64,116930.64,116927.00505709343,3.644942906568758,2025-09-19 10:53:55.489006+03:00,-0.0031086316696581806,116930.65,-1.0,1.0,0.0
2025-09-19 10:53:55.387714+03:00,116930.64,116930.64,116926.54166000236,4.098339997639414,2025-09-19 10:54:00.387714+03:00,-0.0035049324947160248,116930.64,-1.0,0.0,0.0
2025-09-19 10:54:00.402449+03:00,116930.64,116930.64,116926.6262341564,4.023765843594447,2025-09-19 10:54:05.402449+03:00,-0.003432604015166329,116930.65,-1.0,1.0,0.0
2025-09-19 10:54:05.500394+03:00,116930.64,116930.64,116927.69254468256,2.947455317436834,2025-09-19 10:54:10.500394+03:00,-0.002520686893902944,116930.64,-1.0,0.0,0.0
2025-09-19 10:54:10.540364+03:00,116930.65,116930.65,116930.90481186303,0.26481186303135473,2025-09-19 10:54:15.540364+03:00,0.00021791708421751993,116930.64,1.0,-1.0,0.0
2025-09-19 10:54:15.512361+03:00,116930.64,116930.64,116930.71275626708,0.06275626708520576,2025-09-19 10:54:20.512361+03:00,6.222172997596444e-05,116930.65,1.0,1.0,1.0
2025-09-19 10:54:22.921991+03:00,116930.64,116930.64,116931.25640834607,5.066408346072421,2025-09-19 10:54:27.921991+03:00,0.0005271572498665293,116926.19,1.0,-1.0,0.0
2025-09-19 10:54:27.924303+03:00,116926.18,116926.18,116928.10584111273,1.9258411127375439,2025-09-19 10:54:32.924303+03:00,0.0016470572396511578,116926.18,1.0,0.0,0.0
2025-09-19 10:54:33.019418+03:00,116926.19,116926.19,116929.10441700018,2.92441700019117,2025-09-19 10:54:38.019418+03:00,0.0024925271234629786,116926.18,1.0,-1.0,0.0
2025-09-19 10:54:38.009955+03:00,116926.19,116926.19,116929.52318438116,3.343184381170431,2025-09-19 10:54:43.009955+03:00,0.0028506739004846714,116926.18,1.0,-1.0,0.0
2025-09-19 10:54:42.946666+03:00,116926.18,116926.18,116930.10935771448,3.919357714476064,2025-09-19 10:54:47.946666+03:00,0.003360545700274632,116926.19,1.0,1.0,1.0
2025-09-19 10:54:47.947326+03:00,116926.18,116926.18,116929.8286927145,3.6386927144922083,2025-09-19 10:54:52.947326+03:00,0.0031205096365087117,116926.19,1.0,1.0,1.0
2025-09-19 10:54:52.963069+03:00,116926.19,116926.19,116928.77988271437,2.5998827143775998,2025-09-19 10:54:57.963069+03:00,0.002214972295230253,116926.18,1.0,-1.0,0.0
2025-09-19 10:54:57.978992+03:00,116926.18,116926.18,116929.6353638373,3.4553638373035938,2025-09-19 10:55:02.978992+03:00,0.0029551669585918174,116926.18,1.0,0.0,0.0
2025-09-19 10:55:02.988428+03:00,116926.18,116926.18,116928.9468967981,2.766896798100788,2025-09-19 10:55:07.988428+03:00,0.002366362091108072,116926.18,1.0,0.0,0.0
2025-09-19 10:55:08.006795+03:00,116926.19,116926.19,116929.5962993452,3.4162993452046067,2025-09-19 10:55:13.006795+03:00,0.002913204770629483,116926.18,1.0,-1.0,0.0
2025-09-19 10:55:13.017985+03:00,116926.18,116926.18,116929.36313251237,3.173132512369193,2025-09-19 10:55:18.017985+03:00,0.0027223437149648663,116926.19,1.0,1.0,1.0
2025-09-19 10:55:17.997320+03:00,116926.19,116926.19,116929.4728525124,3.2828525123914005,2025-09-19 10:55:22.997320+03:00,0.002807628053553614,116926.19,1.0,0.0,0.0
2025-09-19 10:55:25.282675+03:00,116926.19,116926.19,116926.5288927481,0.3388927480991697,2025-09-19 10:55:30.282675+03:00,0.0002898347650763013,116926.19,1.0,0.0,0.0
2025-09-19 10:55:30.300998+03:00,116926.18,116926.18,116926.45138941465,3.9486105853429763,2025-09-19 10:55:35.300998+03:00,0.00023210320790278784,116930.4,1.0,1.0,1.0
2025-09-19 10:55:35.312683+03:00,116930.4,116930.4,116928.87681718884,1.5231828111573122,2025-09-19 10:55:40.312683+03:00,-0.0013026405546866446,116930.4,-1.0,0.0,0.0
2025-09-19 10:55:40.376442+03:00,116930.39,116930.39,116928.5865815428,1.8134184571972582,2025-09-19 10:55:45.376442+03:00,-0.0015423008998794042,116930.4,-1.0,1.0,0.0
2025-09-19 10:55:45.354806+03:00,116930.4,116930.4,116928.88768688546,1.5123131145373918,2025-09-19 10:55:50.354806+03:00,-0.001293344685845077,116930.4,-1.0,0.0,0.0
2025-09-19 10:55:50.382657+03:00,116930.4,116930.4,116929.35223088552,1.0477691144769778,2025-09-19 10:55:55.382657+03:00,-0.0008960621998017435,116930.4,-1.0,0.0,0.0
2025-09-19 10:55:55.426298+03:00,116930.4,116930.4,116929.22102088557,3.0410208855755627,2025-09-19 10:56:00.426298+03:00,-0.0010082742506872476,116926.18,-1.0,-1.0,1.0
2025-09-19 10:56:00.448552+03:00,116926.18,116926.18,116928.23675838497,2.0467583849676885,2025-09-19 10:56:05.448552+03:00,0.0017590229878176142,116926.19,1.0,1.0,1.0
2025-09-19 10:56:05.392633+03:00,116926.18,116926.18,116926.77691747526,9.876917475266964,2025-09-19 10:56:10.392633+03:00,0.0005105079762873706,116916.9,1.0,-1.0,0.0
2025-09-19 10:56:10.438039+03:00,116916.89,116916.89,116924.04106576406,7.141065764066298,2025-09-19 10:56:15.438039+03:00,0.006116366732010285,116916.9,1.0,1.0,1.0
2025-09-19 10:56:15.478641+03:00,116916.89,116916.89,116921.8805211854,4.9805211854109075,2025-09-19 10:56:20.478641+03:00,0.004268434770549977,116916.9,1.0,1.0,1.0
2025-09-19 10:56:20.421232+03:00,116916.89,116916.89,116920.68094680326,3.7909468032594305,2025-09-19 10:56:25.421232+03:00,0.003242428705775043,116916.89,1.0,0.0,0.0
2025-09-19 10:56:27.714094+03:00,116916.89,116916.89,116919.48832141512,2.5983214151201537,2025-09-19 10:56:32.714094+03:00,0.0022223661740576176,116916.89,1.0,0.0,0.0
2025-09-19 10:56:32.719577+03:00,116916.89,116916.89,116918.90608384374,2.0060838437493658,2025-09-19 10:56:37.719577+03:00,0.0017243734790962427,116916.9,1.0,1.0,1.0
2025-09-19 10:56:37.812048+03:00,116916.9,116916.9,116919.26936757822,2.3693675782269565,2025-09-19 10:56:42.812048+03:00,0.0020265398571352447,116916.9,1.0,0.0,0.0
2025-09-19 10:56:42.751510+03:00,116916.89,116916.89,116918.94304748009,2.043047480095993,2025-09-19 10:56:47.751510+03:00,0.0017559887883527815,116916.9,1.0,1.0,1.0
2025-09-19 10:56:47.767465+03:00,116916.89,116916.89,116919.43309659227,2.5330965922767064,2025-09-19 10:56:52.767465+03:00,0.00217513191829809,116916.9,1.0,1.0,1.0
2025-09-19 10:56:52.774463+03:00,116916.9,116916.9,116919.30763007532,2.4176300753169926,2025-09-19 10:56:57.774463+03:00,0.0020592660901223273,116916.89,1.0,-1.0,0.0
2025-09-19 10:56:57.788466+03:00,116916.89,116916.89,116918.83103629127,1.9410362912749406,2025-09-19 10:57:02.788466+03:00,0.0016601846758624358,116916.89,1.0,0.0,0.0
2025-09-19 10:57:02.796373+03:00,116916.9,116916.9,116918.07443699113,1.1844369911268586,2025-09-19 10:57:07.796373+03:00,0.001004505756765786,116916.89,1.0,-1.0,0.0
2025-09-19 10:57:07.811405+03:00,116916.89,116916.89,116918.28940243299,1.389402432992938,2025-09-19 10:57:12.811405+03:00,0.0011969206784303785,116916.9,1.0,1.0,1.0
2025-09-19 10:57:12.804408+03:00,116916.89,116916.89,116917.78072864702,14.030728647019714,2025-09-19 10:57:17.804408+03:00,0.0007618477082483945,116903.75,1.0,-1.0,0.0
2025-09-19 10:57:17.818666+03:00,116903.76,116903.76,116910.33212220488,6.5721222048887284,2025-09-19 10:57:22.818666+03:00,0.00562182277532282,116903.76,1.0,0.0,0.0
2025-09-19 10:57:22.829774+03:00,116903.75,116903.75,116907.81728058161,4.057280581619125,2025-09-19 10:57:27.829774+03:00,0.0034791703273965857,116903.76,1.0,1.0,1.0
2025-09-19 10:57:30.020883+03:00,116903.76,116903.76,116904.8041769708,1.0441769708122592,2025-09-19 10:57:35.020883+03:00,0.0008931936584522682,116903.76,1.0,0.0,0.0
2025-09-19 10:57:35.010063+03:00,116903.75,116903.75,116904.11672101117,0.36672101117437705,2025-09-19 10:57:40.010063+03:00,0.0003136948225992554,116903.75,1.0,0.0,0.0
2025-09-19 10:57:40.011710+03:00,116903.76,116903.76,116903.27376852631,0.4862314736819826,2025-09-19 10:57:45.011710+03:00,-0.0004159245807679605,116903.76,-1.0,0.0,0.0
2025-09-19 10:57:45.022806+03:00,116903.75,116903.75,116902.87256852629,0.887431473704055,2025-09-19 10:57:50.022806+03:00,-0.0007505588774605551,116903.76,-1.0,1.0,0.0
2025-09-19 10:57:50.027609+03:00,116903.76,116903.76,116902.7092885263,1.040711473702686,2025-09-19 10:57:55.027609+03:00,-0.000898783301492995,116903.75,-1.0,-1.0,1.0
2025-09-19 10:57:55.100905+03:00,116903.75,116903.75,116902.86385152633,0.8861484736698912,2025-09-19 10:58:00.100905+03:00,-0.0007580154389143985,116903.75,-1.0,0.0,0.0
2025-09-19 10:58:00.047838+03:00,116903.75,116903.75,116903.54013152627,0.21986847372318152,2025-09-19 10:58:05.047838+03:00,-0.00017952244793551978,116903.76,-1.0,1.0,0.0
2025-09-19 10:58:05.056501+03:00,116903.75,116903.75,116902.31976099996,1.4402390000323066,2025-09-19 10:58:10.056501+03:00,-0.0012234329523540051,116903.76,-1.0,1.0,0.0
2025-09-19 10:58:10.066465+03:00,116903.76,116903.76,116902.53077985955,1.2192201404541265,2025-09-19 10:58:15.066465+03:00,-0.0010514804147008514,116903.75,-1.0,-1.0,1.0
2025-09-19 10:58:15.035390+03:00,116903.76,116903.76,116903.04453985952,0.7154601404763525,2025-09-19 10:58:20.035390+03:00,-0.0006120078092238886,116903.76,-1.0,0.0,0.0
2025-09-19 10:58:20.038158+03:00,116903.75,116903.75,116902.7338893332,1.0261106667894637,2025-09-19 10:58:25.038158+03:00,-0.0008691856906170267,116903.76,-1.0,1.0,0.0
2025-09-19 10:58:25.058222+03:00,116903.76,116903.76,116902.74796933323,7.232030666767969,2025-09-19 10:58:30.058222+03:00,-0.0008656955659653759,116909.98,-1.0,1.0,0.0
2025-09-19 10:58:32.638166+03:00,116909.98,116909.98,116905.62585063964,4.344149360360461,2025-09-19 10:58:37.638166+03:00,-0.003724360709286943,116909.97,-1.0,-1.0,1.0
2025-09-19 10:58:37.656328+03:00,116909.97,116909.97,116907.4543919637,2.5256080362887587,2025-09-19 10:58:42.656328+03:00,-0.0021517480812748456,116909.98,-1.0,1.0,0.0
2025-09-19 10:58:42.677593+03:00,116909.97,116909.97,116907.63649696807,2.343503031923319,2025-09-19 10:58:47.677593+03:00,-0.0019959829191030995,116909.98,-1.0,1.0,0.0
2025-09-19 10:58:47.688143+03:00,116909.97,116909.97,116907.67984884673,2.3001511532638688,2025-09-19 10:58:52.688143+03:00,-0.0019589014976815985,116909.98,-1.0,1.0,0.0
2025-09-19 10:58:52.691793+03:00,116909.98,116909.98,116907.69824363475,2.2817563652497483,2025-09-19 10:58:57.691793+03:00,-0.0019517207728970173,116909.98,-1.0,0.0,0.0
2025-09-19 10:58:57.681947+03:00,116909.97,116909.97,116908.02562084672,1.9543791532778414,2025-09-19 10:59:02.681947+03:00,-0.00166314229084404,116909.98,-1.0,1.0,0.0
2025-09-19 10:59:02.673491+03:00,116909.98,116909.98,116907.12105630142,2.858943698578514,2025-09-19 10:59:07.673491+03:00,-0.0024454231354573103,116909.98,-1.0,0.0,0.0
2025-09-19 10:59:07.689561+03:00,116909.98,116909.98,116907.75550179913,2.2244982008705847,2025-09-19 10:59:12.689561+03:00,-0.0019027444884265525,116909.98,-1.0,0.0,0.0
2025-09-19 10:59:12.713257+03:00,116909.97,116909.97,116907.17339532051,2.8066046794847352,2025-09-19 10:59:17.713257+03:00,-0.0023921011009497084,116909.98,-1.0,1.0,0.0
2025-09-19 10:59:17.726366+03:00,116909.97,116909.97,116906.54719650756,3.4328034924401436,2025-09-19 10:59:22.726366+03:00,-0.0029277259180251116,116909.98,-1.0,1.0,0.0
2025-09-19 10:59:22.741967+03:00,116909.98,116909.98,116905.07213613848,4.907863861517399,2025-09-19 10:59:27.741967+03:00,-0.0041979853743174,116909.98,-1.0,0.0,0.0
2025-09-19 10:59:27.749833+03:00,116909.97,116909.97,116906.84538991754,3.134610082459403,2025-09-19 10:59:32.749833+03:00,-0.0026726634883788283,116909.98,-1.0,1.0,0.0
2025-09-19 10:59:34.941719+03:00,116909.97,116909.97,116909.61435385357,0.3656461464270251,2025-09-19 10:59:39.941719+03:00,-0.0003042051472874929,116909.98,-1.0,1.0,0.0
2025-09-19 10:59:39.943707+03:00,116909.97,116909.97,116909.08106588533,0.8889341146714287,2025-09-19 10:59:44.943707+03:00,-0.0007603578331868776,116909.97,-1.0,0.0,0.0
2025-09-19 10:59:44.961454+03:00,116909.98,116909.98,116908.83994318689,1.130056813111878,2025-09-19 10:59:49.961454+03:00,-0.0009751578206639325,116909.97,-1.0,-1.0,1.0
2025-09-19 10:59:49.972781+03:00,116909.98,116909.98,116909.16534239327,0.8046576067281421,2025-09-19 10:59:54.972781+03:00,-0.0006968246908629216,116909.97,-1.0,-1.0,1.0
2025-09-19 10:59:54.989963+03:00,116909.97,116909.97,116909.29866255203,9.298662552027963,2025-09-19 10:59:59.989963+03:00,-0.0005742345567047884,116900.0,-1.0,-1.0,1.0
2025-09-19 10:59:59.999095+03:00,116909.98,116909.98,116909.10828810756,26.638288107555127,2025-09-19 11:00:04.999095+03:00,-0.0007456265858908149,116882.47,-1.0,-1.0,1.0
2025-09-19 11:00:05.096954+03:00,116890.3,116890.3,116902.33605147635,19.85605147635215,2025-09-19 11:00:10.096954+03:00,0.010296877907187479,116882.48,1.0,-1.0,0.0
2025-09-19 11:00:10.049425+03:00,116882.48,116882.48,116892.27773261901,9.797732619015733,2025-09-19 11:00:15.049425+03:00,0.00838255024963171,116882.48,1.0,0.0,0.0
2025-09-19 11:00:15.024187+03:00,116882.47,116882.47,116881.34614833328,1.1338516667165095,2025-09-19 11:00:20.024187+03:00,-0.0009615228585790052,116882.48,-1.0,1.0,0.0
2025-09-19 11:00:20.038874+03:00,116882.48,116882.48,116878.81469766665,14.075302333352738,2025-09-19 11:00:25.038874+03:00,-0.0031358868611867626,116892.89,-1.0,1.0,0.0
2025-09-19 11:00:25.058917+03:00,116892.89,116892.89,116879.348616,13.54138399999647,2025-09-19 11:00:30.058917+03:00,-0.011584437684786876,116892.89,-1.0,0.0,0.0
2025-09-19 11:00:30.061709+03:00,116892.89,116892.89,116882.29819999993,25.901800000065123,2025-09-19 11:00:35.061709+03:00,-0.009061115693236305,116908.2,-1.0,1.0,0.0
2025-09-19 11:00:37.404161+03:00,116908.2,116908.2,116895.93780333323,14.29219666676363,2025-09-19 11:00:42.404161+03:00,-0.010488739598047693,116910.23,-1.0,1.0,0.0
2025-09-19 11:00:42.456546+03:00,116908.21,116908.21,116906.05621596315,4.173784036844154,2025-09-19 11:00:47.456546+03:00,-0.001842286385921597,116910.23,-1.0,1.0,0.0
2025-09-19 11:00:47.426661+03:00,116910.23,116910.23,116909.31110901228,0.918890987712075,2025-09-19 11:00:52.426661+03:00,-0.0007859799674605678,116910.23,-1.0,0.0,0.0
2025-09-19 11:00:52.510622+03:00,116910.22,116910.22,116909.13054964406,1.0994503559340956,2025-09-19 11:00:57.510622+03:00,-0.000931869220620177,116910.23,-1.0,1.0,0.0
2025-09-19 11:00:57.514962+03:00,116910.23,116910.23,116909.65415631072,0.5758436892792815,2025-09-19 11:01:02.514962+03:00,-0.0004925520112989954,116910.23,-1.0,0.0,0.0
2025-09-19 11:01:02.519375+03:00,116910.23,116910.23,116909.91230055048,0.317699449515203,2025-09-19 11:01:07.519375+03:00,-0.00027174649259966647,116910.23,-1.0,0.0,0.0
2025-09-19 11:01:07.515542+03:00,116910.23,116910.23,116909.93053918685,0.2994608131411951,2025-09-19 11:01:12.515542+03:00,-0.0002561459447485435,116910.23,-1.0,0.0,0.0
2025-09-19 11:01:12.621430+03:00,116910.23,116910.23,116910.18828058665,0.04171941334789153,2025-09-19 11:01:17.621430+03:00,-3.568499809459919e-05,116910.23,-1.0,0.0,0.0
2025-09-19 11:01:17.544463+03:00,116910.23,116910.23,116909.71326363136,0.5067363686393946,2025-09-19 11:01:22.544463+03:00,-0.00044199414254351906,116910.22,-1.0,-1.0,1.0
2025-09-19 11:01:22.524396+03:00,116910.22,116910.22,116909.02806469113,1.2019353088689968,2025-09-19 11:01:27.524396+03:00,-0.0010195304643804753,116910.23,-1.0,1.0,0.0
2025-09-19 11:01:27.541268+03:00,116910.23,116910.23,116908.84361877185,1.3863812281488208,2025-09-19 11:01:32.541268+03:00,-0.001185851082620247,116910.23,-1.0,0.0,0.0
2025-09-19 11:01:32.507108+03:00,116910.22,116910.22,116907.98964408766,2.2303559123392915,2025-09-19 11:01:37.507108+03:00,-0.0019077510181225318,116910.22,-1.0,0.0,0.0
2025-09-19 11:01:40.023333+03:00,116910.23,116910.23,116908.24959582636,1.9704041736404179,2025-09-19 11:01:45.023333+03:00,-0.0016939528505205913,116910.22,-1.0,-1.0,1.0
2025-09-19 11:01:45.032931+03:00,116910.22,116910.22,116909.32430184228,0.9056981577159604,2025-09-19 11:01:50.032931+03:00,-0.0007661418802575164,116910.23,-1.0,1.0,0.0
2025-09-19 11:01:50.026684+03:00,116910.23,116910.23,116910.10200779467,14.597992205322953,2025-09-19 11:01:55.026684+03:00,-0.00010947904671968295,116924.7,-1.0,1.0,0.0
2025-09-19 11:01:55.029911+03:00,116919.76,116919.76,116914.87163305275,11.958366947248578,2025-09-19 11:02:00.029911+03:00,-0.004180958759444591,116926.83,-1.0,1.0,0.0
2025-09-19 11:02:00.061113+03:00,116926.83,116926.83,116921.67167332188,5.168326678118319,2025-09-19 11:02:05.061113+03:00,-0.004411585158105764,116926.84,-1.0,1.0,0.0
2025-09-19 11:02:05.064691+03:00,116926.84,116926.84,116928.00143921305,1.1714392130525084,2025-09-19 11:02:10.064691+03:00,0.000993304200351046,116926.83,1.0,-1.0,0.0
2025-09-19 11:02:10.067973+03:00,116926.83,116926.83,116930.36804271434,4.558042714343173,2025-09-19 11:02:15.067973+03:00,0.003025860458492802,116925.81,1.0,-1.0,0.0
2025-09-19 11:02:15.156454+03:00,116926.83,116926.83,116929.53008033325,32.19008033325372,2025-09-19 11:02:20.156454+03:00,0.0023092051099379667,116897.34,1.0,-1.0,0.0
2025-09-19 11:02:20.103130+03:00,116905.02,116905.02,116919.39785384297,22.04785384295974,2025-09-19 11:02:25.103130+03:00,0.012298748028922528,116897.35,1.0,-1.0,0.0
2025-09-19 11:02:25.099511+03:00,116897.35,116897.35,116910.17996501616,12.839965016159113,2025-09-19 11:02:30.099511+03:00,0.010975411346920866,116897.34,1.0,-1.0,0.0
2025-09-19 11:02:30.135693+03:00,116897.34,116897.34,116903.17518857162,5.835188571625622,2025-09-19 11:02:35.135693+03:00,0.004991720574330966,116897.34,1.0,0.0,0.0
2025-09-19 11:02:35.131405+03:00,116897.35,116897.35,116898.89010444467,1.550104444671888,2025-09-19 11:02:40.131405+03:00,0.0013174844807539046,116897.34,1.0,-1.0,0.0
2025-09-19 11:02:42.282236+03:00,116897.35,116897.35,116897.65966485736,6.999664857357857,2025-09-19 11:02:47.282236+03:00,0.00026490323121570206,116890.66,1.0,-1.0,0.0
2025-09-19 11:02:47.436317+03:00,116890.66,116890.66,116895.10400200017,4.98400200017204,2025-09-19 11:02:52.436317+03:00,0.003801845245945135,116890.12,1.0,-1.0,0.0
2025-09-19 11:02:52.278131+03:00,116890.13,116890.13,116893.29303733347,3.173037333472166,2025-09-19 11:02:57.278131+03:00,0.002705991800559083,116890.12,1.0,-1.0,0.0
2025-09-19 11:02:57.301924+03:00,116890.12,116890.12,116886.56747999993,3.1325200000719633,2025-09-19 11:03:02.301924+03:00,-0.003039196127157896,116889.7,-1.0,-1.0,1.0
2025-09-19 11:03:02.318851+03:00,116889.7,116889.7,116888.05362666672,1.6463733332784614,2025-09-19 11:03:07.318851+03:00,-0.0014084845228266147,116889.7,-1.0,0.0,0.0
2025-09-19 11:03:07.366810+03:00,116889.7,116889.7,116885.74450666673,3.95549333326926,2025-09-19 11:03:12.366810+03:00,-0.0033839537044489465,116889.7,-1.0,0.0,0.0
2025-09-19 11:03:12.410192+03:00,116889.7,116889.7,116881.6427066666,8.067293333413545,2025-09-19 11:03:17.410192+03:00,-0.006893073840898071,116889.71,-1.0,1.0,0.0
2025-09-19 11:03:17.396802+03:00,116889.7,116889.7,116883.49110666671,6.208893333285232,2025-09-19 11:03:22.396802+03:00,-0.00531175401535399,116889.7,-1.0,0.0,0.0
2025-09-19 11:03:22.456153+03:00,116889.7,116889.7,116886.6404266667,3.0595733333029784,2025-09-19 11:03:27.456153+03:00,-0.0026174875402220884,116889.7,-1.0,0.0,0.0
2025-09-19 11:03:27.516001+03:00,116889.71,116889.71,116883.1441333332,6.565866666802322,2025-09-19 11:03:32.516001+03:00,-0.005617146853048332,116889.71,-1.0,0.0,0.0
2025-09-19 11:03:32.584760+03:00,116889.7,116889.7,116883.68785333326,6.012146666733315,2025-09-19 11:03:37.584760+03:00,-0.005143435791804852,116889.7,-1.0,0.0,0.0
2025-09-19 11:03:37.526943+03:00,116889.7,116889.7,116888.2076133334,1.4923866665922105,2025-09-19 11:03:42.526943+03:00,-0.0012767477943670064,116889.7,-1.0,0.0,0.0
2025-09-19 11:03:44.930116+03:00,116889.7,116889.7,116889.18745244454,0.4425475554598961,2025-09-19 11:03:49.930116+03:00,-0.0004384882119231456,116889.63,-1.0,-1.0,1.0
2025-09-19 11:03:49.943530+03:00,116889.63,116889.63,116889.90225688898,0.2622568889782997,2025-09-19 11:03:54.943530+03:00,0.0002329179149365611,116889.64,1.0,1.0,1.0
2025-09-19 11:03:54.952894+03:00,116889.63,116889.63,116886.5942813334,3.0457186666026246,2025-09-19 11:03:59.952894+03:00,-0.0025970812522957453,116889.64,-1.0,1.0,0.0
2025-09-19 11:03:59.960514+03:00,116889.64,116889.64,116888.48376577799,1.1462342220183928,2025-09-19 11:04:04.960514+03:00,-0.0009891674078328532,116889.63,-1.0,-1.0,1.0
2025-09-19 11:04:04.982994+03:00,116889.63,116889.63,116889.53429244479,0.09570755521417595,2025-09-19 11:04:09.982994+03:00,-8.187856802538938e-05,116889.63,-1.0,0.0,0.0
2025-09-19 11:04:09.969811+03:00,116889.63,116889.63,116889.96242133362,0.3224213336216053,2025-09-19 11:04:14.969811+03:00,0.0002843890716536331,116889.64,1.0,1.0,1.0
2025-09-19 11:04:14.975726+03:00,116889.63,116889.63,116888.73361688903,0.9063831109669991,2025-09-19 11:04:19.975726+03:00,-0.0007668628183460224,116889.64,-1.0,1.0,0.0
2025-09-19 11:04:19.993067+03:00,116889.63,116889.63,116889.963136889,0.33313688899215776,2025-09-19 11:04:24.993067+03:00,0.0002850012349189211,116889.63,1.0,0.0,0.0
2025-09-19 11:04:25.008207+03:00,116889.63,116889.63,116890.18905688898,0.5590568889747374,2025-09-19 11:04:30.008207+03:00,0.0004782775760131479,116889.63,1.0,0.0,0.0
2025-09-19 11:04:29.998059+03:00,116889.64,116889.64,116889.5270924446,0.10290755541063845,2025-09-19 11:04:34.998059+03:00,-9.6593295526789e-05,116889.63,-1.0,-1.0,1.0
2025-09-19 11:04:34.998878+03:00,116889.63,116889.63,116890.22753688903,0.5875368890265236,2025-09-19 11:04:39.998878+03:00,0.0005111975194217697,116889.64,1.0,1.0,1.0
2025-09-19 11:04:40.013959+03:00,116889.63,116889.63,116888.78873244462,0.8412675553845474,2025-09-19 11:04:45.013959+03:00,-0.0007197110260204839,116889.63,-1.0,0.0,0.0
2025-09-19 11:04:47.416318+03:00,116889.63,116889.63,116889.74929515315,0.11929515314113814,2025-09-19 11:04:52.416318+03:00,0.00010205794401191802,116889.63,1.0,0.0,0.0
2025-09-19 11:04:52.437611+03:00,116889.63,116889.63,116889.74929515315,0.10929515314637683,2025-09-19 11:04:57.437611+03:00,0.00010205794401191802,116889.64,1.0,1.0,1.0
2025-09-19 11:04:57.285962+03:00,116889.63,116889.63,116889.74929515315,0.11929515314113814,2025-09-19 11:05:02.285962+03:00,0.00010205794401191802,116889.63,1.0,0.0,0.0
2025-09-19 11:05:02.302485+03:00,116889.63,116889.63,116889.74929515315,0.10929515314637683,2025-09-19 11:05:07.302485+03:00,0.00010205794401191802,116889.64,1.0,1.0,1.0
2025-09-19 11:05:07.297370+03:00,116889.64,116889.64,116884.00565467891,5.634345321086585,2025-09-19 11:05:12.297370+03:00,-0.004820226429892833,116889.64,-1.0,0.0,0.0
2025-09-19 11:05:12.364253+03:00,116889.63,116889.63,116884.9383583326,4.701641667401418,2025-09-19 11:05:17.364253+03:00,-0.004013736434452446,116889.64,-1.0,1.0,0.0
2025-09-19 11:05:17.404713+03:00,116889.64,116889.64,116888.07246884062,1.5675311593804508,2025-09-19 11:05:22.404713+03:00,-0.0013410351502326904,116889.64,-1.0,0.0,0.0
2025-09-19 11:05:22.384049+03:00,116889.64,116889.64,116888.51735328502,1.122646714982693,2025-09-19 11:05:27.384049+03:00,-0.0009604330332292007,116889.64,-1.0,0.0,0.0
2025-09-19 11:05:27.436157+03:00,116889.64,116889.64,116889.4973788329,0.13262116711121053,2025-09-19 11:05:32.436157+03:00,-0.00012201352241821588,116889.63,-1.0,-1.0,1.0
2025-09-19 11:05:32.427451+03:00,116889.63,116889.63,116889.27316404207,0.36683595793147106,2025-09-19 11:05:37.427451+03:00,-0.0003052759752398136,116889.64,-1.0,1.0,0.0
2025-09-19 11:05:37.460608+03:00,116889.64,116889.64,116889.04537566601,23.924624333987595,2025-09-19 11:05:42.460608+03:00,-0.0005087057621067601,116912.97,-1.0,1.0,0.0
2025-09-19 11:05:42.585758+03:00,116912.97,116912.97,116905.4077855716,18.752214428401203,2025-09-19 11:05:47.585758+03:00,-0.0064682425126988685,116924.16,-1.0,1.0,0.0
2025-09-19 11:05:49.602921+03:00,116912.97,116912.97,116911.53540234426,12.624597655740217,2025-09-19 11:05:54.602921+03:00,-0.0012270645897866498,116924.16,-1.0,1.0,0.0
2025-09-19 11:05:54.665739+03:00,116924.16,116924.16,116921.20299729395,2.9570027060544817,2025-09-19 11:05:59.665739+03:00,-0.002528992045830803,116924.16,-1.0,0.0,0.0
2025-09-19 11:05:59.698327+03:00,116924.16,116924.16,116919.52221485686,4.637785143146175,2025-09-19 11:06:04.698327+03:00,-0.003966490024941103,116924.16,-1.0,0.0,0.0
2025-09-19 11:06:04.684191+03:00,116924.16,116924.16,116917.64749999972,6.512500000288128,2025-09-19 11:06:09.684191+03:00,-0.005569849721638477,116924.16,-1.0,0.0,0.0
2025-09-19 11:06:09.685996+03:00,116924.16,116924.16,116916.31259333303,7.8474066669732565,2025-09-19 11:06:14.685996+03:00,-0.006711535637265435,116924.16,-1.0,0.0,0.0
2025-09-19 11:06:14.659906+03:00,116924.16,116924.16,116917.03519619037,7.134803809633013,2025-09-19 11:06:19.659906+03:00,-0.006093525760320409,116924.17,-1.0,1.0,0.0
2025-09-19 11:06:19.805902+03:00,116924.17,116924.17,116922.93855333317,1.221446666837437,2025-09-19 11:06:24.805902+03:00,-0.001053201119009182,116924.16,-1.0,-1.0,1.0
2025-09-19 11:06:24.846904+03:00,116924.17,116924.17,116920.67481219045,3.495187809545314,2025-09-19 11:06:29.846904+03:00,-0.0029892774176163185,116924.17,-1.0,0.0,0.0
2025-09-19 11:06:29.715074+03:00,116924.16,116924.16,116924.18487480114,0.014874801141559146,2025-09-19 11:06:34.715074+03:00,2.1274303904616855e-05,116924.17,1.0,1.0,1.0
2025-09-19 11:06:34.736365+03:00,116924.16,116924.16,116925.5398480191,1.3798480191035196,2025-09-19 11:06:39.736365+03:00,0.0011801222425746052,116924.16,1.0,0.0,0.0
2025-09-19 11:06:39.806726+03:00,116924.17,116924.17,116926.61785774321,28.462142256787047,2025-09-19 11:06:44.806726+03:00,0.002093542971668258,116955.08,1.0,1.0,1.0
2025-09-19 11:06:44.752409+03:00,116955.08,116955.08,116936.4543826191,18.615617380914045,2025-09-19 11:06:49.752409+03:00,-0.015925445376899237,116955.07,-1.0,-1.0,1.0
2025-09-19 11:06:52.032442+03:00,116955.08,116955.08,116948.91084545468,6.169154545321362,2025-09-19 11:06:57.032442+03:00,-0.005274806827819161,116955.08,-1.0,0.0,0.0
2025-09-19 11:06:57.126263+03:00,116955.08,116955.08,116953.8093333336,1.2706666664016666,2025-09-19 11:07:02.126263+03:00,-0.0010864570110179622,116955.08,-1.0,0.0,0.0
2025-09-19 11:07:02.134264+03:00,116955.08,116955.08,116954.69963333351,0.38036666648986284,2025-09-19 11:07:07.134264+03:00,-0.0003252245789493392,116955.08,-1.0,0.0,0.0
2025-09-19 11:07:07.063594+03:00,116955.08,116955.08,116955.39931333347,6.749313333479222,2025-09-19 11:07:12.063594+03:00,0.00027302220089256055,116948.65,1.0,-1.0,0.0
2025-09-19 11:07:12.074737+03:00,116948.65,116948.65,116950.91802000004,2.2680200000468176,2025-09-19 11:07:17.074737+03:00,0.0019393297828122153,116948.65,1.0,0.0,0.0
2025-09-19 11:07:17.150260+03:00,116948.65,116948.65,116947.8114809524,0.8385190475964919,2025-09-19 11:07:22.150260+03:00,-0.0007169976289563769,116948.65,-1.0,0.0,0.0
2025-09-19 11:07:22.091106+03:00,116948.65,116948.65,116947.33576666664,1.5257666666439036,2025-09-19 11:07:27.091106+03:00,-0.0011237695632678136,116945.81,-1.0,-1.0,1.0
2025-09-19 11:07:27.090172+03:00,116945.81,116945.81,116945.1564466666,0.6635533334047068,2025-09-19 11:07:32.090172+03:00,-0.0005588514316121232,116945.82,-1.0,1.0,0.0
2025-09-19 11:07:32.109922+03:00,116945.82,116945.82,116944.48136666662,1.328633333381731,2025-09-19 11:07:37.109922+03:00,-0.0011446611203299478,116945.81,-1.0,-1.0,1.0
2025-09-19 11:07:37.110721+03:00,116945.82,116945.82,116944.45956666658,1.3504333334130934,2025-09-19 11:07:42.110721+03:00,-0.0011633022312575229,116945.81,-1.0,-1.0,1.0
2025-09-19 11:07:42.106831+03:00,116945.82,116945.82,116944.91844666663,0.9015533333731582,2025-09-19 11:07:47.106831+03:00,-0.000770915397722773,116945.82,-1.0,0.0,0.0
2025-09-19 11:07:47.129229+03:00,116945.82,116945.82,116944.16980666658,1.6501933334220666,2025-09-19 11:07:52.129229+03:00,-0.0014110750888078484,116945.82,-1.0,0.0,0.0
2025-09-19 11:07:54.766795+03:00,116945.81,116945.81,116945.48876301698,0.3312369830237003,2025-09-19 11:07:59.766795+03:00,-0.00027468874944248716,116945.82,-1.0,1.0,0.0
2025-09-19 11:07:59.780706+03:00,116945.82,116945.82,116946.54663801704,0.7366380170424236,2025-09-19 11:08:04.780706+03:00,0.0006213458651477328,116945.81,1.0,-1.0,0.0
2025-09-19 11:08:04.776493+03:00,116945.81,116945.81,116946.63582968373,16.564170316269156,2025-09-19 11:08:09.776493+03:00,0.0007061644053175247,116963.2,1.0,1.0,1.0
2025-09-19 11:08:09.786592+03:00,116950.0,116950.0,116948.85695771428,14.343042285720003,2025-09-19 11:08:14.786592+03:00,-0.0009773769010029184,116963.2,-1.0,1.0,0.0
2025-09-19 11:08:14.786115+03:00,116963.19,116963.19,116960.01534357887,3.1946564211393707,2025-09-19 11:08:19.786115+03:00,-0.0027142354967706474,116963.21,-1.0,1.0,0.0
2025-09-19 11:08:19.891248+03:00,116963.21,116963.21,116966.74159157889,3.5415915788908023,2025-09-19 11:08:24.891248+03:00,0.0030194037756671424,116963.2,1.0,-1.0,0.0
2025-09-19 11:08:24.814048+03:00,116963.2,116963.2,116967.44226157884,4.232261578828911,2025-09-19 11:08:29.814048+03:00,0.003627005398995774,116963.21,1.0,1.0,1.0
2025-09-19 11:08:29.840266+03:00,116963.21,116963.21,116964.60298866646,1.3929886664554942,2025-09-19 11:08:34.840266+03:00,0.0011909630955370448,116963.21,1.0,0.0,0.0
2025-09-19 11:08:34.825997+03:00,116963.21,116963.21,116963.7406010474,0.530601047386881,2025-09-19 11:08:39.825997+03:00,0.0004536478157421303,116963.21,1.0,0.0,0.0
2025-09-19 11:08:39.811850+03:00,116963.2,116963.2,116963.45580104743,0.25580104743130505,2025-09-19 11:08:44.811850+03:00,0.00021870216224530883,116963.2,1.0,0.0,0.0
2025-09-19 11:08:44.824104+03:00,116963.2,116963.2,116966.50637504751,3.2963750475028064,2025-09-19 11:08:49.824104+03:00,0.002826850708181821,116963.21,1.0,1.0,1.0
2025-09-19 11:08:49.841770+03:00,116963.2,116963.2,116964.14252904753,0.9425290475337533,2025-09-19 11:08:54.841770+03:00,0.0008058338413567287,116963.2,1.0,0.0,0.0
2025-09-19 11:08:57.162924+03:00,116963.2,116963.2,116962.79273826847,0.40726173152506817,2025-09-19 11:09:02.162924+03:00,-0.0003481964682268168,116963.2,-1.0,0.0,0.0
2025-09-19 11:09:02.176372+03:00,116963.2,116963.2,116961.58722217313,11.18277782687801,2025-09-19 11:09:07.176372+03:00,-0.0013788762849092915,116972.77,-1.0,1.0,0.0
2025-09-19 11:09:07.185356+03:00,116972.41,116972.41,116965.65978379354,25.880216206453042,2025-09-19 11:09:12.185356+03:00,-0.005770776379201674,116991.54,-1.0,1.0,0.0
2025-09-19 11:09:12.191863+03:00,116991.54,116991.54,116981.70739166635,9.832608333643293,2025-09-19 11:09:17.191863+03:00,-0.00840454646006309,116991.54,-1.0,0.0,0.0
2025-09-19 11:09:17.192859+03:00,116991.54,116991.54,116982.49659999977,9.043400000227848,2025-09-19 11:09:22.192859+03:00,-0.007729960645212336,116991.54,-1.0,0.0,0.0
2025-09-19 11:09:22.198439+03:00,116991.55,116991.55,116981.74731999997,18.232680000030086,2025-09-19 11:09:27.198439+03:00,-0.008378964121799457,116999.98,-1.0,1.0,0.0
2025-09-19 11:09:27.210084+03:00,116999.98,116999.98,116976.30064000003,23.679359999965527,2025-09-19 11:09:32.210084+03:00,-0.02023877269035903,116999.98,-1.0,0.0,0.0
2025-09-19 11:09:32.215566+03:00,116999.99,116999.99,116974.64932000006,25.340679999950225,2025-09-19 11:09:37.215566+03:00,-0.021658702705829484,116999.99,-1.0,0.0,0.0
2025-09-19 11:09:37.304854+03:00,116999.98,116999.98,116974.94196000007,25.04803999993601,2025-09-19 11:09:42.304854+03:00,-0.021400037846097664,116999.99,-1.0,1.0,0.0
2025-09-19 11:09:42.242122+03:00,116999.98,116999.98,116974.52072000007,25.46927999993204,2025-09-19 11:09:47.242122+03:00,-0.021760072095672774,116999.99,-1.0,1.0,0.0
2025-09-19 11:09:47.249743+03:00,116999.99,116999.99,116974.52072000007,25.479279999926803,2025-09-19 11:09:52.249743+03:00,-0.021768617245122874,117000.0,-1.0,1.0,0.0
2025-09-19 11:09:52.263027+03:00,116999.99,116999.99,116974.17916000009,31.44083999990835,2025-09-19 11:09:57.263027+03:00,-0.022060548893994128,117005.62,-1.0,1.0,0.0
2025-09-19 11:09:59.839192+03:00,117005.62,117005.62,117002.32749212133,3.302507878674078,2025-09-19 11:10:04.839192+03:00,-0.0028139741310415386,117005.63,-1.0,1.0,0.0
2025-09-19 11:10:04.842933+03:00,117005.62,117005.62,117001.98405878792,3.645941212089383,2025-09-19 11:10:09.842933+03:00,-0.003107492795713633,117005.63,-1.0,1.0,0.0
2025-09-19 11:10:09.851381+03:00,117005.62,117005.62,117001.99611212124,0.06611212124698795,2025-09-19 11:10:14.851381+03:00,-0.003097191296243155,117001.93,-1.0,-1.0,1.0
2025-09-19 11:10:14.876022+03:00,117005.63,117005.63,117000.53665333342,1.4033466665860033,2025-09-19 11:10:19.876022+03:00,-0.004353078280582166,117001.94,-1.0,-1.0,1.0
2025-09-19 11:10:19.865083+03:00,117001.93,117001.93,116988.33905333333,13.600946666672826,2025-09-19 11:10:24.865083+03:00,-0.011616002117797128,117001.94,-1.0,1.0,0.0
2025-09-19 11:10:24.876809+03:00,117001.93,117001.93,116985.88723878781,16.052761212195037,2025-09-19 11:10:29.876809+03:00,-0.013711535538076785,117001.94,-1.0,1.0,0.0
2025-09-19 11:10:29.881992+03:00,117001.93,117001.93,116986.13353333328,15.79646666671033,2025-09-19 11:10:34.881992+03:00,-0.013501030851978537,117001.93,-1.0,0.0,0.0
2025-09-19 11:10:34.878319+03:00,117001.94,117001.94,116983.7078133333,18.222186666695052,2025-09-19 11:10:39.878319+03:00,-0.015582807145509182,117001.93,-1.0,-1.0,1.0
2025-09-19 11:10:39.889301+03:00,117001.93,117001.93,116982.86461333328,19.075386666721897,2025-09-19 11:10:44.889301+03:00,-0.016294933482475533,117001.94,-1.0,1.0,0.0
2025-09-19 11:10:44.892601+03:00,117001.93,117001.93,116982.41499878785,19.515001212144853,2025-09-19 11:10:49.892601+03:00,-0.016679213079771292,117001.93,-1.0,0.0,0.0
2025-09-19 11:10:49.883726+03:00,117001.94,117001.94,116984.50093333327,17.429066666722065,2025-09-19 11:10:54.883726+03:00,-0.014904938043532764,117001.93,-1.0,-1.0,1.0
2025-09-19 11:10:54.884303+03:00,117001.94,117001.94,116984.47247878782,17.467521212180145,2025-09-19 11:10:59.884303+03:00,-0.014929257764597872,117001.94,-1.0,0.0,0.0
2025-09-19 11:11:02.502493+03:00,117001.94,117001.94,117001.61938734478,0.32061265522497706,2025-09-19 11:11:07.502493+03:00,-0.00027402336681338536,117001.94,-1.0,0.0,0.0
2025-09-19 11:11:07.383197+03:00,117001.94,117001.94,117001.95239234474,1.5323923447431298,2025-09-19 11:11:12.383197+03:00,1.0591572019280417e-05,117000.42,1.0,-1.0,0.0
2025-09-19 11:11:12.393331+03:00,117001.94,117001.94,117001.76506234483,1.3350623448350234,2025-09-19 11:11:17.393331+03:00,-0.0001495168842279793,117000.43,-1.0,-1.0,1.0
2025-09-19 11:11:17.381200+03:00,117000.43,117000.43,117001.87597948764,1.4459794876456726,2025-09-19 11:11:22.381200+03:00,0.0012358753618646298,117000.43,1.0,0.0,0.0
2025-09-19 11:11:22.486801+03:00,117000.43,117000.43,117002.14134464631,7.341344646309153,2025-09-19 11:11:27.486801+03:00,0.0014626823562264245,116994.8,1.0,-1.0,0.0
2025-09-19 11:11:27.504637+03:00,116994.79,116994.79,116994.91747866754,5.557478667542455,2025-09-19 11:11:32.504637+03:00,0.00010896097813367563,116989.36,1.0,-1.0,0.0
2025-09-19 11:11:32.530859+03:00,116994.8,116994.8,116991.18490828287,2.2649082828720566,2025-09-19 11:11:37.530859+03:00,-0.0030899593119801906,116988.92,-1.0,-1.0,1.0
2025-09-19 11:11:37.525952+03:00,116988.91,116988.91,116984.32303555557,4.596964444426703,2025-09-19 11:11:42.525952+03:00,-0.0039208540744861565,116988.92,-1.0,1.0,0.0
2025-09-19 11:11:42.434058+03:00,116988.92,116988.92,116980.97534000003,7.944659999964642,2025-09-19 11:11:47.434058+03:00,-0.00679095080112257,116988.92,-1.0,0.0,0.0
2025-09-19 11:11:47.414705+03:00,116988.92,116988.92,116978.28584000001,10.634159999986878,2025-09-19 11:11:52.414705+03:00,-0.00908988646103142,116988.92,-1.0,0.0,0.0
2025-09-19 11:11:52.527080+03:00,116988.92,116988.92,116977.79772000002,11.122279999981401,2025-09-19 11:11:57.527080+03:00,-0.009507122554838016,116988.92,-1.0,0.0,0.0
2025-09-19 11:11:57.513858+03:00,116988.91,116988.91,116977.16019999998,11.749800000019604,2025-09-19 11:12:02.513858+03:00,-0.010043516090559014,116988.91,-1.0,0.0,0.0
2025-09-19 11:12:04.857702+03:00,116988.91,116988.91,116988.12703492084,0.7929650791629683,2025-09-19 11:12:09.857702+03:00,-0.000669264359474934,116988.92,-1.0,1.0,0.0
2025-09-19 11:12:09.867667+03:00,116988.91,116988.91,116987.63948142878,1.2805185712204548,2025-09-19 11:12:14.867667+03:00,-0.0010860162482287368,116988.92,-1.0,1.0,0.0
2025-09-19 11:12:14.876636+03:00,116988.92,116988.92,116987.38092942882,1.5390705711761257,2025-09-19 11:12:19.876636+03:00,-0.001315569518186958,116988.92,-1.0,0.0,0.0
2025-09-19 11:12:19.884375+03:00,116988.92,116988.92,116986.87207476202,2.0479252379736863,2025-09-19 11:12:24.884375+03:00,-0.0017505292278736193,116988.92,-1.0,0.0,0.0
2025-09-19 11:12:24.894314+03:00,116988.92,116988.92,116986.53983476204,2.380165237962501,2025-09-19 11:12:29.894314+03:00,-0.0020345219341818877,116988.92,-1.0,0.0,0.0
2025-09-19 11:12:29.902532+03:00,116988.92,116988.92,116985.81388276198,3.0961172380193602,2025-09-19 11:12:34.902532+03:00,-0.002655052493872173,116988.91,-1.0,-1.0,1.0
2025-09-19 11:12:34.916088+03:00,116988.92,116988.92,116985.55211476203,3.36788523796713,2025-09-19 11:12:39.916088+03:00,-0.0028788070169099176,116988.92,-1.0,0.0,0.0
2025-09-19 11:12:39.920282+03:00,116988.91,116988.91,116986.89875476206,2.0112452379398746,2025-09-19 11:12:44.920282+03:00,-0.0017191759782528744,116988.91,-1.0,0.0,0.0
2025-09-19 11:12:44.929946+03:00,116988.91,116988.91,116985.849002762,3.0609972380043473,2025-09-19 11:12:49.929946+03:00,-0.00261648496255273,116988.91,-1.0,0.0,0.0
2025-09-19 11:12:49.927456+03:00,116988.92,116988.92,116987.68276276204,1.2372372379613807,2025-09-19 11:12:54.927456+03:00,-0.0010575678773352048,116988.92,-1.0,0.0,0.0
2025-09-19 11:12:54.940769+03:00,116988.92,116988.92,116987.30118809549,1.6188119045109488,2025-09-19 11:12:59.940769+03:00,-0.0013837309588899092,116988.92,-1.0,0.0,0.0
2025-09-19 11:12:59.954956+03:00,116988.92,116988.92,116984.15337904776,4.7566209522483405,2025-09-19 11:13:04.954956+03:00,-0.004074420853054377,116988.91,-1.0,-1.0,1.0
2025-09-19 11:13:07.132053+03:00,116988.91,116988.91,116988.50688032682,0.4131196731759701,2025-09-19 11:13:12.132053+03:00,-0.00034457939062874313,116988.92,-1.0,1.0,0.0
2025-09-19 11:13:12.053024+03:00,116988.92,116988.92,116989.48881991125,0.5788199112430448,2025-09-19 11:13:17.053024+03:00,0.00048621690947166923,116988.91,1.0,-1.0,0.0
2025-09-19 11:13:17.082013+03:00,116988.91,116988.91,116989.37777221896,0.4677722189517226,2025-09-19 11:13:22.082013+03:00,0.00039984321501219434,116988.91,1.0,0.0,0.0
2025-09-19 11:13:22.083701+03:00,116988.92,116988.92,116988.73756847781,0.17243152219452895,2025-09-19 11:13:27.083701+03:00,-0.00015593914550992544,116988.91,-1.0,-1.0,1.0
2025-09-19 11:13:27.104088+03:00,116988.92,116988.92,116989.34153991126,0.4215399112581508,2025-09-19 11:13:32.104088+03:00,0.0003603246454947621,116988.92,1.0,0.0,0.0
2025-09-19 11:13:32.133738+03:00,116988.91,116988.91,116989.37757221893,0.4575722189329099,2025-09-19 11:13:37.133738+03:00,0.000399672258616369,116988.92,1.0,1.0,1.0
2025-09-19 11:13:37.141705+03:00,116988.92,116988.92,116989.48859221896,0.5785922189534176,2025-09-19 11:13:42.141705+03:00,0.0004860222822457514,116988.91,1.0,-1.0,0.0
2025-09-19 11:13:42.134918+03:00,116988.92,116988.92,116989.34139221894,0.42139221893739887,2025-09-19 11:13:47.134918+03:00,0.0003601984007865009,116988.92,1.0,0.0,0.0
2025-09-19 11:13:47.139488+03:00,116988.92,116988.92,116989.31569991124,0.39569991124153603,2025-09-19 11:13:52.139488+03:00,0.00033823708368410963,116988.92,1.0,0.0,0.0
2025-09-19 11:13:52.159514+03:00,116988.92,116988.92,116988.67980950342,0.23019049658614676,2025-09-19 11:13:57.159514+03:00,-0.0002053104657953147,116988.91,-1.0,-1.0,1.0
2025-09-19 11:13:57.150555+03:00,116988.91,116988.91,116989.17326207907,0.25326207907346543,2025-09-19 11:14:02.150555+03:00,0.00022503165391337242,116988.92,1.0,1.0,1.0
2025-09-19 11:14:02.158112+03:00,116988.91,116988.91,116989.27660221895,0.3666022189427167,2025-09-19 11:14:07.158112+03:00,0.0003133649325758456,116988.91,1.0,0.0,0.0
2025-09-19 11:14:09.393684+03:00,116988.92,116988.92,116990.40150323138,1.491503231372917,2025-09-19 11:14:14.393684+03:00,0.0012663620036650956,116988.91,1.0,-1.0,0.0
2025-09-19 11:14:14.487562+03:00,116988.92,116988.92,116988.05142279272,21.241422792722005,2025-09-19 11:14:19.487562+03:00,-0.000742443991515245,116966.81,-1.0,-1.0,1.0
2025-09-19 11:14:19.418063+03:00,116967.02,116967.02,116975.87876176061,9.058761760607013,2025-09-19 11:14:24.418063+03:00,0.007573726132896198,116966.82,1.0,-1.0,0.0
2025-09-19 11:14:24.518307+03:00,116966.81,116966.81,116968.78929813717,1.9692981371626956,2025-09-19 11:14:29.518307+03:00,0.0016921878412961837,116966.82,1.0,1.0,1.0
2025-09-19 11:14:29.462365+03:00,116966.82,116966.82,116965.3691566279,1.4508433721057372,2025-09-19 11:14:34.462365+03:00,-0.0012403888317265848,116966.82,-1.0,0.0,0.0
2025-09-19 11:14:34.616103+03:00,116966.81,116966.81,116962.78132404758,4.038675952426274,2025-09-19 11:14:39.616103+03:00,-0.003444289839499736,116966.82,-1.0,1.0,0.0
2025-09-19 11:14:39.511862+03:00,116966.82,116966.82,116961.99464404758,4.815355952421669,2025-09-19 11:14:44.511862+03:00,-0.004125405779545842,116966.81,-1.0,-1.0,1.0
2025-09-19 11:14:44.662831+03:00,116966.82,116966.82,116963.1556946031,24.13430539688852,2025-09-19 11:14:49.662831+03:00,-0.003132773377015729,116987.29,-1.0,1.0,0.0
2025-09-19 11:14:49.618597+03:00,116966.82,116966.82,116963.25569460311,24.0343053968827,2025-09-19 11:14:54.618597+03:00,-0.0030472790462253213,116987.29,-1.0,1.0,0.0
2025-09-19 11:14:54.659536+03:00,116987.29,116987.29,116987.40815777544,0.11815777544688899,2025-09-19 11:14:59.659536+03:00,0.00010100052360122966,116987.29,1.0,0.0,0.0
2025-09-19 11:14:59.516932+03:00,116987.3,116987.3,116989.4596624867,2.1596624866942875,2025-09-19 11:15:04.516932+03:00,0.00184606575815861,116987.3,1.0,0.0,0.0
2025-09-19 11:15:04.651457+03:00,116987.29,116987.29,116986.3691446167,0.9308553832961479,2025-09-19 11:15:09.651457+03:00,-0.0007871413922716175,116987.3,-1.0,1.0,0.0
2025-09-19 11:15:11.879606+03:00,116987.29,116987.29,116985.11573722494,2.1842627750593238,2025-09-19 11:15:16.879606+03:00,-0.0018585461506544947,116987.3,-1.0,1.0,0.0
2025-09-19 11:15:16.867898+03:00,116987.29,116987.29,116986.70464487518,0.5953551248239819,2025-09-19 11:15:21.867898+03:00,-0.0005003578805993957,116987.3,-1.0,1.0,0.0
2025-09-19 11:15:21.883197+03:00,116987.3,116987.3,116984.85836054504,2.4416394549625693,2025-09-19 11:15:26.883197+03:00,-0.002087097877258958,116987.3,-1.0,0.0,0.0
2025-09-19 11:15:26.898702+03:00,116987.29,116987.29,116984.88034012633,2.419659873674391,2025-09-19 11:15:31.898702+03:00,-0.0020597621106233656,116987.3,-1.0,1.0,0.0
2025-09-19 11:15:31.915268+03:00,116987.29,116987.29,116986.02872683575,1.2712731642532162,2025-09-19 11:15:36.915268+03:00,-0.001078128371247768,116987.3,-1.0,1.0,0.0
2025-09-19 11:15:36.908183+03:00,116987.29,116987.29,116987.30934880984,0.01934880984481424,2025-09-19 11:15:41.908183+03:00,1.653924101055272e-05,116987.29,1.0,0.0,0.0
2025-09-19 11:15:41.903109+03:00,116987.29,116987.29,116986.76675857512,0.5232414248748682,2025-09-19 11:15:46.903109+03:00,-0.00044726348039592014,116987.29,-1.0,0.0,0.0
2025-09-19 11:15:46.903945+03:00,116987.29,116987.29,116987.02214194022,0.2778580597805558,2025-09-19 11:15:51.903945+03:00,-0.00022896338548507496,116987.3,-1.0,1.0,0.0
2025-09-19 11:15:52.005880+03:00,116987.3,116987.3,116987.13012879653,0.15987120346107986,2025-09-19 11:15:57.005880+03:00,-0.00014520482434451695,116987.29,-1.0,-1.0,1.0
2025-09-19 11:15:56.999087+03:00,116987.3,116987.3,116987.15136935528,0.14863064471865073,2025-09-19 11:16:01.999087+03:00,-0.0001270485298136214,116987.3,-1.0,0.0,0.0
2025-09-19 11:16:01.936323+03:00,116987.29,116987.29,116986.81494263574,0.48505736426159274,2025-09-19 11:16:06.936323+03:00,-0.0004060760483059994,116987.3,-1.0,1.0,0.0
2025-09-19 11:16:06.931902+03:00,116987.29,116987.29,116987.02100468862,7.5989953113748925,2025-09-19 11:16:11.931902+03:00,-0.0002299355010045504,116994.62,-1.0,1.0,0.0
2025-09-19 11:16:14.154921+03:00,116994.62,116994.62,116989.22849890386,10.771501096140128,2025-09-19 11:16:19.154921+03:00,-0.004608332499507645,117000.0,-1.0,1.0,0.0
2025-09-19 11:16:19.244177+03:00,116999.99,116999.99,116991.51549403764,8.474505962367402,2025-09-19 11:16:24.244177+03:00,-0.007243168108277105,116999.99,-1.0,0.0,0.0
2025-09-19 11:16:24.179985+03:00,116999.99,116999.99,116995.1675095109,16.332490489105112,2025-09-19 11:16:29.179985+03:00,-0.004121787095118855,117011.5,-1.0,1.0,0.0
2025-09-19 11:16:29.175281+03:00,117011.5,117011.5,116999.32464433339,12.175355666608084,2025-09-19 11:16:34.175281+03:00,-0.010405264154897667,117011.5,-1.0,0.0,0.0
2025-09-19 11:16:34.177875+03:00,117011.49,117011.49,117002.01379818167,16.276201818327536,2025-09-19 11:16:39.177875+03:00,-0.008098522477014161,117018.29,-1.0,1.0,0.0
2025-09-19 11:16:39.197660+03:00,117018.29,117018.29,117002.21973151514,16.070268484851113,2025-09-19 11:16:44.197660+03:00,-0.01373312538138364,117018.29,-1.0,0.0,0.0
2025-09-19 11:16:44.213419+03:00,117018.29,117018.29,117002.09431992171,16.19568007827911,2025-09-19 11:16:49.213419+03:00,-0.01384029802373553,117018.29,-1.0,0.0,0.0
2025-09-19 11:16:49.215038+03:00,117018.29,117018.29,117002.06027992176,16.23972007824341,2025-09-19 11:16:54.215038+03:00,-0.013869387493385945,117018.3,-1.0,1.0,0.0
2025-09-19 11:16:54.244727+03:00,117018.29,117018.29,117002.0055999217,16.294400078302715,2025-09-19 11:16:59.244727+03:00,-0.013916115231468006,117018.3,-1.0,1.0,0.0
2025-09-19 11:16:59.246807+03:00,117018.3,117018.3,117002.00487992167,16.305120078322943,2025-09-19 11:17:04.246807+03:00,-0.013925275002566422,117018.31,-1.0,1.0,0.0
2025-09-19 11:17:04.260583+03:00,117018.31,117018.31,117002.22519992168,16.07480007832055,2025-09-19 11:17:09.260583+03:00,-0.01374554125616351,117018.3,-1.0,-1.0,1.0
2025-09-19 11:17:09.407781+03:00,117018.31,117018.31,117002.2989342075,16.011065792496083,2025-09-19 11:17:14.407781+03:00,-0.013682530359989035,117018.31,-1.0,0.0,0.0
2025-09-19 11:17:16.748859+03:00,117018.3,117018.3,117015.95254265364,7.037457346363226,2025-09-19 11:17:21.748859+03:00,-0.0020060600319444883,117022.99,-1.0,1.0,0.0
2025-09-19 11:17:21.741870+03:00,117022.99,117022.99,117016.06281265363,6.937187346367864,2025-09-19 11:17:26.741870+03:00,-0.005919509787241893,117023.0,-1.0,1.0,0.0
2025-09-19 11:17:26.740175+03:00,117023.0,117023.0,117016.98124265372,6.018757346275379,2025-09-19 11:17:31.740175+03:00,-0.005143225986579885,117023.0,-1.0,0.0,0.0
2025-09-19 11:17:31.844958+03:00,117023.0,117023.0,117016.39441265361,6.605587346391985,2025-09-19 11:17:36.844958+03:00,-0.005644691510550905,117023.0,-1.0,0.0,0.0
2025-09-19 11:17:36.860958+03:00,117023.0,117023.0,117016.55885265362,6.441147346384241,2025-09-19 11:17:41.860958+03:00,-0.00550417212546614,117023.0,-1.0,0.0,0.0
2025-09-19 11:17:41.789351+03:00,117023.0,117023.0,117017.16396265375,5.826037346254452,2025-09-19 11:17:46.789351+03:00,-0.004987085740622966,117022.99,-1.0,-1.0,1.0
2025-09-19 11:17:46.794800+03:00,117023.0,117023.0,117016.55885265362,8.351147346387734,2025-09-19 11:17:51.794800+03:00,-0.00550417212546614,117024.91,-1.0,1.0,0.0
2025-09-19 11:17:51.804499+03:00,117024.9,117024.9,117017.06752265379,9.492477346211672,2025-09-19 11:17:56.804499+03:00,-0.006693000674393381,117026.56,-1.0,1.0,0.0
2025-09-19 11:17:56.812906+03:00,117024.91,117024.91,117016.32893265362,10.241067346389173,2025-09-19 11:18:01.812906+03:00,-0.0073326844228170564,117026.57,-1.0,1.0,0.0
2025-09-19 11:18:01.828358+03:00,117026.56,117026.56,117016.32893265362,13.661067346387426,2025-09-19 11:18:06.828358+03:00,-0.008742517379285403,117029.99,-1.0,1.0,0.0
2025-09-19 11:18:06.831630+03:00,117026.57,117026.57,117017.07384265374,12.91615734626248,2025-09-19 11:18:11.831630+03:00,-0.008114531038775404,117029.99,-1.0,1.0,0.0
2025-09-19 11:18:11.843697+03:00,117029.99,117029.99,117016.39441265361,23.595587346397224,2025-09-19 11:18:16.843697+03:00,-0.011617182353341415,117039.99,-1.0,1.0,0.0
2025-09-19 11:18:19.159865+03:00,117040.0,117040.0,117035.58156999986,4.418430000136141,2025-09-19 11:18:24.159865+03:00,-0.0037751452496036747,117040.0,-1.0,0.0,0.0
2025-09-19 11:18:24.155548+03:00,117040.0,117040.0,117034.9695699999,5.0304300001007505,2025-09-19 11:18:29.155548+03:00,-0.004298043404050538,117040.0,-1.0,0.0,0.0
2025-09-19 11:18:29.170980+03:00,117039.99,117039.99,117034.86297444433,5.127025555673754,2025-09-19 11:18:34.170980+03:00,-0.004380575866140927,117039.99,-1.0,0.0,0.0
2025-09-19 11:18:34.185307+03:00,117040.0,117040.0,117034.79501444432,5.194985555688618,2025-09-19 11:18:39.185307+03:00,-0.004447185197952306,117039.99,-1.0,-1.0,1.0
2025-09-19 11:18:39.169666+03:00,117039.99,117039.99,117035.22509444431,4.764905555697624,2025-09-19 11:18:44.169666+03:00,-0.0040711773434854385,117039.99,-1.0,0.0,0.0
2025-09-19 11:18:44.190115+03:00,117039.99,117039.99,117034.99224999988,4.997750000125961,2025-09-19 11:18:49.190115+03:00,-0.004270121690992935,117039.99,-1.0,0.0,0.0
2025-09-19 11:18:49.183766+03:00,117040.0,117040.0,117034.38644999986,5.613550000140094,2025-09-19 11:18:54.183766+03:00,-0.004796266233885932,117040.0,-1.0,0.0,0.0
2025-09-19 11:18:54.202029+03:00,117040.0,117040.0,117033.03254999983,6.957450000176323,2025-09-19 11:18:59.202029+03:00,-0.005953050239380625,117039.99,-1.0,-1.0,1.0
2025-09-19 11:18:59.197831+03:00,117040.0,117040.0,117033.38906999987,6.600930000131484,2025-09-19 11:19:04.197831+03:00,-0.005648436432096929,117039.99,-1.0,-1.0,1.0
2025-09-19 11:19:04.204680+03:00,117039.99,117039.99,117033.68376333322,6.316236666782061,2025-09-19 11:19:09.204680+03:00,-0.005388104242650139,117040.0,-1.0,1.0,0.0
2025-09-19 11:19:09.210323+03:00,117039.99,117039.99,117033.53156333322,6.4584366667841095,2025-09-19 11:19:14.210323+03:00,-0.005518145265378192,117039.99,-1.0,0.0,0.0
2025-09-19 11:19:14.223124+03:00,117040.0,117040.0,117033.66066333317,6.329336666836753,2025-09-19 11:19:19.223124+03:00,-0.005416384711920295,117039.99,-1.0,-1.0,1.0
2025-09-19 11:19:21.911046+03:00,117039.99,117039.99,117039.64969808808,37.770301911921706,2025-09-19 11:19:26.911046+03:00,-0.0002907569557453747,117077.42,-1.0,1.0,0.0
2025-09-19 11:19:26.928304+03:00,117077.42,117077.42,117039.56895105017,37.86104894982418,2025-09-19 11:19:31.928304+03:00,-0.032329930869530114,117077.43,-1.0,1.0,0.0
2025-09-19 11:19:31.934613+03:00,117077.42,117077.42,117039.45365602458,37.966343975422205,2025-09-19 11:19:36.934613+03:00,-0.032428408462897636,117077.42,-1.0,0.0,0.0
2025-09-19 11:19:36.950051+03:00,117077.43,117077.43,117039.67391649514,46.62608350485971,2025-09-19 11:19:41.950051+03:00,-0.03224881474153457,117086.3,-1.0,1.0,0.0
2025-09-19 11:19:41.980029+03:00,117079.99,117079.99,117039.99285787968,46.30714212032035,2025-09-19 11:19:46.980029+03:00,-0.034162235682051796,117086.3,-1.0,1.0,0.0
2025-09-19 11:19:46.978350+03:00,117086.3,117086.3,117039.6734484951,50.6865515048994,2025-09-19 11:19:51.978350+03:00,-0.03982238016309485,117090.36,-1.0,1.0,0.0
2025-09-19 11:19:51.985546+03:00,117090.35,117090.35,117039.67337849509,50.686621504908544,2025-09-19 11:19:56.985546+03:00,-0.043279929989887105,117090.36,-1.0,1.0,0.0
2025-09-19 11:19:57.083470+03:00,117090.35,117090.35,117039.95292080277,50.40707919723354,2025-09-19 11:20:02.083470+03:00,-0.04304118930145719,117090.36,-1.0,1.0,0.0
2025-09-19 11:20:01.997300+03:00,117090.35,117090.35,117039.60539387971,50.74460612029361,2025-09-19 11:20:06.997300+03:00,-0.043337991662245105,117090.35,-1.0,0.0,0.0
2025-09-19 11:20:07.057444+03:00,117090.35,117090.35,117039.83795361595,50.52204638405237,2025-09-19 11:20:12.057444+03:00,-0.0431393760323183,117090.36,-1.0,1.0,0.0
2025-09-19 11:20:12.003164+03:00,117090.35,117090.35,117039.67353992371,50.6764600762981,2025-09-19 11:20:17.003164+03:00,-0.04327979212317505,117090.35,-1.0,0.0,0.0
2025-09-19 11:20:16.997890+03:00,117090.36,117090.36,117039.79380220943,50.56619779056928,2025-09-19 11:20:21.997890+03:00,-0.04318561988413843,117090.36,-1.0,0.0,0.0
2025-09-19 11:20:24.561139+03:00,117090.35,117090.35,117085.80689741732,4.543102582683787,2025-09-19 11:20:29.561139+03:00,-0.00387999744016803,117090.35,-1.0,0.0,0.0
2025-09-19 11:20:29.289567+03:00,117090.36,117090.36,117085.98384675066,4.3761532493372215,2025-09-19 11:20:34.289567+03:00,-0.0037374154877798838,117090.36,-1.0,0.0,0.0
2025-09-19 11:20:34.303398+03:00,117090.35,117090.35,117085.72740041718,4.622599582828116,2025-09-19 11:20:39.303398+03:00,-0.003947891165094404,117090.35,-1.0,0.0,0.0
2025-09-19 11:20:39.381715+03:00,117090.35,117090.35,117084.24498541711,6.105014582892181,2025-09-19 11:20:44.381715+03:00,-0.005213934865590701,117090.35,-1.0,0.0,0.0
2025-09-19 11:20:44.533506+03:00,117090.36,117090.36,117083.8835607506,6.476439249396208,2025-09-19 11:20:49.533506+03:00,-0.005531146414953551,117090.36,-1.0,0.0,0.0
2025-09-19 11:20:49.380372+03:00,117090.35,117090.35,117082.55701275055,7.792987249456928,2025-09-19 11:20:54.380372+03:00,-0.006655533312059387,117090.35,-1.0,0.0,0.0
2025-09-19 11:20:54.483208+03:00,117090.36,117090.36,117083.00022475058,7.349775249429513,2025-09-19 11:20:59.483208+03:00,-0.006285551816071174,117090.35,-1.0,-1.0,1.0
2025-09-19 11:20:59.374115+03:00,117090.35,117090.35,117084.44259541717,6.612595417172997,2025-09-19 11:21:04.374115+03:00,-0.005045167755353944,117077.83,-1.0,-1.0,1.0
2025-09-19 11:21:04.494918+03:00,117077.83,117077.83,117081.27355414732,3.433554147326504,2025-09-19 11:21:09.494918+03:00,0.0029412521117971394,117077.84,1.0,1.0,1.0
2025-09-19 11:21:09.398466+03:00,117077.83,117077.83,117078.3173474807,0.48734748069546185,2025-09-19 11:21:14.398466+03:00,0.0004162594068368553,117077.83,1.0,0.0,0.0
2025-09-19 11:21:14.689720+03:00,117077.83,117077.83,117077.96886843308,16.978868433070602,2025-09-19 11:21:19.689720+03:00,0.00011861206607100111,117060.99,1.0,-1.0,0.0
2025-09-19 11:21:19.418280+03:00,117060.98,117060.98,117075.37398343303,20.143983433037647,2025-09-19 11:21:24.418280+03:00,0.01229614123599311,117055.23,1.0,-1.0,0.0
2025-09-19 11:21:26.946085+03:00,117055.23,117055.23,117060.30723085735,5.067230857341201,2025-09-19 11:21:31.946085+03:00,0.004337466046882754,117055.24,1.0,1.0,1.0
2025-09-19 11:21:31.951203+03:00,117055.23,117055.23,117060.43639253797,5.206392537977081,2025-09-19 11:21:36.951203+03:00,0.004447808558384859,117055.23,1.0,0.0,0.0
2025-09-19 11:21:36.952483+03:00,117055.23,117055.23,117060.50263489089,5.272634890890913,2025-09-19 11:21:41.952483+03:00,0.004504399240333741,117055.23,1.0,0.0,0.0
2025-09-19 11:21:41.964219+03:00,117055.23,117055.23,117059.69759489088,4.467594890884357,2025-09-19 11:21:46.964219+03:00,0.0038166555145672317,117055.23,1.0,0.0,0.0
2025-09-19 11:21:46.980433+03:00,117055.23,117055.23,117060.40155489088,5.161554890873958,2025-09-19 11:21:51.980433+03:00,0.004418046840695005,117055.24,1.0,1.0,1.0
2025-09-19 11:21:51.986987+03:00,117055.23,117055.23,117060.39995489088,5.169954890880035,2025-09-19 11:21:56.986987+03:00,0.00441667996456035,117055.23,1.0,0.0,0.0
2025-09-19 11:21:56.974297+03:00,117055.23,117055.23,117062.66751489084,7.437514890843886,2025-09-19 11:22:01.974297+03:00,0.006353850990548552,117055.23,1.0,0.0,0.0
2025-09-19 11:22:02.001669+03:00,117055.23,117055.23,117066.5543148908,11.324314890807727,2025-09-19 11:22:07.001669+03:00,0.00967433483391364,117055.23,1.0,0.0,0.0
2025-09-19 11:22:07.002806+03:00,117055.23,117055.23,117070.8084428907,15.568442890697042,2025-09-19 11:22:12.002806+03:00,0.013308626099582527,117055.24,1.0,1.0,1.0
2025-09-19 11:22:11.989731+03:00,117055.23,117055.23,117072.01203929163,16.782039291632827,2025-09-19 11:22:16.989731+03:00,0.014336855595117645,117055.23,1.0,0.0,0.0
2025-09-19 11:22:17.077394+03:00,117055.24,117055.24,117071.70079929163,16.470799291637377,2025-09-19 11:22:22.077394+03:00,0.01406241983838405,117055.23,1.0,-1.0,0.0
2025-09-19 11:22:22.096173+03:00,117055.23,117055.23,117072.05003929166,16.810039291653084,2025-09-19 11:22:27.096173+03:00,0.014369318903275315,117055.24,1.0,1.0,1.0
2025-09-19 11:22:29.252718+03:00,117055.24,117055.24,117056.30798548424,1.0679854842310306,2025-09-19 11:22:34.252718+03:00,0.0009123773393066646,117055.24,1.0,0.0,0.0
2025-09-19 11:22:34.261897+03:00,117055.24,117055.24,117055.03752585124,0.2024741487693973,2025-09-19 11:22:39.261897+03:00,-0.0001729731610215803,117055.24,-1.0,0.0,0.0
2025-09-19 11:22:39.254219+03:00,117055.24,117055.24,117054.71932585121,0.5206741487927502,2025-09-19 11:22:44.254219+03:00,-0.0004448106285483249,117055.24,-1.0,0.0,0.0
2025-09-19 11:22:44.279577+03:00,117055.24,117055.24,117058.89841505628,3.6684150562796276,2025-09-19 11:22:49.279577+03:00,0.0031253748711038603,117055.23,1.0,-1.0,0.0
2025-09-19 11:22:49.305088+03:00,117055.23,117055.23,117055.37778259485,0.137782594843884,2025-09-19 11:22:54.305088+03:00,0.0001262503135085867,117055.24,1.0,1.0,1.0
2025-09-19 11:22:54.363437+03:00,117055.24,117055.24,117056.35453315474,1.1245331547397655,2025-09-19 11:22:59.363437+03:00,0.0009521428982849911,117055.23,1.0,-1.0,0.0
2025-09-19 11:22:59.316033+03:00,117055.23,117055.23,117056.79152726478,1.551527264775359,2025-09-19 11:23:04.316033+03:00,0.0013340089672069094,117055.24,1.0,1.0,1.0
2025-09-19 11:23:04.488333+03:00,117055.23,117055.23,117055.46144460888,0.22144460887648165,2025-09-19 11:23:09.488333+03:00,0.00019772256983801141,117055.24,1.0,1.0,1.0
2025-09-19 11:23:09.365670+03:00,117055.23,117055.23,117056.38698697939,1.1469869793800171,2025-09-19 11:23:14.365670+03:00,0.0009884111793973926,117055.24,1.0,1.0,1.0
2025-09-19 11:23:14.490967+03:00,117055.23,117055.23,117055.67309189476,0.4330918947525788,2025-09-19 11:23:19.490967+03:00,0.00037853233449021634,117055.24,1.0,1.0,1.0
2025-09-19 11:23:19.367080+03:00,117055.24,117055.24,117056.23779056144,0.997790561435977,2025-09-19 11:23:24.367080+03:00,0.0008524099915868585,117055.24,1.0,0.0,0.0
2025-09-19 11:23:24.482931+03:00,117055.24,117055.24,117054.89483592812,0.33516407187562436,2025-09-19 11:23:29.482931+03:00,-0.0002948728069627106,117055.23,-1.0,-1.0,1.0
2025-09-19 11:23:31.790112+03:00,117055.23,117055.23,117055.17476644309,13.865233556905878,2025-09-19 11:23:36.790112+03:00,-4.71858941357905e-05,117069.04,-1.0,1.0,0.0
2025-09-19 11:23:36.884573+03:00,117069.03,117069.03,117064.66746342284,4.372536577153369,2025-09-19 11:23:41.884573+03:00,-0.0037264651267364286,117069.04,-1.0,1.0,0.0
2025-09-19 11:23:41.811874+03:00,117069.04,117069.04,117068.26777766384,0.7722223361488432,2025-09-19 11:23:46.811874+03:00,-0.0006596298527337742,117069.04,-1.0,0.0,0.0
2025-09-19 11:23:46.828148+03:00,117069.04,117069.04,117070.62031141181,15.380311411805451,2025-09-19 11:23:51.828148+03:00,0.0013498969597914977,117055.24,1.0,-1.0,0.0
2025-09-19 11:23:51.854258+03:00,117055.23,117055.23,117065.05608182105,9.826081821054686,2025-09-19 11:23:56.854258+03:00,0.00839439794450422,117055.23,1.0,0.0,0.0
2025-09-19 11:23:56.819608+03:00,117055.24,117055.24,117057.47853131231,1.5585313123156084,2025-09-19 11:24:01.819608+03:00,0.0019123717249297197,117055.92,1.0,1.0,1.0
2025-09-19 11:24:01.832009+03:00,117055.23,117055.23,117056.11998800587,0.19998800587200094,2025-09-19 11:24:06.832009+03:00,0.0007603146018117509,117055.92,1.0,1.0,1.0
2025-09-19 11:24:06.857037+03:00,117055.92,117055.92,117054.82117921245,6.268820787547156,2025-09-19 11:24:11.857037+03:00,-0.0009387144089328437,117061.09,-1.0,1.0,0.0
2025-09-19 11:24:11.874129+03:00,117055.92,117055.92,117054.82065832209,11.179341677910998,2025-09-19 11:24:16.874129+03:00,-0.0009391594016853238,117066.0,-1.0,1.0,0.0
2025-09-19 11:24:16.878041+03:00,117065.99,117065.99,117056.090286209,15.519713790999958,2025-09-19 11:24:21.878041+03:00,-0.008456524214252675,117071.61,-1.0,1.0,0.0
2025-09-19 11:24:21.971550+03:00,117071.6,117071.6,117069.59393019305,14.816069806955056,2025-09-19 11:24:26.971550+03:00,-0.00171354095011718,117084.41,-1.0,1.0,0.0
2025-09-19 11:24:26.886768+03:00,117084.4,117084.4,117081.0114683982,7.228531601809664,2025-09-19 11:24:31.886768+03:00,-0.0028940931514348663,117088.24,-1.0,1.0,0.0
2025-09-19 11:24:34.076253+03:00,117084.4,117084.4,117083.69567006225,4.544329937751172,2025-09-19 11:24:39.076253+03:00,-0.0006015574557670473,117088.24,-1.0,1.0,0.0
2025-09-19 11:24:39.090774+03:00,117088.25,117088.25,117087.45117794366,0.7988220563420327,2025-09-19 11:24:44.090774+03:00,-0.0006822392992824069,117088.25,-1.0,0.0,0.0
2025-09-19 11:24:44.090696+03:00,117088.25,117088.25,117088.47932918296,0.23932918295031413,2025-09-19 11:24:49.090696+03:00,0.00019586011658347685,117088.24,1.0,-1.0,0.0
2025-09-19 11:24:49.106580+03:00,117088.25,117088.25,117088.21850864199,0.03149135800777003,2025-09-19 11:24:54.106580+03:00,-2.6895404114221564e-05,117088.25,-1.0,0.0,0.0
2025-09-19 11:24:54.119651+03:00,117088.24,117088.24,117087.87533749994,0.37466250006400514,2025-09-19 11:24:59.119651+03:00,-0.0003114424643066151,117088.25,-1.0,1.0,0.0
2025-09-19 11:24:59.114984+03:00,117088.24,117088.24,117087.62142721418,0.628572785819415,2025-09-19 11:25:04.114984+03:00,-0.0005282962540257276,117088.25,-1.0,1.0,0.0
2025-09-19 11:25:04.130377+03:00,117088.24,117088.24,117087.54751999192,0.6924800080887508,2025-09-19 11:25:09.130377+03:00,-0.0005914172149899518,117088.24,-1.0,0.0,0.0
2025-09-19 11:25:09.155047+03:00,117088.25,117088.25,117087.77554332899,0.4744566710141953,2025-09-19 11:25:14.155047+03:00,-0.00040521288089470577,117088.25,-1.0,0.0,0.0
2025-09-19 11:25:14.159554+03:00,117088.25,117088.25,117087.69633751373,0.5436624862777535,2025-09-19 11:25:19.159554+03:00,-0.0004728591351160469,117088.24,-1.0,-1.0,1.0
2025-09-19 11:25:19.185339+03:00,117088.24,117088.24,117086.54642542366,1.703574576342362,2025-09-19 11:25:24.185339+03:00,-0.0014464087737142521,117088.25,-1.0,1.0,0.0
2025-09-19 11:25:24.203517+03:00,117088.25,117088.25,117086.29714442012,1.897144420130644,2025-09-19 11:25:29.203517+03:00,-0.0016678493186764486,117084.4,-1.0,-1.0,1.0
2025-09-19 11:25:29.219687+03:00,117084.4,117084.4,117081.63624101027,2.7637589897203725,2025-09-19 11:25:34.219687+03:00,-0.002360484393924701,117084.4,-1.0,0.0,0.0
2025-09-19 11:25:36.273278+03:00,117084.4,117084.4,117080.85738999966,3.5426100003387546,2025-09-19 11:25:41.273278+03:00,-0.0030256891612706347,117084.4,-1.0,0.0,0.0
2025-09-19 11:25:41.273226+03:00,117084.4,117084.4,117075.75923999978,3.2192399997875327,2025-09-19 11:25:46.273226+03:00,-0.007379941307478237,117072.54,-1.0,-1.0,1.0
2025-09-19 11:25:46.273430+03:00,117084.41,117084.41,117075.61959999979,12.62959999978193,2025-09-19 11:25:51.273430+03:00,-0.007507745907603175,117062.99,-1.0,-1.0,1.0
2025-09-19 11:25:51.301516+03:00,117063.0,117063.0,117063.05895797613,0.05895797612902243,2025-09-19 11:25:56.301516+03:00,5.036431334326169e-05,117063.0,1.0,0.0,0.0
2025-09-19 11:25:56.304681+03:00,117063.0,117063.0,117060.66888940473,2.311110595270293,2025-09-19 11:26:01.304681+03:00,-0.001991329963587442,117062.98,-1.0,-1.0,1.0
2025-09-19 11:26:01.389910+03:00,117062.99,117062.99,117059.75538683347,3.2246131665306166,2025-09-19 11:26:06.389910+03:00,-0.0027631390301408923,117062.98,-1.0,-1.0,1.0
2025-09-19 11:26:06.482484+03:00,117062.98,117062.98,117060.95429230962,2.035707690389245,2025-09-19 11:26:11.482484+03:00,-0.001730442613352173,117062.99,-1.0,1.0,0.0
2025-09-19 11:26:11.391125+03:00,117062.98,117062.98,117060.64905183346,7.519051833456615,2025-09-19 11:26:16.391125+03:00,-0.001991191550509524,117053.13,-1.0,-1.0,1.0
2025-09-19 11:26:16.353684+03:00,117053.12,117053.12,117058.22804518315,5.098045183141949,2025-09-19 11:26:21.353684+03:00,0.004363869312625979,117053.13,1.0,1.0,1.0
2025-09-19 11:26:21.363434+03:00,117053.13,117053.13,117061.1642879196,8.034287919595954,2025-09-19 11:26:26.363434+03:00,0.006863795884480794,117053.13,1.0,0.0,0.0
2025-09-19 11:26:26.480070+03:00,117053.12,117053.12,117059.97186940235,6.841869402342127,2025-09-19 11:26:31.480070+03:00,0.0058536409814206065,117053.13,1.0,1.0,1.0
2025-09-19 11:26:31.340208+03:00,117053.12,117053.12,117059.17454277222,6.054542772224522,2025-09-19 11:26:36.340208+03:00,0.00517247449040617,117053.12,1.0,0.0,0.0
2025-09-19 11:26:40.013734+03:00,117053.12,117053.12,117057.84360992715,4.7136099271447165,2025-09-19 11:26:45.013734+03:00,0.004035441282687749,117053.13,1.0,1.0,1.0
2025-09-19 11:26:45.155383+03:00,117053.13,117053.13,117058.14783345655,5.027833456551889,2025-09-19 11:26:50.155383+03:00,0.004286799897228358,117053.12,1.0,-1.0,0.0
2025-09-19 11:26:49.962021+03:00,117053.12,117053.12,117054.84915522559,1.7191552255826537,2025-09-19 11:26:54.962021+03:00,0.0014772397571222082,117053.13,1.0,1.0,1.0
2025-09-19 11:26:55.026203+03:00,117053.12,117053.12,117058.16486290738,5.034862907370552,2025-09-19 11:27:00.026203+03:00,0.004309891874201957,117053.13,1.0,1.0,1.0
2025-09-19 11:26:59.996229+03:00,117053.13,117053.13,117056.18541085008,3.0554108500800794,2025-09-19 11:27:04.996229+03:00,0.0026102769315780616,117053.13,1.0,0.0,0.0
2025-09-19 11:27:05.076000+03:00,117053.12,117053.12,117055.44663134604,2.3266313460480887,2025-09-19 11:27:10.076000+03:00,0.001987671363264891,117053.12,1.0,0.0,0.0
2025-09-19 11:27:10.023929+03:00,117053.12,117053.12,117055.0045375889,1.8745375888975104,2025-09-19 11:27:15.023929+03:00,0.0016099849272764566,117053.13,1.0,1.0,1.0
2025-09-19 11:27:15.190966+03:00,117053.12,117053.12,117060.65790482004,7.527904820031836,2025-09-19 11:27:20.190966+03:00,0.00643972994486704,117053.13,1.0,1.0,1.0
2025-09-19 11:27:19.995097+03:00,117053.13,117053.13,117055.5443721661,2.414372166094836,2025-09-19 11:27:24.995097+03:00,0.00206262930866935,117053.13,1.0,0.0,0.0
2025-09-19 11:27:25.017088+03:00,117053.12,117053.12,117055.2609612081,2.130961208094959,2025-09-19 11:27:30.017088+03:00,0.0018290509540491294,117053.13,1.0,1.0,1.0
2025-09-19 11:27:30.024193+03:00,117053.12,117053.12,117056.74727028664,3.6172702866315376,2025-09-19 11:27:35.024193+03:00,0.0030988240951124167,117053.13,1.0,1.0,1.0
2025-09-19 11:27:35.021791+03:00,117053.12,117053.12,117057.50516327097,4.375163270960911,2025-09-19 11:27:40.021791+03:00,0.003746301910594288,117053.13,1.0,1.0,1.0
2025-09-19 11:27:42.978416+03:00,117053.12,117053.12,117058.4878415871,15.63784158710041,2025-09-19 11:27:47.978416+03:00,0.004585816753206483,117042.85,1.0,-1.0,0.0
2025-09-19 11:27:47.969906+03:00,117051.21,117051.21,117053.38955561741,10.549555617413716,2025-09-19 11:27:52.969906+03:00,0.0018620530427697595,117042.84,1.0,-1.0,0.0
2025-09-19 11:27:53.082586+03:00,117042.84,117042.84,117049.75569394838,6.915693948380067,2025-09-19 11:27:58.082586+03:00,0.00590868604041056,117042.84,1.0,0.0,0.0
2025-09-19 11:27:57.993400+03:00,117042.84,117042.84,117049.4793681953,6.639368195304996,2025-09-19 11:28:02.993400+03:00,0.0056725966281277835,117042.84,1.0,0.0,0.0
2025-09-19 11:28:03.002224+03:00,117042.84,117042.84,117049.91258981987,7.072589819872519,2025-09-19 11:28:08.002224+03:00,0.006042735992968488,117042.84,1.0,0.0,0.0
2025-09-19 11:28:07.995883+03:00,117042.84,117042.84,117050.16847839126,1.6415216087334557,2025-09-19 11:28:12.995883+03:00,0.006261364122117773,117051.81,1.0,1.0,1.0
2025-09-19 11:28:13.007227+03:00,117042.84,117042.84,117049.96436866601,9.885631333992933,2025-09-19 11:28:18.007227+03:00,0.006086975218660432,117059.85,1.0,1.0,1.0
2025-09-19 11:28:18.002968+03:00,117051.81,117051.81,117057.26445885148,14.29554114851635,2025-09-19 11:28:23.002968+03:00,0.004659867157529346,117071.56,1.0,1.0,1.0
2025-09-19 11:28:23.006299+03:00,117071.56,117071.56,117074.71188999993,3.15188999993552,2025-09-19 11:28:28.006299+03:00,0.0026922764161812825,117071.56,1.0,0.0,0.0
2025-09-19 11:28:28.001351+03:00,117071.57,117071.57,117075.91913200013,4.359132000128739,2025-09-19 11:28:33.001351+03:00,0.003714934377423507,117071.56,1.0,-1.0,0.0
2025-09-19 11:28:32.989356+03:00,117071.57,117071.57,117076.525673778,4.965673778002383,2025-09-19 11:28:37.989356+03:00,0.0042330292298916545,117071.56,1.0,-1.0,0.0
2025-09-19 11:28:38.030779+03:00,117071.56,117071.56,117075.5790960001,4.019096000105492,2025-09-19 11:28:43.030779+03:00,0.0034330250661266425,117071.56,1.0,0.0,0.0
2025-09-19 11:28:44.832420+03:00,117071.57,117071.57,117072.39845999994,0.8384599999408238,2025-09-19 11:28:49.832420+03:00,0.0007076525922830885,117071.56,1.0,-1.0,0.0
2025-09-19 11:28:49.846013+03:00,117071.57,117071.57,117072.53385999997,0.9638599999598227,2025-09-19 11:28:54.846013+03:00,0.0008233083403253435,117071.57,1.0,0.0,0.0
2025-09-19 11:28:54.944519+03:00,117071.56,117071.56,117071.48262666659,0.08737333341559861,2025-09-19 11:28:59.944519+03:00,-6.609063158147494e-05,117071.57,-1.0,1.0,0.0
2025-09-19 11:28:59.851508+03:00,117071.56,117071.56,117071.60909999996,1.6090999999578344,2025-09-19 11:29:04.851508+03:00,4.194016032601144e-05,117070.0,1.0,-1.0,0.0
2025-09-19 11:29:04.869355+03:00,117070.0,117070.0,117069.43127333329,3.2012733332958305,2025-09-19 11:29:09.869355+03:00,-0.00048580051824399426,117066.23,-1.0,-1.0,1.0
2025-09-19 11:29:09.877153+03:00,117069.99,117069.99,117067.88183999993,1.651839999933145,2025-09-19 11:29:14.877153+03:00,-0.0018007689247057834,117066.23,-1.0,-1.0,1.0
2025-09-19 11:29:14.882413+03:00,117066.23,117066.23,117063.16650000017,3.0634999998292187,2025-09-19 11:29:19.882413+03:00,-0.002616894726881714,117066.23,-1.0,0.0,0.0
2025-09-19 11:29:19.893333+03:00,117066.24,117066.24,117063.41232000006,2.817679999934626,2025-09-19 11:29:24.893333+03:00,-0.0024154529947694047,117066.23,-1.0,-1.0,1.0
2025-09-19 11:29:24.901453+03:00,117066.24,117066.24,117061.12078000013,5.119219999876805,2025-09-19 11:29:29.901453+03:00,-0.004372925960444962,117066.24,-1.0,0.0,0.0
2025-09-19 11:29:29.907887+03:00,117066.23,117066.23,117062.98296000008,3.257039999924018,2025-09-19 11:29:34.907887+03:00,-0.0027736777719028836,117066.24,-1.0,1.0,0.0
2025-09-19 11:29:34.926515+03:00,117066.24,117066.24,117063.43632000002,2.0163200000242796,2025-09-19 11:29:39.926515+03:00,-0.0023949517811306703,117061.42,-1.0,-1.0,1.0
2025-09-19 11:29:39.930256+03:00,117061.42,117061.42,117059.21918970766,2.190810292348033,2025-09-19 11:29:44.930256+03:00,-0.0018800474933097465,117061.41,-1.0,-1.0,1.0
2025-09-19 11:29:47.189282+03:00,117061.42,117061.42,117061.59509288894,0.1850928889325587,2025-09-19 11:29:52.189282+03:00,0.00014957352212009508,117061.41,1.0,-1.0,0.0
2025-09-19 11:29:52.180084+03:00,117061.42,117061.42,117058.63742054538,25.642579454623046,2025-09-19 11:29:57.180084+03:00,-0.0023770252014903496,117084.28,-1.0,1.0,0.0
2025-09-19 11:29:57.188344+03:00,117055.26,117055.26,117056.80858435167,27.471415648324182,2025-09-19 11:30:02.188344+03:00,0.001322951528773583,117084.28,1.0,1.0,1.0
2025-09-19 11:30:02.194301+03:00,117084.28,117084.28,117075.06031555547,9.219684444527957,2025-09-19 11:30:07.194301+03:00,-0.00787439991476905,117084.28,-1.0,0.0,0.0
2025-09-19 11:30:07.277335+03:00,117084.29,117084.29,117080.82187414364,3.458125856355764,2025-09-19 11:30:12.277335+03:00,-0.00296207617294389,117084.28,-1.0,-1.0,1.0
2025-09-19 11:30:12.275573+03:00,117084.28,117084.28,117084.09536392143,0.18463607857120223,2025-09-19 11:30:17.275573+03:00,-0.00015769501983631126,117084.28,-1.0,0.0,0.0
2025-09-19 11:30:17.193348+03:00,117084.29,117084.29,117083.92169725476,0.35830274524050765,2025-09-19 11:30:22.193348+03:00,-0.0003145620520355626,117084.28,-1.0,-1.0,1.0
2025-09-19 11:30:22.203607+03:00,117084.29,117084.29,117083.47293503255,0.8170649674430024,2025-09-19 11:30:27.203607+03:00,-0.0006978433805619887,117084.29,-1.0,0.0,0.0
2025-09-19 11:30:27.208169+03:00,117084.28,117084.28,117084.14040836596,0.1395916340406984,2025-09-19 11:30:32.208169+03:00,-0.00011922320745423589,117084.28,-1.0,0.0,0.0
2025-09-19 11:30:32.208096+03:00,117084.28,117084.28,117082.54487725478,1.7351227452163585,2025-09-19 11:30:37.208096+03:00,-0.001481943387461031,117084.28,-1.0,0.0,0.0
2025-09-19 11:30:37.215378+03:00,117084.28,117084.28,117082.11714066652,2.162859333475353,2025-09-19 11:30:42.215378+03:00,-0.0018472670570937046,117084.28,-1.0,0.0,0.0
2025-09-19 11:30:42.224501+03:00,117084.29,117084.29,117081.39580511092,2.894194889071514,2025-09-19 11:30:47.224501+03:00,-0.0024718900281767214,117084.29,-1.0,0.0,0.0
2025-09-19 11:30:49.975495+03:00,117084.29,117084.29,117083.91589949094,0.37410050905600656,2025-09-19 11:30:54.975495+03:00,-0.00031951383832622344,117084.29,-1.0,0.0,0.0
2025-09-19 11:30:54.976477+03:00,117084.28,117084.28,117083.89682256781,0.3831774321879493,2025-09-19 11:30:59.976477+03:00,-0.0003272663351458875,117084.28,-1.0,0.0,0.0
2025-09-19 11:30:59.997290+03:00,117084.29,117084.29,117084.38096542498,0.0909654249844607,2025-09-19 11:31:04.997290+03:00,7.76922548571296e-05,117084.29,1.0,0.0,0.0
2025-09-19 11:31:05.003522+03:00,117084.28,117084.28,117083.94782859943,6.067828599421773,2025-09-19 11:31:10.003522+03:00,-0.00028370281695579125,117077.88,-1.0,-1.0,1.0
2025-09-19 11:31:10.030998+03:00,117080.35,117080.35,117078.20314244562,0.3331424456264358,2025-09-19 11:31:15.030998+03:00,-0.001833661715551791,117077.87,-1.0,-1.0,1.0
2025-09-19 11:31:15.025954+03:00,117077.87,117077.87,117074.12957744558,0.350422554416582,2025-09-19 11:31:20.025954+03:00,-0.0031948160266461975,117074.48,-1.0,-1.0,1.0
2025-09-19 11:31:20.041421+03:00,117074.48,117074.48,117066.69873666667,7.7912633333326085,2025-09-19 11:31:25.041421+03:00,-0.006646421434733936,117074.49,-1.0,1.0,0.0
2025-09-19 11:31:25.032627+03:00,117074.48,117074.48,117066.24467999992,8.245320000089123,2025-09-19 11:31:30.032627+03:00,-0.007034257166958853,117074.49,-1.0,1.0,0.0
2025-09-19 11:31:30.047858+03:00,117074.49,117074.49,117066.27656,8.213440000006813,2025-09-19 11:31:35.047858+03:00,-0.007015567609994979,117074.49,-1.0,0.0,0.0
2025-09-19 11:31:35.036992+03:00,117074.48,117074.48,117067.35636999995,7.123630000045523,2025-09-19 11:31:40.036992+03:00,-0.006084699244485667,117074.48,-1.0,0.0,0.0
2025-09-19 11:31:40.050553+03:00,117074.48,117074.48,117067.47200999997,7.007990000027348,2025-09-19 11:31:45.050553+03:00,-0.005985924515767526,117074.48,-1.0,0.0,0.0
2025-09-19 11:31:45.040293+03:00,117074.48,117074.48,117067.62603999999,6.853960000007646,2025-09-19 11:31:50.040293+03:00,-0.005854358695428454,117074.48,-1.0,0.0,0.0
2025-09-19 11:31:52.125000+03:00,117074.48,117074.48,117074.09877257165,0.838772571660229,2025-09-19 11:31:57.125000+03:00,-0.0003256281201000723,117073.26,-1.0,-1.0,1.0
2025-09-19 11:31:57.236571+03:00,117073.26,117073.26,117074.86980971438,1.5998097143747145,2025-09-19 11:32:02.236571+03:00,0.0013750447492314024,117073.27,1.0,1.0,1.0
2025-09-19 11:32:02.230832+03:00,117073.26,117073.26,117073.5188148573,9.278814857301768,2025-09-19 11:32:07.230832+03:00,0.00022107085538768229,117064.24,1.0,-1.0,0.0
2025-09-19 11:32:07.146303+03:00,117064.24,117064.24,117065.919764,1.6897640000097454,2025-09-19 11:32:12.146303+03:00,0.0014349078762228604,117064.23,1.0,-1.0,0.0
2025-09-19 11:32:12.162762+03:00,117064.23,117064.23,117064.492804,12.682803999996395,2025-09-19 11:32:17.162762+03:00,0.0002244955611104614,117051.81,1.0,-1.0,0.0
2025-09-19 11:32:17.177207+03:00,117051.81,117051.81,117057.22144666674,7.481446666730335,2025-09-19 11:32:22.177207+03:00,0.00462312087847074,117049.74,1.0,-1.0,0.0
2025-09-19 11:32:22.241394+03:00,117049.74,117049.74,117055.27505956498,14.925059564979165,2025-09-19 11:32:27.241394+03:00,0.0047288097905896645,117040.35,1.0,-1.0,0.0
2025-09-19 11:32:27.184628+03:00,117040.36,117040.36,117048.97384180667,8.623841806664132,2025-09-19 11:32:32.184628+03:00,0.007359719165823969,117040.35,1.0,-1.0,0.0
2025-09-19 11:32:32.202992+03:00,117040.35,117040.35,117045.70289963104,9.252899631042965,2025-09-19 11:32:37.202992+03:00,0.0045735506011680875,117036.45,1.0,-1.0,0.0
2025-09-19 11:32:37.200342+03:00,117036.45,117036.45,117043.84423318147,12.604233181467862,2025-09-19 11:32:42.200342+03:00,0.006317889154597573,117031.24,1.0,-1.0,0.0
2025-09-19 11:32:42.227915+03:00,117031.24,117031.24,117043.20725127944,11.967251279435004,2025-09-19 11:32:47.227915+03:00,0.010225689550443971,117031.24,1.0,0.0,0.0
2025-09-19 11:32:47.233660+03:00,117031.24,117031.24,117042.606267446,11.36626744599198,2025-09-19 11:32:52.233660+03:00,0.009712165269710873,117031.24,1.0,0.0,0.0
2025-09-19 11:32:55.442815+03:00,117031.24,117031.24,117033.88737637995,2.647376379944035,2025-09-19 11:33:00.442815+03:00,0.002262110851721331,117031.24,1.0,0.0,0.0
2025-09-19 11:33:00.484441+03:00,117031.23,117031.23,117033.91029637994,9.250296379934298,2025-09-19 11:33:05.484441+03:00,0.0022902402888031383,117024.66,1.0,-1.0,0.0
2025-09-19 11:33:05.459836+03:00,117024.65,117024.65,117033.35852780854,8.708527808543295,2025-09-19 11:33:10.459836+03:00,0.007441618333012143,117024.65,1.0,0.0,0.0
2025-09-19 11:33:10.673678+03:00,117024.66,117024.66,117033.22254495145,10.23254495144647,2025-09-19 11:33:15.673678+03:00,0.007316872316867417,117022.99,1.0,-1.0,0.0
2025-09-19 11:33:15.681638+03:00,117024.65,117024.65,117032.1138803051,9.123880305094644,2025-09-19 11:33:20.681638+03:00,0.006378041126468401,117022.99,1.0,-1.0,0.0
2025-09-19 11:33:20.551560+03:00,117022.99,117022.99,117030.89254252739,10.522542527396581,2025-09-19 11:33:25.551560+03:00,0.006752982920182339,117020.37,1.0,-1.0,0.0
2025-09-19 11:33:25.528761+03:00,117022.99,117022.99,117030.0065069718,9.646506971796043,2025-09-19 11:33:30.528761+03:00,0.005995836349585142,117020.36,1.0,-1.0,0.0
2025-09-19 11:33:30.567240+03:00,117020.36,117020.36,117028.1049325273,7.744932527304627,2025-09-19 11:33:35.567240+03:00,0.0066184487274732594,117020.36,1.0,0.0,0.0
2025-09-19 11:33:35.550482+03:00,117020.37,117020.37,117025.92383697175,5.583836971753044,2025-09-19 11:33:40.550482+03:00,0.004746042908387838,117020.34,1.0,-1.0,0.0
2025-09-19 11:33:40.704164+03:00,117020.35,117020.35,117025.16715697173,19.397156971725053,2025-09-19 11:33:45.704164+03:00,0.0041165121893100695,117005.77,1.0,-1.0,0.0
2025-09-19 11:33:45.642262+03:00,117017.1,117017.1,117023.30762380923,17.527623809233773,2025-09-19 11:33:50.642262+03:00,0.005304886045908494,117005.78,1.0,-1.0,0.0
2025-09-19 11:33:50.613582+03:00,117005.78,117005.78,117019.27871599983,19.26871599983133,2025-09-19 11:33:55.613582+03:00,0.011536794165063686,117000.01,1.0,-1.0,0.0
2025-09-19 11:34:00.125248+03:00,117005.76,117005.76,117009.26628000021,3.486280000215629,2025-09-19 11:34:05.125248+03:00,0.0029966729844921342,117005.78,1.0,1.0,1.0
2025-09-19 11:34:05.165417+03:00,117005.78,117005.78,117004.63448000011,1.1455199998890748,2025-09-19 11:34:10.165417+03:00,-0.0009790285572978316,117005.78,-1.0,0.0,0.0
2025-09-19 11:34:10.142472+03:00,117005.79,117005.79,117004.01388000014,1.7761199998494703,2025-09-19 11:34:15.142472+03:00,-0.0015179761615638598,117005.79,-1.0,0.0,0.0
2025-09-19 11:34:15.135217+03:00,117005.78,117005.78,117003.38959828578,2.390401714219479,2025-09-19 11:34:20.135217+03:00,-0.0020429774616429024,117005.78,-1.0,0.0,0.0
2025-09-19 11:34:20.138565+03:00,117005.79,117005.79,117003.24319828583,10.846801714171306,2025-09-19 11:34:25.138565+03:00,-0.0021766458857876998,117014.09,-1.0,1.0,0.0
2025-09-19 11:34:25.156718+03:00,117014.09,117014.09,117007.47650761902,6.6134923809731845,2025-09-19 11:34:30.156718+03:00,-0.00565187695000934,117014.09,-1.0,0.0,0.0
2025-09-19 11:34:30.182732+03:00,117014.1,117014.1,117011.71327428559,2.376725714406348,2025-09-19 11:34:35.182732+03:00,-0.002039690699168443,117014.09,-1.0,-1.0,1.0
2025-09-19 11:34:35.142447+03:00,117014.09,117014.09,117013.77467999977,0.3253200002363883,2025-09-19 11:34:40.142447+03:00,-0.000269471821920826,117014.1,-1.0,1.0,0.0
2025-09-19 11:34:40.157844+03:00,117014.09,117014.09,117014.7384799999,0.6384799998922972,2025-09-19 11:34:45.157844+03:00,0.0005541896705786546,117014.1,1.0,1.0,1.0
2025-09-19 11:34:45.158498+03:00,117014.09,117014.09,117015.16899999985,1.0789999998523854,2025-09-19 11:34:50.158498+03:00,0.0009221111746904885,117014.09,1.0,0.0,0.0
2025-09-19 11:34:50.166994+03:00,117014.09,117014.09,117015.40655999981,1.3165599998174002,2025-09-19 11:34:55.166994+03:00,0.0011251294607490434,117014.09,1.0,0.0,0.0
2025-09-19 11:34:55.204084+03:00,117014.09,117014.09,117014.78879999991,0.6987999999109888,2025-09-19 11:35:00.204084+03:00,0.0005971930388135214,117014.09,1.0,0.0,0.0
2025-09-19 11:35:02.976479+03:00,117014.09,117014.09,117014.08060184261,0.009398157388204709,2025-09-19 11:35:07.976479+03:00,-8.031645922473704e-06,117014.09,-1.0,0.0,0.0
2025-09-19 11:35:07.982943+03:00,117014.1,117014.1,117014.04863801577,0.0513619842386106,2025-09-19 11:35:12.982943+03:00,-4.389384205716286e-05,117014.1,-1.0,0.0,0.0
2025-09-19 11:35:12.980246+03:00,117014.09,117014.09,117013.63437779498,0.4556222050159704,2025-09-19 11:35:17.980246+03:00,-0.0003893737967931643,117014.09,-1.0,0.0,0.0
2025-09-19 11:35:18.156283+03:00,117014.09,117014.09,117014.00230712829,0.08769287170434836,2025-09-19 11:35:23.156283+03:00,-7.494214731264274e-05,117014.09,-1.0,0.0,0.0
2025-09-19 11:35:23.103555+03:00,117014.09,117014.09,117015.0332485092,0.9332485091872513,2025-09-19 11:35:28.103555+03:00,0.0008060982307314995,117014.1,1.0,1.0,1.0
2025-09-19 11:35:28.078064+03:00,117014.1,117014.1,117014.83364850923,0.7336485092237126,2025-09-19 11:35:33.078064+03:00,0.0006269744494242255,117014.1,1.0,0.0,0.0
2025-09-19 11:35:33.013202+03:00,117014.09,117014.09,117014.19626850926,0.10626850926200859,2025-09-19 11:35:38.013202+03:00,9.081684886154188e-05,117014.09,1.0,0.0,0.0
2025-09-19 11:35:37.996047+03:00,117014.1,117014.1,117014.14122850925,0.05122850925545208,2025-09-19 11:35:42.996047+03:00,3.5233795966587664e-05,117014.09,1.0,-1.0,0.0
2025-09-19 11:35:42.991289+03:00,117014.1,117014.1,117013.97878850925,0.11121149074460845,2025-09-19 11:35:47.991289+03:00,-0.00010358708117562043,117014.09,-1.0,-1.0,1.0
2025-09-19 11:35:47.994469+03:00,117014.09,117014.09,117013.35734850931,0.7426514906983357,2025-09-19 11:35:52.994469+03:00,-0.0006261224530217024,117014.1,-1.0,1.0,0.0
2025-09-19 11:35:52.992265+03:00,117014.1,117014.1,117014.32286850929,0.22286850928503554,2025-09-19 11:35:57.992265+03:00,0.00019046295214425915,117014.1,1.0,0.0,0.0
2025-09-19 11:35:57.991044+03:00,117014.1,117014.1,117014.24942850928,0.15942850928695407,2025-09-19 11:36:02.991044+03:00,0.00012770128495424128,117014.09,1.0,-1.0,0.0
2025-09-19 11:36:05.160798+03:00,117014.09,117014.09,117014.09242343542,0.0024234354204963893,2025-09-19 11:36:10.160798+03:00,2.0710629125914574e-06,117014.09,1.0,0.0,0.0
2025-09-19 11:36:10.197355+03:00,117014.09,117014.09,117014.1277736963,0.03777369629824534,2025-09-19 11:36:15.197355+03:00,3.2281322957128784e-05,117014.09,1.0,0.0,0.0
2025-09-19 11:36:15.213318+03:00,117014.09,117014.09,117014.09386499057,0.00613500943291001,2025-09-19 11:36:20.213318+03:00,3.303012975961455e-06,117014.1,1.0,1.0,1.0
2025-09-19 11:36:20.205618+03:00,117014.1,117014.1,117014.2277337217,0.13773372169816867,2025-09-19 11:36:25.205618+03:00,0.00010916096580570668,117014.09,1.0,-1.0,0.0
2025-09-19 11:36:25.201453+03:00,117014.1,117014.1,117014.09280648307,0.007193516939878464,2025-09-19 11:36:30.201453+03:00,-6.147564216516183e-06,117014.1,-1.0,0.0,0.0
2025-09-19 11:36:30.221437+03:00,117014.1,117014.1,117014.12774070258,0.02774070257146377,2025-09-19 11:36:35.221437+03:00,2.3707145182899985e-05,117014.1,1.0,0.0,0.0
2025-09-19 11:36:35.283698+03:00,117014.1,117014.1,117013.41300475372,0.6769952462782385,2025-09-19 11:36:40.283698+03:00,-0.0005871046705376118,117014.09,-1.0,-1.0,1.0
2025-09-19 11:36:40.208883+03:00,117014.09,117014.09,117014.09321045727,0.0032104572746902704,2025-09-19 11:36:45.208883+03:00,2.7436501661383433e-06,117014.09,1.0,0.0,0.0
2025-09-19 11:36:45.219758+03:00,117014.1,117014.1,117014.09435084341,0.004350843417341821,2025-09-19 11:36:50.219758+03:00,-4.82775716086472e-06,117014.09,-1.0,-1.0,1.0
2025-09-19 11:36:50.217214+03:00,117014.1,117014.1,117014.09440113245,0.01440113244461827,2025-09-19 11:36:55.217214+03:00,-4.784780261059365e-06,117014.08,-1.0,-1.0,1.0
2025-09-19 11:36:55.217821+03:00,117014.08,117014.08,117013.5493926326,0.5406073673948413,2025-09-19 11:37:00.217821+03:00,-0.0004534560006796447,117014.09,-1.0,1.0,0.0
2025-09-19 11:37:00.225712+03:00,117014.09,117014.09,117014.13087542652,14.130875426519196,2025-09-19 11:37:05.225712+03:00,3.493205521035026e-05,117000.0,1.0,-1.0,0.0
2025-09-19 11:37:07.153982+03:00,117000.0,117000.0,117009.04696094208,9.036960942088626,2025-09-19 11:37:12.153982+03:00,0.007732445249643921,117000.01,1.0,1.0,1.0
2025-09-19 11:37:12.185448+03:00,117000.0,117000.0,117002.36534641046,2.3653464104572777,2025-09-19 11:37:17.185448+03:00,0.0020216635986814342,117000.0,1.0,0.0,0.0
2025-09-19 11:37:17.168371+03:00,117000.0,117000.0,117000.62117000011,0.6211700001149438,2025-09-19 11:37:22.168371+03:00,0.0005309145300127726,117000.0,1.0,0.0,0.0
2025-09-19 11:37:22.176417+03:00,117000.0,117000.0,117000.59744000009,0.5874400000902824,2025-09-19 11:37:27.176417+03:00,0.0005106324787051656,117000.01,1.0,1.0,1.0
2025-09-19 11:37:27.201511+03:00,117000.01,117000.01,117000.62060000008,0.6206000000820495,2025-09-19 11:37:32.201511+03:00,0.0005218802973497935,117000.0,1.0,-1.0,0.0
2025-09-19 11:37:32.212414+03:00,117000.0,117000.0,117000.56584000007,0.5658400000684196,2025-09-19 11:37:37.212414+03:00,0.0004836239316824099,117000.0,1.0,0.0,0.0
2025-09-19 11:37:37.214999+03:00,117000.01,117000.01,117001.84680000006,1.8368000000627944,2025-09-19 11:37:42.214999+03:00,0.001569914395787483,117000.01,1.0,0.0,0.0
2025-09-19 11:37:42.218792+03:00,117000.0,117000.0,117001.9531200001,1.9531200000928948,2025-09-19 11:37:47.218792+03:00,0.0016693333334127306,117000.0,1.0,0.0,0.0
2025-09-19 11:37:47.219516+03:00,117000.0,117000.0,117002.50744000006,2.497440000064671,2025-09-19 11:37:52.219516+03:00,0.002143111111161908,117000.01,1.0,1.0,1.0
2025-09-19 11:37:52.220582+03:00,117000.01,117000.01,117001.0646000001,1.0646000000997446,2025-09-19 11:37:57.220582+03:00,0.0009013674444172981,117000.0,1.0,-1.0,0.0
2025-09-19 11:37:57.222517+03:00,117000.0,117000.0,117002.12504000016,2.1250400001590606,2025-09-19 11:38:02.222517+03:00,0.0018162735044094534,117000.0,1.0,0.0,0.0
2025-09-19 11:38:02.236618+03:00,117000.01,117000.01,117001.63692000009,1.6369200000917772,2025-09-19 11:38:07.236618+03:00,0.0013905297957641336,117000.0,1.0,-1.0,0.0
2025-09-19 11:38:09.185964+03:00,117000.0,117000.0,117000.12597523812,0.12597523811564315,2025-09-19 11:38:14.185964+03:00,0.00010767114368858389,117000.0,1.0,0.0,0.0
2025-09-19 11:38:14.197329+03:00,117000.01,117000.01,117000.09355696979,0.08355696979560889,2025-09-19 11:38:19.197329+03:00,7.141620739657108e-05,117000.01,1.0,0.0,0.0
2025-09-19 11:38:19.218207+03:00,117000.0,117000.0,117000.11125887453,0.111258874530904,2025-09-19 11:38:24.218207+03:00,9.509305515461879e-05,117000.0,1.0,0.0,0.0
2025-09-19 11:38:24.210577+03:00,117000.0,117000.0,116999.96104887458,0.038951125417952426,2025-09-19 11:38:29.210577+03:00,-3.329156018628412e-05,117000.0,-1.0,0.0,0.0
2025-09-19 11:38:29.229441+03:00,117000.0,117000.0,117000.12545887458,0.11545887458487414,2025-09-19 11:38:34.229441+03:00,0.00010722980733302175,117000.01,1.0,1.0,1.0
2025-09-19 11:38:34.231592+03:00,117000.0,117000.0,116999.8963688747,0.11363112529215869,2025-09-19 11:38:39.231592+03:00,-8.85736113652969e-05,117000.01,-1.0,1.0,0.0
2025-09-19 11:38:39.258621+03:00,117000.0,117000.0,117000.29385887468,0.28385887468175497,2025-09-19 11:38:44.258621+03:00,0.0002511614313474498,117000.01,1.0,1.0,1.0
2025-09-19 11:38:44.370548+03:00,117000.0,117000.0,117000.3505855415,0.3505855414987309,2025-09-19 11:38:49.370548+03:00,0.0002996457619647273,117000.0,1.0,0.0,0.0
2025-09-19 11:38:49.489822+03:00,117000.0,117000.0,117000.0613788745,0.06137887449585833,2025-09-19 11:38:54.489822+03:00,5.2460576492186605e-05,117000.0,1.0,0.0,0.0
2025-09-19 11:38:54.274886+03:00,117000.0,117000.0,117000.37812887477,0.37812887477048207,2025-09-19 11:38:59.274886+03:00,0.0003231870724534035,117000.0,1.0,0.0,0.0
2025-09-19 11:38:59.292980+03:00,117000.01,117000.01,117000.27784030316,0.27784030315524433,2025-09-19 11:39:04.292980+03:00,0.00022892331646850544,117000.0,1.0,-1.0,0.0
2025-09-19 11:39:04.313556+03:00,117000.0,117000.0,117000.34508220805,0.3450822080485523,2025-09-19 11:39:09.313556+03:00,0.00029494205816115576,117000.0,1.0,0.0,0.0
2025-09-19 11:39:11.094414+03:00,117000.0,117000.0,116999.97003389517,0.02996610483387485,2025-09-19 11:39:16.094414+03:00,-2.561205541356825e-05,117000.0,-1.0,0.0,0.0
2025-09-19 11:39:16.165264+03:00,117000.0,117000.0,117000.64564184198,0.6456418419838883,2025-09-19 11:39:21.165264+03:00,0.0005518306341742635,117000.0,1.0,0.0,0.0
2025-09-19 11:39:21.155985+03:00,117000.01,117000.01,117001.97201921226,1.9720192122622393,2025-09-19 11:39:26.155985+03:00,0.0016769393543363612,117000.0,1.0,-1.0,0.0
2025-09-19 11:39:26.162471+03:00,117000.0,117000.0,117001.79543660326,1.795436603264534,2025-09-19 11:39:31.162471+03:00,0.0015345611993713966,117000.0,1.0,0.0,0.0
2025-09-19 11:39:31.181383+03:00,117000.0,117000.0,117001.77446952726,1.7744695272558602,2025-09-19 11:39:36.181383+03:00,0.0015166406215862053,117000.0,1.0,0.0,0.0
2025-09-19 11:39:36.133323+03:00,117000.0,117000.0,117000.58948162022,0.5894816202198854,2025-09-19 11:39:41.133323+03:00,0.0005038304446323806,117000.0,1.0,0.0,0.0
2025-09-19 11:39:41.145384+03:00,117000.0,117000.0,117000.18591051798,0.18591051797557157,2025-09-19 11:39:46.145384+03:00,0.00015889787861159965,117000.0,1.0,0.0,0.0
2025-09-19 11:39:46.159930+03:00,116999.99,116999.99,117000.18499950948,8.154999509482877,2025-09-19 11:39:51.159930+03:00,0.00016666626166076979,116992.03,1.0,-1.0,0.0
2025-09-19 11:39:51.163928+03:00,116992.03,116992.03,116993.58035480439,1.5503548043925548,2025-09-19 11:39:56.163928+03:00,0.0013251798472020315,116992.03,1.0,0.0,0.0
2025-09-19 11:39:56.176930+03:00,116992.02,116992.02,116991.66074632763,0.3692536723683588,2025-09-19 11:40:01.176930+03:00,-0.00030707536494676944,116992.03,-1.0,1.0,0.0
2025-09-19 11:40:01.203928+03:00,116992.03,116992.03,116988.80339461188,3.2166053881228436,2025-09-19 11:40:06.203928+03:00,-0.0027579702549973746,116992.02,-1.0,-1.0,1.0
2025-09-19 11:40:06.209927+03:00,116992.03,116992.03,116988.01878256214,4.001217437864398,2025-09-19 11:40:11.209927+03:00,-0.0034286245292599496,116992.02,-1.0,-1.0,1.0
2025-09-19 11:40:13.049930+03:00,116992.02,116992.02,116991.59101765444,0.4389823455567239,2025-09-19 11:40:18.049930+03:00,-0.0003666765866269875,116992.03,-1.0,1.0,0.0
2025-09-19 11:40:18.047930+03:00,116992.03,116992.03,116990.77169112512,1.2483088748849696,2025-09-19 11:40:23.047930+03:00,-0.0010755509369994956,116992.02,-1.0,-1.0,1.0
2025-09-19 11:40:23.052933+03:00,116992.02,116992.02,116990.36326901334,19.953269013334648,2025-09-19 11:40:28.052933+03:00,-0.0014161059760024097,116970.41,-1.0,-1.0,1.0
2025-09-19 11:40:28.077928+03:00,116987.99,116987.99,116988.2214300742,17.821430074211094,2025-09-19 11:40:33.077928+03:00,0.00019782378874962645,116970.4,1.0,-1.0,0.0
2025-09-19 11:40:33.087928+03:00,116970.4,116970.4,116971.72335365553,22.753353655527462,2025-09-19 11:40:38.087928+03:00,0.001131357724291314,116948.97,1.0,-1.0,0.0
2025-09-19 11:40:38.092930+03:00,116956.94,116956.94,116963.40419733341,18.5441973334091,2025-09-19 11:40:43.092930+03:00,0.0055269891067664355,116944.86,1.0,-1.0,0.0
2025-09-19 11:40:43.096930+03:00,116944.86,116944.86,116953.02400000003,8.164000000033411,2025-09-19 11:40:48.096930+03:00,0.00698106782977329,116944.86,1.0,0.0,0.0
2025-09-19 11:40:48.095927+03:00,116944.85,116944.85,116948.84813371424,3.988133714243304,2025-09-19 11:40:53.095927+03:00,0.003418819823393732,116944.86,1.0,1.0,1.0
2025-09-19 11:40:53.098931+03:00,116944.86,116944.86,116946.65008704751,1.8000870475079864,2025-09-19 11:40:58.098931+03:00,0.0015307103258007451,116944.85,1.0,-1.0,0.0
2025-09-19 11:40:58.123928+03:00,116944.85,116944.85,116945.69774038083,23.297740380832693,2025-09-19 11:41:03.123928+03:00,0.0007249061252556663,116922.4,1.0,-1.0,0.0
2025-09-19 11:41:03.196113+03:00,116922.4,116922.4,116934.68243902105,25.782439021058963,2025-09-19 11:41:08.196113+03:00,0.010504778400938539,116908.9,1.0,-1.0,0.0
2025-09-19 11:41:08.247115+03:00,116908.9,116908.9,116923.16223600018,14.262236000184203,2025-09-19 11:41:13.247115+03:00,0.012199444182764703,116908.9,1.0,0.0,0.0
2025-09-19 11:41:15.189115+03:00,116908.9,116908.9,116912.90016127001,4.00016127001436,2025-09-19 11:41:20.189115+03:00,0.003421605429539034,116908.9,1.0,0.0,0.0
2025-09-19 11:41:20.185115+03:00,116908.9,116908.9,116908.51307688253,0.37692311746650375,2025-09-19 11:41:25.185115+03:00,-0.0003309612163498802,116908.89,-1.0,-1.0,1.0
2025-09-19 11:41:25.200135+03:00,116908.9,116908.9,116906.57289938247,2.317100617525284,2025-09-19 11:41:30.200135+03:00,-0.001990524774007835,116908.89,-1.0,-1.0,1.0
2025-09-19 11:41:30.211134+03:00,116908.89,116908.89,116906.12790604918,3.2179060491762357,2025-09-19 11:41:35.211134+03:00,-0.0023626038625631377,116902.91,-1.0,-1.0,1.0
2025-09-19 11:41:35.216134+03:00,116902.91,116902.91,116903.25702133703,0.34702133703103755,2025-09-19 11:41:40.216134+03:00,0.0002968457646016147,116902.91,1.0,0.0,0.0
2025-09-19 11:41:40.221135+03:00,116902.9,116902.9,116903.23050376125,0.3205037612497108,2025-09-19 11:41:45.221135+03:00,0.00028271647774266,116902.91,1.0,1.0,1.0
2025-09-19 11:41:45.230135+03:00,116902.91,116902.91,116903.75211283135,0.8421128313493682,2025-09-19 11:41:50.230135+03:00,0.0007203523260022938,116902.91,1.0,0.0,0.0
2025-09-19 11:41:50.226127+03:00,116902.91,116902.91,116903.37766273021,0.47766273021989036,2025-09-19 11:41:55.226127+03:00,0.00040004370311276006,116902.9,1.0,-1.0,0.0
2025-09-19 11:41:55.305126+03:00,116902.9,116902.9,116904.17598614907,1.275986149077653,2025-09-19 11:42:00.305126+03:00,0.0010914922975201239,116902.9,1.0,0.0,0.0
2025-09-19 11:42:00.245127+03:00,116902.91,116902.91,116903.17345614909,0.2634561490849592,2025-09-19 11:42:05.245127+03:00,0.00022536320873873812,116902.91,1.0,0.0,0.0
2025-09-19 11:42:05.242125+03:00,116902.9,116902.9,116903.61537614917,0.7153761491790647,2025-09-19 11:42:10.242125+03:00,0.0006119404644188166,116902.9,1.0,0.0,0.0
2025-09-19 11:42:10.253126+03:00,116902.91,116902.91,116903.8229717046,0.9129717046016594,2025-09-19 11:42:15.253126+03:00,0.0007809657643267044,116902.91,1.0,0.0,0.0
2025-09-19 11:42:17.249126+03:00,116902.9,116902.9,116902.94004057144,5.1099594285624335,2025-09-19 11:42:22.249126+03:00,3.425113615342108e-05,116908.05,1.0,1.0,1.0
2025-09-19 11:42:22.175125+03:00,116908.05,116908.05,116907.49666123916,0.5533387608447811,2025-09-19 11:42:27.175125+03:00,-0.0004733110858018597,116908.05,-1.0,0.0,0.0
2025-09-19 11:42:27.176125+03:00,116908.04,116908.04,116908.57680526843,0.5268052684259601,2025-09-19 11:42:32.176125+03:00,0.00045916882058348883,116908.05,1.0,1.0,1.0
2025-09-19 11:42:32.166125+03:00,116908.05,116908.05,116908.48765955416,0.4376595541543793,2025-09-19 11:42:37.166125+03:00,0.00037436220530098595,116908.05,1.0,0.0,0.0
2025-09-19 11:42:37.172342+03:00,116908.05,116908.05,116908.66621955414,0.6162195541401161,2025-09-19 11:42:42.172342+03:00,0.0005270976242783248,116908.05,1.0,0.0,0.0
2025-09-19 11:42:42.191668+03:00,116908.05,116908.05,116908.37745955412,21.40254044588073,2025-09-19 11:42:47.191668+03:00,0.00028010009072531266,116929.78,1.0,1.0,1.0
2025-09-19 11:42:47.195854+03:00,116929.78,116929.78,116924.1362471112,5.653752888800227,2025-09-19 11:42:52.195854+03:00,-0.004826617213173125,116929.79,-1.0,1.0,0.0
2025-09-19 11:42:52.203896+03:00,116929.79,116929.79,116926.98874400006,2.801255999933346,2025-09-19 11:42:57.203896+03:00,-0.0023956735062410925,116929.79,-1.0,0.0,0.0
2025-09-19 11:42:57.203168+03:00,116929.79,116929.79,116924.30379199972,5.486208000278566,2025-09-19 11:43:02.203168+03:00,-0.004691882197238674,116929.79,-1.0,0.0,0.0
2025-09-19 11:43:02.201297+03:00,116929.78,116929.78,116923.72239428555,6.057605714449892,2025-09-19 11:43:07.201297+03:00,-0.005180549997143492,116929.78,-1.0,0.0,0.0
2025-09-19 11:43:07.215215+03:00,116929.79,116929.79,116920.62422628544,9.15577371456311,2025-09-19 11:43:12.215215+03:00,-0.007838698516911621,116929.78,-1.0,-1.0,1.0
2025-09-19 11:43:12.218676+03:00,116929.79,116929.79,116924.69311428559,5.09688571440347,2025-09-19 11:43:17.218676+03:00,-0.00435892830595477,116929.79,-1.0,0.0,0.0
2025-09-19 11:43:19.842348+03:00,116929.78,116929.78,116928.75070199983,1.0392980001633987,2025-09-19 11:43:24.842348+03:00,-0.0008802701930753974,116929.79,-1.0,1.0,0.0
2025-09-19 11:43:24.828718+03:00,116929.78,116929.78,116928.45519000014,1.3348099998547696,2025-09-19 11:43:29.828718+03:00,-0.0011329962306095233,116929.79,-1.0,1.0,0.0
2025-09-19 11:43:29.825329+03:00,116929.78,116929.78,116930.10480000006,0.3148000000655884,2025-09-19 11:43:34.825329+03:00,0.00027777354927063894,116929.79,1.0,1.0,1.0
2025-09-19 11:43:34.823911+03:00,116929.78,116929.78,116927.83836842093,8.421631579069071,2025-09-19 11:43:39.823911+03:00,-0.0016605107604522526,116936.26,-1.0,1.0,0.0
2025-09-19 11:43:39.850141+03:00,116936.26,116936.26,116931.67599403471,4.584005965283723,2025-09-19 11:43:44.850141+03:00,-0.003920089427593907,116936.26,-1.0,0.0,0.0
2025-09-19 11:43:44.836134+03:00,116936.26,116936.26,116936.67873808807,0.40873808806645684,2025-09-19 11:43:49.836134+03:00,0.00035809088479122735,116936.27,1.0,1.0,1.0
2025-09-19 11:43:49.845734+03:00,116936.26,116936.26,116937.68490961089,1.4149096108885715,2025-09-19 11:43:54.845734+03:00,0.0012185353036755964,116936.27,1.0,1.0,1.0
2025-09-19 11:43:54.863345+03:00,116936.26,116936.26,116937.24551026778,0.9755102677736431,2025-09-19 11:43:59.863345+03:00,0.0008427756008127475,116936.27,1.0,1.0,1.0
2025-09-19 11:43:59.863733+03:00,116936.27,116936.27,116936.65367122009,0.38367122008639853,2025-09-19 11:44:04.863733+03:00,0.0003281028376280503,116936.27,1.0,0.0,0.0
2025-09-19 11:44:04.873732+03:00,116936.27,116936.27,116936.38341975419,0.1134197541832691,2025-09-19 11:44:09.873732+03:00,9.699279289759208e-05,116936.27,1.0,0.0,0.0
2025-09-19 11:44:09.885734+03:00,116936.27,116936.27,116936.48461975419,0.22461975419719238,2025-09-19 11:44:14.885734+03:00,0.00018353565937059488,116936.26,1.0,-1.0,0.0
2025-09-19 11:44:14.879735+03:00,116936.26,116936.26,116935.8998500399,0.37014996010111645,2025-09-19 11:44:19.879735+03:00,-0.00030798826650673045,116936.27,-1.0,1.0,0.0
2025-09-19 11:44:22.185734+03:00,116936.26,116936.26,116935.97009467405,0.28990532594616525,2025-09-19 11:44:27.185734+03:00,-0.00024791739187328654,116936.26,-1.0,0.0,0.0
2025-09-19 11:44:27.155732+03:00,116936.26,116936.26,116936.01508283583,0.2449171641637804,2025-09-19 11:44:32.155732+03:00,-0.0002094450123201994,116936.26,-1.0,0.0,0.0
2025-09-19 11:44:32.161732+03:00,116936.26,116936.26,116935.97669056698,0.2833094330126187,2025-09-19 11:44:37.161732+03:00,-0.00024227680363013036,116936.26,-1.0,0.0,0.0
2025-09-19 11:44:37.164734+03:00,116936.27,116936.27,116937.52623825711,1.2562382571049966,2025-09-19 11:44:42.164734+03:00,0.0010742930804146537,116936.27,1.0,0.0,0.0
2025-09-19 11:44:42.190733+03:00,116936.26,116936.26,116934.3640828664,1.8959171335882274,2025-09-19 11:44:47.190733+03:00,-0.0016213252703551728,116936.26,-1.0,0.0,0.0
2025-09-19 11:44:47.202732+03:00,116936.26,116936.26,116935.65175913835,0.6182408616587054,2025-09-19 11:44:52.202732+03:00,-0.0005201473534807699,116936.27,-1.0,1.0,0.0
2025-09-19 11:44:52.215733+03:00,116936.26,116936.26,116935.74727913829,0.5227208617143333,2025-09-19 11:44:57.215733+03:00,-0.00043846182672938234,116936.27,-1.0,1.0,0.0
2025-09-19 11:44:57.225732+03:00,116936.27,116936.27,116935.60469298133,0.6653070186730474,2025-09-19 11:45:02.225732+03:00,-0.0005689483841694689,116936.27,-1.0,0.0,0.0
2025-09-19 11:45:02.235733+03:00,116936.26,116936.26,116935.62790038734,0.6320996126596583,2025-09-19 11:45:07.235733+03:00,-0.0005405505637512764,116936.26,-1.0,0.0,0.0
2025-09-19 11:45:07.243732+03:00,116936.26,116936.26,116935.79279000421,0.4772099957917817,2025-09-19 11:45:12.243732+03:00,-0.00039954244798189075,116936.27,-1.0,1.0,0.0
2025-09-19 11:45:12.254733+03:00,116936.26,116936.26,116935.72659342395,0.5434065760491649,2025-09-19 11:45:17.254733+03:00,-0.0004561515615770948,116936.27,-1.0,1.0,0.0
2025-09-19 11:45:17.272733+03:00,116936.26,116936.26,116935.8263686007,0.44363139930646867,2025-09-19 11:45:22.272733+03:00,-0.0003708271491641305,116936.27,-1.0,1.0,0.0
2025-09-19 11:45:24.231736+03:00,116936.27,116936.27,116936.26623317967,0.0037668203294742852,2025-09-19 11:45:29.231736+03:00,-3.2212591777335513e-06,116936.27,-1.0,0.0,0.0
2025-09-19 11:45:29.245735+03:00,116936.27,116936.27,116936.26320237029,0.0032023702951846644,2025-09-19 11:45:34.245735+03:00,-5.813106330592348e-06,116936.26,-1.0,-1.0,1.0
2025-09-19 11:45:34.260732+03:00,116936.27,116936.27,116936.26503671356,0.005036713570007123,2025-09-19 11:45:39.260732+03:00,-4.2444371103218045e-06,116936.26,-1.0,-1.0,1.0
2025-09-19 11:45:39.508734+03:00,116936.27,116936.27,116936.18207636717,0.08792363283282612,2025-09-19 11:45:44.508734+03:00,-7.518935983918943e-05,116936.27,-1.0,0.0,0.0
2025-09-19 11:45:44.271733+03:00,116936.26,116936.26,116936.20791302095,0.05208697904890869,2025-09-19 11:45:49.271733+03:00,-4.454305195745844e-05,116936.26,-1.0,0.0,0.0
2025-09-19 11:45:49.278738+03:00,116936.26,116936.26,116936.26671201646,0.006712016460369341,2025-09-19 11:45:54.278738+03:00,5.739893220776294e-06,116936.26,1.0,0.0,0.0
2025-09-19 11:45:54.284732+03:00,116936.26,116936.26,116936.2391164424,0.020883557590423152,2025-09-19 11:45:59.284732+03:00,-1.7858923819201293e-05,116936.26,-1.0,0.0,0.0
2025-09-19 11:45:59.284733+03:00,116936.26,116936.26,116936.26453781754,0.005462182467454113,2025-09-19 11:46:04.284733+03:00,3.880590624207678e-06,116936.27,1.0,1.0,1.0
2025-09-19 11:46:04.289733+03:00,116936.26,116936.26,116936.26570427917,4.695704279161873,2025-09-19 11:46:09.289733+03:00,4.878109813069858e-06,116931.57,1.0,-1.0,0.0
2025-09-19 11:46:09.304732+03:00,116936.26,116936.26,116936.26589068318,4.705890683180769,2025-09-19 11:46:14.304732+03:00,5.037516321865739e-06,116931.56,1.0,-1.0,0.0
2025-09-19 11:46:14.486733+03:00,116931.56,116931.56,116930.6739813336,13.993981333609554,2025-09-19 11:46:19.486733+03:00,-0.0007577241476938327,116916.68,-1.0,-1.0,1.0
2025-09-19 11:46:19.496732+03:00,116916.68,116916.68,116923.15863000017,6.478630000172416,2025-09-19 11:46:24.496732+03:00,0.005541236716756254,116916.68,1.0,0.0,0.0
2025-09-19 11:46:26.192732+03:00,116916.68,116916.68,116918.96131757411,2.301317574107088,2025-09-19 11:46:31.192732+03:00,0.0019512336256191723,116916.66,1.0,-1.0,0.0
2025-09-19 11:46:31.200733+03:00,116916.65,116916.65,116916.09866690749,0.5513330925023183,2025-09-19 11:46:36.200733+03:00,-0.0004715608020776496,116916.65,-1.0,0.0,0.0
2025-09-19 11:46:36.279734+03:00,116916.66,116916.66,116915.24615690748,1.4038430925138528,2025-09-19 11:46:41.279734+03:00,-0.0012092742749606137,116916.65,-1.0,-1.0,1.0
2025-09-19 11:46:41.223733+03:00,116916.66,116916.66,116914.97575690743,1.67424309256603,2025-09-19 11:46:46.223733+03:00,-0.001440550125683836,116916.65,-1.0,-1.0,1.0
2025-09-19 11:46:46.230734+03:00,116916.65,116916.65,116914.93471690746,1.7152830925333546,2025-09-19 11:46:51.230734+03:00,-0.0014670990765929016,116916.65,-1.0,0.0,0.0
2025-09-19 11:46:51.242732+03:00,116916.66,116916.66,116915.04123690742,1.6187630925851408,2025-09-19 11:46:56.242732+03:00,-0.0013845444204317338,116916.66,-1.0,0.0,0.0
2025-09-19 11:46:56.243732+03:00,116916.66,116916.66,116914.3695569074,2.290443092599162,2025-09-19 11:47:01.243732+03:00,-0.001959039107513986,116916.66,-1.0,0.0,0.0
2025-09-19 11:47:01.259733+03:00,116916.65,116916.65,116913.57034890738,3.0896510926249903,2025-09-19 11:47:06.259733+03:00,-0.0026340569051676362,116916.66,-1.0,1.0,0.0
2025-09-19 11:47:06.267732+03:00,116916.66,116916.66,116912.6870089073,3.9629910926887533,2025-09-19 11:47:11.267732+03:00,-0.0033981394034845558,116916.65,-1.0,-1.0,1.0
2025-09-19 11:47:11.280452+03:00,116916.65,116916.65,116913.0598889074,3.590111092591542,2025-09-19 11:47:16.280452+03:00,-0.003070658535453712,116916.65,-1.0,0.0,0.0
2025-09-19 11:47:16.284527+03:00,116916.66,116916.66,116912.78090890731,3.879091092690942,2025-09-19 11:47:21.284527+03:00,-0.003317825785213965,116916.66,-1.0,0.0,0.0
2025-09-19 11:47:21.291832+03:00,116916.65,116916.65,116912.40844890736,7.4715510926471325,2025-09-19 11:47:26.291832+03:00,-0.0036278417938220564,116919.88,-1.0,1.0,0.0
2025-09-19 11:47:28.360913+03:00,116919.88,116919.88,116920.7725746665,10.467425333510619,2025-09-19 11:47:33.360913+03:00,0.0007634071010763639,116931.24,1.0,1.0,1.0
2025-09-19 11:47:33.244949+03:00,116923.69,116923.69,116924.93092666681,10.01907333318377,2025-09-19 11:47:38.244949+03:00,0.0010613132948600853,116934.95,1.0,1.0,1.0
2025-09-19 11:47:38.250007+03:00,116934.94,116934.94,116932.48068380936,2.4593161906377645,2025-09-19 11:47:43.250007+03:00,-0.0021031491448473523,116934.94,-1.0,0.0,0.0
2025-09-19 11:47:43.265821+03:00,116934.95,116934.95,116934.66171765576,0.27828234423941467,2025-09-19 11:47:48.265821+03:00,-0.00024653223371983823,116934.94,-1.0,-1.0,1.0
2025-09-19 11:47:48.263952+03:00,116934.95,116934.95,116933.60369098916,1.3463090108416509,2025-09-19 11:47:53.263952+03:00,-0.0011513315829370526,116934.95,-1.0,0.0,0.0
2025-09-19 11:47:53.274025+03:00,116934.94,116934.94,116933.07546432251,1.864535677494132,2025-09-19 11:47:58.274025+03:00,-0.0015945068920325543,116934.94,-1.0,0.0,0.0
2025-09-19 11:47:58.285485+03:00,116934.95,116934.95,116932.9675443225,1.9724556775036035,2025-09-19 11:48:03.285485+03:00,-0.0016953491471098801,116934.94,-1.0,-1.0,1.0
2025-09-19 11:48:03.283493+03:00,116934.94,116934.94,116933.00721098916,1.9327890108397696,2025-09-19 11:48:08.283493+03:00,-0.0016528755313337223,116934.94,-1.0,0.0,0.0
2025-09-19 11:48:08.298397+03:00,116934.94,116934.94,116931.76398533353,3.176014666474657,2025-09-19 11:48:13.298397+03:00,-0.0027160527610264793,116934.94,-1.0,0.0,0.0
2025-09-19 11:48:13.310528+03:00,116934.94,116934.94,116931.93344717963,3.006552820370416,2025-09-19 11:48:18.310528+03:00,-0.0025711329910208325,116934.94,-1.0,0.0,0.0
2025-09-19 11:48:18.323020+03:00,116934.94,116934.94,116932.17867384627,2.771326153728296,2025-09-19 11:48:23.323020+03:00,-0.002361420935208531,116934.95,-1.0,1.0,0.0
2025-09-19 11:48:23.368993+03:00,116934.94,116934.94,116932.27512717967,2.6648728203290375,2025-09-19 11:48:28.368993+03:00,-0.002278936321623834,116934.94,-1.0,0.0,0.0
2025-09-19 11:48:30.480881+03:00,116934.94,116934.94,116935.05400183286,0.10400183286401443,2025-09-19 11:48:35.480881+03:00,9.749167601982412e-05,116934.95,1.0,1.0,1.0
2025-09-19 11:48:35.435293+03:00,116934.94,116934.94,116934.97708183294,0.037081832939293236,2025-09-19 11:48:40.435293+03:00,3.171150807388556e-05,116934.94,1.0,0.0,0.0
2025-09-19 11:48:40.523780+03:00,116934.95,116934.95,116934.91404849962,0.035951500380178913,2025-09-19 11:48:45.523780+03:00,-3.0744871725843226e-05,116934.95,-1.0,0.0,0.0
2025-09-19 11:48:45.510782+03:00,116934.94,116934.94,116935.00122215039,0.05122215038863942,2025-09-19 11:48:50.510782+03:00,5.235573762931826e-05,116934.95,1.0,1.0,1.0
2025-09-19 11:48:50.614986+03:00,116934.94,116934.94,116935.04245516614,0.10245516613940708,2025-09-19 11:48:55.614986+03:00,8.76172392438112e-05,116934.94,1.0,0.0,0.0
2025-09-19 11:48:55.533617+03:00,116934.94,116934.94,116934.95152033216,0.0015203321672743186,2025-09-19 11:49:00.533617+03:00,9.851916084307761e-06,116934.95,1.0,1.0,1.0
2025-09-19 11:49:00.541906+03:00,116934.95,116934.95,116934.96704668131,0.02704668130900245,2025-09-19 11:49:05.541906+03:00,1.4577918162398102e-05,116934.94,1.0,-1.0,0.0
2025-09-19 11:49:05.503599+03:00,116934.95,116934.95,116935.02924183296,0.0792418329656357,2025-09-19 11:49:10.503599+03:00,6.776573895626217e-05,116934.95,1.0,0.0,0.0
2025-09-19 11:49:10.516442+03:00,116934.94,116934.94,116934.9885484995,0.0485484995006118,2025-09-19 11:49:15.516442+03:00,4.1517530603437946e-05,116934.94,1.0,0.0,0.0
2025-09-19 11:49:15.605718+03:00,116934.94,116934.94,116934.99574849954,0.05574849953700323,2025-09-19 11:49:20.605718+03:00,4.7674800651544546e-05,116934.94,1.0,0.0,0.0
2025-09-19 11:49:20.557392+03:00,116934.94,116934.94,116934.98308849952,0.03308849952009041,2025-09-19 11:49:25.557392+03:00,3.684826751940157e-05,116934.95,1.0,1.0,1.0
2025-09-19 11:49:25.706091+03:00,116934.95,116934.95,116934.97507548377,6.035075483770925,2025-09-19 11:49:30.706091+03:00,2.1443959890659987e-05,116928.94,1.0,-1.0,0.0
2025-09-19 11:49:32.891203+03:00,116928.94,116928.94,116930.11936189843,1.1793618984229397,2025-09-19 11:49:37.891203+03:00,0.0010086142048520578,116928.94,1.0,0.0,0.0
2025-09-19 11:49:37.885656+03:00,116928.94,116928.94,116929.16632096985,0.22632096984307282,2025-09-19 11:49:42.885656+03:00,0.0001935542816372686,116928.94,1.0,0.0,0.0
2025-09-19 11:49:42.893444+03:00,116928.94,116928.94,116929.57167877925,0.6216787792509422,2025-09-19 11:49:47.893444+03:00,0.0005402244980974799,116928.95,1.0,1.0,1.0
2025-09-19 11:49:47.984214+03:00,116928.95,116928.95,116930.2765416363,1.3265416362992255,2025-09-19 11:49:52.984214+03:00,0.001134485203449809,116928.95,1.0,0.0,0.0
2025-09-19 11:49:52.903257+03:00,116928.95,116928.95,116930.9677016363,2.027701636296115,2025-09-19 11:49:57.903257+03:00,0.0017255791968553156,116928.94,1.0,-1.0,0.0
2025-09-19 11:49:57.902951+03:00,116928.94,116928.94,116930.40986163626,1.4598616362636676,2025-09-19 11:50:02.902951+03:00,0.0012570554699789709,116928.95,1.0,1.0,1.0
2025-09-19 11:50:02.912394+03:00,116928.95,116928.95,116930.2281336363,1.2881336362916045,2025-09-19 11:50:07.912394+03:00,0.0010930857040081547,116928.94,1.0,-1.0,0.0
2025-09-19 11:50:07.932984+03:00,116928.94,116928.94,116930.14258163623,1.2025816362292971,2025-09-19 11:50:12.932984+03:00,0.0010284721953601026,116928.94,1.0,0.0,0.0
2025-09-19 11:50:12.947182+03:00,116928.95,116928.95,116930.63985363621,1.6998536362079903,2025-09-19 11:50:17.947182+03:00,0.0014451969646637802,116928.94,1.0,-1.0,0.0
2025-09-19 11:50:17.946892+03:00,116928.94,116928.94,116930.35993235049,1.4199323504872154,2025-09-19 11:50:22.946892+03:00,0.0012143549325660658,116928.94,1.0,0.0,0.0
2025-09-19 11:50:23.039180+03:00,116928.94,116928.94,116932.3362616362,3.3962616361968685,2025-09-19 11:50:28.039180+03:00,0.0029045518040246225,116928.94,1.0,0.0,0.0
2025-09-19 11:50:27.981916+03:00,116928.95,116928.95,116931.06697363628,11.806973636281327,2025-09-19 11:50:32.981916+03:00,0.0018104786165265307,116919.26,1.0,-1.0,0.0
2025-09-19 11:50:35.008708+03:00,116920.0,116920.0,116924.18645990817,4.936459908174584,2025-09-19 11:50:40.008708+03:00,0.003580619148284796,116919.25,1.0,-1.0,0.0
2025-09-19 11:50:40.022371+03:00,116919.26,116919.26,116919.96095069166,0.7109506916604005,2025-09-19 11:50:45.022371+03:00,0.0005995168731530111,116919.25,1.0,-1.0,0.0
2025-09-19 11:50:45.049531+03:00,116919.25,116919.25,116920.19285111123,0.9328511112398701,2025-09-19 11:50:50.049531+03:00,0.0008064122129030347,116919.26,1.0,1.0,1.0
2025-09-19 11:50:50.067725+03:00,116919.26,116919.26,116920.87239854282,1.6223985428223386,2025-09-19 11:50:55.067725+03:00,0.001379070088903725,116919.25,1.0,-1.0,0.0
2025-09-19 11:50:55.077179+03:00,116919.25,116919.25,116922.41289616183,3.1528961618314497,2025-09-19 11:51:00.077179+03:00,0.002705197101269646,116919.26,1.0,1.0,1.0
2025-09-19 11:51:00.081336+03:00,116919.26,116919.26,116923.12489616181,3.864896161816432,2025-09-19 11:51:05.081336+03:00,0.0033056112070983276,116919.26,1.0,0.0,0.0
2025-09-19 11:51:05.090411+03:00,116919.26,116919.26,116923.42399854278,4.163998542790068,2025-09-19 11:51:10.090411+03:00,0.0035614308051471317,116919.26,1.0,0.0,0.0
2025-09-19 11:51:10.100487+03:00,116919.26,116919.26,116924.08961616176,7.830383838241687,2025-09-19 11:51:15.100487+03:00,0.004130727616443865,116931.92,1.0,1.0,1.0
2025-09-19 11:51:15.117594+03:00,116919.29,116919.29,116924.0796279366,21.430372063390678,2025-09-19 11:51:20.117594+03:00,0.004096524993104634,116945.51,1.0,1.0,1.0
2025-09-19 11:51:20.133168+03:00,116945.51,116945.51,116939.5704057143,5.939594285693602,2025-09-19 11:51:25.133168+03:00,-0.005078941710283363,116945.51,-1.0,0.0,0.0
2025-09-19 11:51:25.218525+03:00,116945.5,116945.5,116942.78780333331,2.7221966666838853,2025-09-19 11:51:30.218525+03:00,-0.002319197118905066,116945.51,-1.0,1.0,0.0
2025-09-19 11:51:30.147264+03:00,116945.5,116945.5,116948.02974000013,13.90025999986392,2025-09-19 11:51:35.147264+03:00,0.0021631785747455827,116961.93,1.0,1.0,1.0
2025-09-19 11:51:36.890754+03:00,116961.93,116961.93,116957.34160800009,4.57839199990849,2025-09-19 11:51:41.890754+03:00,-0.003922979041046306,116961.92,-1.0,-1.0,1.0
2025-09-19 11:51:41.902191+03:00,116961.92,116961.92,116962.82657999988,0.9065799998788862,2025-09-19 11:51:46.902191+03:00,0.0007751069748845489,116961.92,1.0,0.0,0.0
2025-09-19 11:51:46.912195+03:00,116961.92,116961.92,116965.20006947921,3.2800694792094873,2025-09-19 11:51:51.912195+03:00,0.0028043909327150982,116961.92,1.0,0.0,0.0
2025-09-19 11:51:51.912191+03:00,116961.93,116961.93,116964.13603001488,2.2160300148825627,2025-09-19 11:51:56.912191+03:00,0.001886109450218376,116961.92,1.0,-1.0,0.0
2025-09-19 11:51:56.939191+03:00,116961.93,116961.93,116963.45444372913,1.52444372914033,2025-09-19 11:52:01.939191+03:00,0.0013033674539573092,116961.93,1.0,0.0,0.0
2025-09-19 11:52:01.941206+03:00,116961.93,116961.93,116963.45079001486,1.5207900148670888,2025-09-19 11:52:06.941206+03:00,0.0013002436047926781,116961.93,1.0,0.0,0.0
2025-09-19 11:52:06.956219+03:00,116961.92,116961.92,116963.23164083746,22.72164083746611,2025-09-19 11:52:11.956219+03:00,0.0011214255353046692,116940.51,1.0,-1.0,0.0
2025-09-19 11:52:11.960736+03:00,116943.74,116943.74,116952.71157457621,12.201574576218263,2025-09-19 11:52:16.960736+03:00,0.007671701431994381,116940.51,1.0,-1.0,0.0
2025-09-19 11:52:16.981627+03:00,116940.5,116940.5,116944.66635333336,4.156353333368315,2025-09-19 11:52:21.981627+03:00,0.0035627976050752958,116940.51,1.0,1.0,1.0
2025-09-19 11:52:21.979805+03:00,116940.51,116940.51,116940.10592394148,0.4040760585194221,2025-09-19 11:52:26.979805+03:00,-0.00034553984630255344,116940.51,-1.0,0.0,0.0
2025-09-19 11:52:26.983890+03:00,116940.5,116940.5,116937.80577474955,2.7042252504470525,2025-09-19 11:52:31.983890+03:00,-0.0023039282801529766,116940.51,-1.0,1.0,0.0
2025-09-19 11:52:31.991197+03:00,116940.5,116940.5,116938.12448974955,2.3855102504458046,2025-09-19 11:52:36.991197+03:00,-0.002031383695512712,116940.51,-1.0,1.0,0.0
2025-09-19 11:52:38.967206+03:00,116940.51,116940.51,116939.49698801101,1.0130119889799971,2025-09-19 11:52:43.967206+03:00,-0.0008662626740553784,116940.51,-1.0,0.0,0.0
2025-09-19 11:52:43.979607+03:00,116940.51,116940.51,116939.729548011,0.7704519889957737,2025-09-19 11:52:48.979607+03:00,-0.0006673923253717083,116940.5,-1.0,-1.0,1.0
2025-09-19 11:52:48.987449+03:00,116940.51,116940.51,116940.38986448714,0.12013551285781432,2025-09-19 11:52:53.987449+03:00,-0.00010273216087206592,116940.51,-1.0,0.0,0.0
2025-09-19 11:52:53.983845+03:00,116940.51,116940.51,116940.19744743039,0.3025525696139084,2025-09-19 11:52:58.983845+03:00,-0.00026727484736356095,116940.5,-1.0,-1.0,1.0
2025-09-19 11:52:58.996624+03:00,116940.5,116940.5,116940.63250526365,0.12250526365824044,2025-09-19 11:53:03.996624+03:00,0.00011330998555077304,116940.51,1.0,1.0,1.0
2025-09-19 11:53:04.007170+03:00,116940.51,116940.51,116940.13600148581,0.3739985141874058,2025-09-19 11:53:09.007170+03:00,-0.00031981946563034987,116940.51,-1.0,0.0,0.0
2025-09-19 11:53:08.996935+03:00,116940.51,116940.51,116940.2260814858,0.28391851419291925,2025-09-19 11:53:13.996935+03:00,-0.0002427888455360074,116940.51,-1.0,0.0,0.0
2025-09-19 11:53:14.083805+03:00,116940.5,116940.5,116940.2260814858,0.28391851419291925,2025-09-19 11:53:19.083805+03:00,-0.00023423750898803915,116940.51,-1.0,1.0,0.0
2025-09-19 11:53:18.991338+03:00,116940.5,116940.5,116940.21052881915,0.29947118084237445,2025-09-19 11:53:23.991338+03:00,-0.00024753714995883646,116940.51,-1.0,1.0,0.0
2025-09-19 11:53:24.003226+03:00,116940.5,116940.5,116940.1125214858,0.38747851419611834,2025-09-19 11:53:29.003226+03:00,-0.0003313467226462332,116940.5,-1.0,0.0,0.0
2025-09-19 11:53:28.993382+03:00,116940.51,116940.51,116940.27336881914,0.23663118085823953,2025-09-19 11:53:33.993382+03:00,-0.00020235176061592303,116940.51,-1.0,0.0,0.0
2025-09-19 11:53:34.029191+03:00,116940.51,116940.51,116940.24301360422,0.256986395776039,2025-09-19 11:53:39.029191+03:00,-0.0002283095873028092,116940.5,-1.0,-1.0,1.0
2025-09-19 11:53:41.033589+03:00,116940.5,116940.5,116940.55746676691,0.04746676691866014,2025-09-19 11:53:46.033589+03:00,4.914188575679209e-05,116940.51,1.0,1.0,1.0
2025-09-19 11:53:46.028752+03:00,116940.5,116940.5,116940.55748726691,0.0574872669094475,2025-09-19 11:53:51.028752+03:00,4.9159416035887904e-05,116940.5,1.0,0.0,0.0
2025-09-19 11:53:51.030992+03:00,116940.49,116940.49,116940.47127740477,0.018722595239523798,2025-09-19 11:53:56.030992+03:00,-1.601036154331472e-05,116940.49,-1.0,0.0,0.0
2025-09-19 11:53:56.040562+03:00,116940.49,116940.49,116940.47150740477,0.01849259523442015,2025-09-19 11:54:01.040562+03:00,-1.581368030390513e-05,116940.49,-1.0,0.0,0.0
2025-09-19 11:54:01.039356+03:00,116940.49,116940.49,116940.5080840686,0.008084068598691374,2025-09-19 11:54:06.039356+03:00,1.546433454610348e-05,116940.5,1.0,1.0,1.0
2025-09-19 11:54:06.134491+03:00,116940.5,116940.5,116940.47170096035,0.018299039656994864,2025-09-19 11:54:11.134491+03:00,-2.4199519971058936e-05,116940.49,-1.0,-1.0,1.0
2025-09-19 11:54:11.074481+03:00,116940.49,116940.49,116940.4715454048,0.028454595201765187,2025-09-19 11:54:16.074481+03:00,-1.5781185119887796e-05,116940.5,-1.0,1.0,0.0
2025-09-19 11:54:16.084513+03:00,116940.49,116940.49,116940.50465162416,0.014651624151156284,2025-09-19 11:54:21.084513+03:00,1.2529128406385403e-05,116940.49,1.0,0.0,0.0
2025-09-19 11:54:21.098215+03:00,116940.49,116940.49,116940.47155740479,0.018442595217493363,2025-09-19 11:54:26.098215+03:00,-1.5770923499203195e-05,116940.49,-1.0,0.0,0.0
2025-09-19 11:54:26.110733+03:00,116940.49,116940.49,116940.50801035432,0.008010354315047152,2025-09-19 11:54:31.110733+03:00,1.540129882285294e-05,116940.5,1.0,1.0,1.0
2025-09-19 11:54:31.106658+03:00,116940.49,116940.49,116940.4715454048,0.028454595201765187,2025-09-19 11:54:36.106658+03:00,-1.5781185119887796e-05,116940.5,-1.0,1.0,0.0
2025-09-19 11:54:36.109638+03:00,116940.49,116940.49,116938.7981401455,1.691859854501672,2025-09-19 11:54:41.109638+03:00,-0.0014467699378561455,116940.49,-1.0,0.0,0.0
2025-09-19 11:54:43.125512+03:00,116940.49,116940.49,116939.99837633832,0.5016236616793321,2025-09-19 11:54:48.125512+03:00,-0.0004204049954678408,116940.5,-1.0,1.0,0.0
2025-09-19 11:54:48.134998+03:00,116940.5,116940.5,116941.51964711407,19.29964711406501,2025-09-19 11:54:53.134998+03:00,0.0008719366806762192,116922.22,1.0,-1.0,0.0
2025-09-19 11:54:53.146531+03:00,116922.22,116922.22,116922.2185866667,0.0014133333024801686,2025-09-19 11:54:58.146531+03:00,-1.2087807625275747e-06,116922.22,-1.0,0.0,0.0
2025-09-19 11:54:58.154404+03:00,116922.21,116922.21,116922.58004380959,0.3700438095838763,2025-09-19 11:55:03.154404+03:00,0.00031648718372999986,116922.21,1.0,0.0,0.0
2025-09-19 11:55:03.166804+03:00,116922.21,116922.21,116925.15480000013,5.004800000140676,2025-09-19 11:55:08.166804+03:00,0.002518597621554068,116920.15,1.0,-1.0,0.0
2025-09-19 11:55:08.187564+03:00,116920.15,116920.15,116925.98231500018,5.832315000181552,2025-09-19 11:55:13.187564+03:00,0.004988289016205977,116920.15,1.0,0.0,0.0
2025-09-19 11:55:13.191372+03:00,116920.15,116920.15,116926.6365070002,10.756507000201964,2025-09-19 11:55:18.191372+03:00,0.005547809338435198,116915.88,1.0,-1.0,0.0
2025-09-19 11:55:18.207787+03:00,116915.88,116915.88,116920.56628000013,4.686280000125407,2025-09-19 11:55:23.207787+03:00,0.00400824934998172,116915.88,1.0,0.0,0.0
2025-09-19 11:55:23.230725+03:00,116915.88,116915.88,116918.03027500008,2.1502750000800006,2025-09-19 11:55:28.230725+03:00,0.0018391641923064688,116915.88,1.0,0.0,0.0
2025-09-19 11:55:28.238584+03:00,116915.88,116915.88,116916.70551860027,0.8255186002643313,2025-09-19 11:55:33.238584+03:00,0.0007060791059899915,116915.88,1.0,0.0,0.0
2025-09-19 11:55:33.249200+03:00,116915.89,116915.89,116916.84332143774,0.9633214377390686,2025-09-19 11:55:38.249200+03:00,0.000815390823047498,116915.88,1.0,-1.0,0.0
2025-09-19 11:55:38.258626+03:00,116915.88,116915.88,116917.21824981882,1.338249818814802,2025-09-19 11:55:43.258626+03:00,0.0011446262208476743,116915.88,1.0,0.0,0.0
2025-09-19 11:55:45.187030+03:00,116915.88,116915.88,116916.1592224746,0.26922247459879145,2025-09-19 11:55:50.187030+03:00,0.00023882339558454568,116915.89,1.0,1.0,1.0
2025-09-19 11:55:50.177037+03:00,116915.89,116915.89,116916.33878522206,0.44878522206272464,2025-09-19 11:55:55.177037+03:00,0.00038385306057433653,116915.89,1.0,0.0,0.0
2025-09-19 11:55:55.189477+03:00,116915.88,116915.88,116915.87839580794,0.011604192055528983,2025-09-19 11:56:00.189477+03:00,-1.3720908235627812e-06,116915.89,-1.0,1.0,0.0
2025-09-19 11:56:00.267182+03:00,116915.89,116915.89,116915.8975424746,0.017542474597576074,2025-09-19 11:56:05.267182+03:00,6.451197183560561e-06,116915.88,1.0,-1.0,0.0
2025-09-19 11:56:05.202118+03:00,116915.88,116915.88,116915.10066747467,0.7893325253244257,2025-09-19 11:56:10.202118+03:00,-0.0006665754261351532,116915.89,-1.0,1.0,0.0
2025-09-19 11:56:10.199115+03:00,116915.89,116915.89,116915.4094763636,0.47052363640978,2025-09-19 11:56:15.199115+03:00,-0.0004109994256593705,116915.88,-1.0,-1.0,1.0
2025-09-19 11:56:15.209116+03:00,116915.88,116915.88,116915.09212444439,0.7878755556157557,2025-09-19 11:56:20.209116+03:00,-0.0006738824149600171,116915.88,-1.0,0.0,0.0
2025-09-19 11:56:20.230115+03:00,116915.89,116915.89,116915.17054747471,0.7094525252905441,2025-09-19 11:56:25.230115+03:00,-0.0006153590630711578,116915.88,-1.0,-1.0,1.0
2025-09-19 11:56:25.244117+03:00,116915.89,116915.89,116914.82952080802,1.0504791919811396,2025-09-19 11:56:30.244117+03:00,-0.0009070445360129414,116915.88,-1.0,-1.0,1.0
2025-09-19 11:56:30.252116+03:00,116915.88,116915.88,116914.69646747471,1.1935325252852635,2025-09-19 11:56:35.252116+03:00,-0.0010122940744152994,116915.89,-1.0,1.0,0.0
2025-09-19 11:56:35.256115+03:00,116915.89,116915.89,116915.1492924444,0.7407075555966003,2025-09-19 11:56:40.256115+03:00,-0.0006335388248736765,116915.89,-1.0,0.0,0.0
2025-09-19 11:56:40.411115+03:00,116915.88,116915.88,116914.13840080802,1.7515991919790395,2025-09-19 11:56:45.411115+03:00,-0.0014896173145891544,116915.89,-1.0,1.0,0.0
2025-09-19 11:56:47.221119+03:00,116915.89,116915.89,116915.83524759351,0.04475240649480838,2025-09-19 11:56:52.221119+03:00,-4.683059461769456e-05,116915.88,-1.0,-1.0,1.0
2025-09-19 11:56:52.235117+03:00,116915.89,116915.89,116915.83620581582,0.04379418418102432,2025-09-19 11:56:57.235117+03:00,-4.601101199827126e-05,116915.88,-1.0,-1.0,1.0
2025-09-19 11:56:57.235116+03:00,116915.88,116915.88,116915.80131522528,0.07868477472220547,2025-09-19 11:57:02.235116+03:00,-6.730033141965444e-05,116915.88,-1.0,0.0,0.0
2025-09-19 11:57:02.300116+03:00,116915.88,116915.88,116915.90429434569,0.0242943456833018,2025-09-19 11:57:07.300116+03:00,2.077933783101303e-05,116915.88,1.0,0.0,0.0
2025-09-19 11:57:07.240121+03:00,116915.89,116915.89,116915.84961026027,0.030389739738893695,2025-09-19 11:57:12.240121+03:00,-3.4545979792528634e-05,116915.88,-1.0,-1.0,1.0
2025-09-19 11:57:12.251118+03:00,116915.88,116915.88,116915.86437748116,0.025622518835007213,2025-09-19 11:57:17.251118+03:00,-1.3362187275369181e-05,116915.89,-1.0,1.0,0.0
2025-09-19 11:57:17.259116+03:00,116915.88,116915.88,116916.08899714157,0.19899714157509152,2025-09-19 11:57:22.259116+03:00,0.00017875855834968937,116915.89,1.0,1.0,1.0
2025-09-19 11:57:22.282126+03:00,116915.88,116915.88,116915.87887791071,0.011122089286800474,2025-09-19 11:57:27.282126+03:00,-9.59740705915367e-07,116915.89,-1.0,1.0,0.0
2025-09-19 11:57:27.283115+03:00,116915.89,116915.89,116915.89571175049,0.005711750491173007,2025-09-19 11:57:32.283115+03:00,4.885350050513242e-06,116915.89,1.0,0.0,0.0
2025-09-19 11:57:32.283127+03:00,116915.88,116915.88,116915.97918978745,0.09918978744826745,2025-09-19 11:57:37.283127+03:00,8.483859288256432e-05,116915.88,1.0,0.0,0.0
2025-09-19 11:57:37.422128+03:00,116915.89,116915.89,116916.15758855232,0.27758855231513735,2025-09-19 11:57:42.422128+03:00,0.00022887269841625124,116915.88,1.0,-1.0,0.0
2025-09-19 11:57:42.290127+03:00,116915.89,116915.89,116916.8022153509,0.9122153508942574,2025-09-19 11:57:47.290127+03:00,0.0007802321402969754,116915.89,1.0,0.0,0.0
2025-09-19 11:57:49.280128+03:00,116915.88,116915.88,116916.11955548593,0.22955548593017738,2025-09-19 11:57:54.280128+03:00,0.00020489559324613445,116915.89,1.0,1.0,1.0
2025-09-19 11:57:54.268143+03:00,116915.89,116915.89,116916.08886667853,0.20886667852755636,2025-09-19 11:57:59.268143+03:00,0.00017009379865542233,116915.88,1.0,-1.0,0.0
2025-09-19 11:57:59.259186+03:00,116915.88,116915.88,116916.19220582745,0.3122058274457231,2025-09-19 11:58:04.259186+03:00,0.0002670345785754023,116915.88,1.0,0.0,0.0
2025-09-19 11:58:04.264426+03:00,116915.88,116915.88,116915.95393395898,0.07393395897815935,2025-09-19 11:58:09.264426+03:00,6.323688362792065e-05,116915.88,1.0,0.0,0.0
2025-09-19 11:58:09.288300+03:00,116915.88,116915.88,116915.92309940759,0.03309940759208985,2025-09-19 11:58:14.288300+03:00,3.686360448798842e-05,116915.89,1.0,1.0,1.0
2025-09-19 11:58:14.295041+03:00,116915.88,116915.88,116915.88871210579,0.0012878942070528865,2025-09-19 11:58:19.295041+03:00,7.4516017736071646e-06,116915.89,1.0,1.0,1.0
2025-09-19 11:58:19.298898+03:00,116915.88,116915.88,116915.84021414632,0.039785853688954376,2025-09-19 11:58:24.298898+03:00,-3.4029469468950134e-05,116915.88,-1.0,0.0,0.0
2025-09-19 11:58:24.370943+03:00,116915.88,116915.88,116916.1968472851,0.3068472851009574,2025-09-19 11:58:29.370943+03:00,0.0002710044906609082,116915.89,1.0,1.0,1.0
2025-09-19 11:58:29.413774+03:00,116915.89,116915.89,116915.89199272207,0.011992722065770067,2025-09-19 11:58:34.413774+03:00,1.7044065361934608e-06,116915.88,1.0,-1.0,0.0
2025-09-19 11:58:34.428127+03:00,116915.88,116915.88,116916.10852753768,0.21852753768325783,2025-09-19 11:58:39.428127+03:00,0.0001954632148156599,116915.89,1.0,1.0,1.0
2025-09-19 11:58:39.583970+03:00,116915.89,116915.89,116915.91353037562,0.02353037561988458,2025-09-19 11:58:44.583970+03:00,2.012590043995267e-05,116915.89,1.0,0.0,0.0
2025-09-19 11:58:44.412051+03:00,116915.89,116915.89,116915.91466194406,0.024661944058607332,2025-09-19 11:58:49.412051+03:00,2.1093748727061253e-05,116915.89,1.0,0.0,0.0
2025-09-19 11:58:51.425536+03:00,116915.88,116915.88,116915.8867921359,0.003207864094292745,2025-09-19 11:58:56.425536+03:00,5.809421184246798e-06,116915.89,1.0,1.0,1.0
2025-09-19 11:58:56.388794+03:00,116915.89,116915.89,116915.89135543322,0.0013554332253988832,2025-09-19 11:59:01.388794+03:00,1.1593233609211573e-06,116915.89,1.0,0.0,0.0
2025-09-19 11:59:01.415739+03:00,116915.88,116915.88,116915.88579536877,,2025-09-19 11:59:06.415739+03:00,4.95687049925631e-06,,,,
2025-09-19 11:59:06.501631+03:00,116915.89,116915.89,116916.34170150403,,2025-09-19 11:59:11.501631+03:00,0.0003863474024213698,,,,
