timestamp,open,high,low,close,volume
2025-09-20 09:55:13+03:00,115724.34,115724.34,115724.33,115724.33,0.01953
2025-09-20 09:55:14+03:00,115724.34,115724.34,115724.33,115724.33,0.03112
2025-09-20 09:55:15+03:00,115724.33,115724.33,115724.33,115724.33,0.0028
2025-09-20 09:55:16+03:00,115724.34,115724.34,115724.33,115724.33,0.01507
2025-09-20 09:55:17+03:00,115724.34,115724.34,115724.34,115724.34,7e-05
2025-09-20 09:55:18+03:00,115724.34,115724.34,115724.33,115724.34,0.01471
2025-09-20 09:55:19+03:00,115724.33,115724.33,115724.33,115724.33,0.014
2025-09-20 09:55:20+03:00,115724.34,115724.34,115724.34,115724.34,0.00033
2025-09-20 09:55:21+03:00,115724.34,115724.34,115724.33,115724.33,0.02027
2025-09-20 09:55:22+03:00,115724.33,115724.34,115724.33,115724.33,0.08842
2025-09-20 09:55:23+03:00,115724.34,115724.34,115724.33,115724.33,0.00466
2025-09-20 09:55:24+03:00,115724.34,115724.34,115724.33,115724.34,0.02977
2025-09-20 09:55:25+03:00,115724.34,115724.34,115724.33,115724.33,0.01407
2025-09-20 09:55:26+03:00,115724.33,115724.33,115724.33,115724.33,0.00019
2025-09-20 09:55:27+03:00,115724.34,115724.34,115724.33,115724.34,0.01639
2025-09-20 09:55:28+03:00,115724.34,115724.34,115724.33,115724.33,0.01407
2025-09-20 09:55:29+03:00,115724.34,115724.34,115724.34,115724.34,0.00239
2025-09-20 09:55:30+03:00,115724.34,115724.34,115724.33,115724.33,0.01418
2025-09-20 09:55:31+03:00,115724.34,115724.34,115724.33,115724.33,0.01445
2025-09-20 09:55:32+03:00,115724.33,115724.33,115724.33,115724.33,0.00744
2025-09-20 09:55:33+03:00,115724.34,115724.34,115724.33,115724.34,0.01507
2025-09-20 09:55:34+03:00,115724.33,115724.34,115724.33,115724.34,0.01661
2025-09-20 09:55:35+03:00,115724.33,115724.33,115724.33,115724.33,0.00114
2025-09-20 09:55:36+03:00,115724.34,115724.34,115724.33,115724.33,0.01541
2025-09-20 09:55:37+03:00,115724.34,115724.34,115724.33,115724.33,0.02325
2025-09-20 09:55:38+03:00,115724.33,115724.33,115724.33,115724.33,0.0
2025-09-20 09:55:39+03:00,115724.34,115724.34,115724.33,115724.33,0.01625
2025-09-20 09:55:40+03:00,115724.34,115724.34,115724.33,115724.33,0.01421
2025-09-20 09:55:41+03:00,115724.34,115724.34,115724.34,115724.34,0.0153
2025-09-20 09:55:42+03:00,115724.34,115724.34,115724.33,115724.33,0.01431
2025-09-20 09:55:43+03:00,115724.34,115724.34,115713.48,115713.48,1.44624
2025-09-20 09:55:44+03:00,115713.48,115713.49,115713.48,115713.48,0.00811
2025-09-20 09:55:45+03:00,115713.49,115713.49,115713.49,115713.49,0.05255
2025-09-20 09:55:46+03:00,115713.49,115713.49,115713.48,115713.49,0.1513
2025-09-20 09:55:47+03:00,115713.49,115713.49,115713.49,115713.49,0.00112
2025-09-20 09:55:48+03:00,115713.49,115713.49,115713.48,115713.48,0.01414
2025-09-20 09:55:49+03:00,115713.49,115713.49,115713.48,115713.49,0.10288
2025-09-20 09:55:50+03:00,115713.48,115713.49,115713.48,115713.49,0.01884
2025-09-20 09:55:51+03:00,115713.49,115713.49,115713.48,115713.49,0.04821
2025-09-20 09:55:52+03:00,115713.49,115713.49,115713.48,115713.48,0.02007
2025-09-20 09:55:53+03:00,115713.49,115713.49,115713.48,115713.49,0.01436
2025-09-20 09:55:54+03:00,115713.49,115713.49,115713.48,115713.48,0.01458
2025-09-20 09:55:55+03:00,115713.49,115713.49,115713.48,115713.49,0.00954
2025-09-20 09:55:56+03:00,115713.48,115713.48,115713.48,115713.48,0.01835
2025-09-20 09:55:57+03:00,115713.48,115713.49,115713.48,115713.49,0.01461
2025-09-20 09:55:58+03:00,115713.49,115713.49,115713.48,115713.49,0.00559
2025-09-20 09:55:59+03:00,115713.48,115713.49,115713.48,115713.49,0.01553
2025-09-20 09:56:00+03:00,115713.48,115713.48,115713.48,115713.48,0.01844
2025-09-20 09:56:01+03:00,115713.49,115713.49,115713.48,115713.48,0.1639
2025-09-20 09:56:02+03:00,115713.49,115713.49,115713.48,115713.49,0.07321
2025-09-20 09:56:03+03:00,115713.48,115713.48,115713.48,115713.48,0.01433
2025-09-20 09:56:04+03:00,115713.48,115713.49,115713.48,115713.49,0.05796
2025-09-20 09:56:05+03:00,115713.49,115713.49,115713.48,115713.49,0.01412
2025-09-20 09:56:06+03:00,115713.48,115713.49,115713.48,115713.48,0.01492
2025-09-20 09:56:07+03:00,115713.49,115713.49,115713.48,115713.48,0.15028
2025-09-20 09:56:08+03:00,115713.48,115713.49,115713.48,115713.49,0.01634
2025-09-20 09:56:09+03:00,115713.48,115713.49,115713.48,115713.48,0.22507
2025-09-20 09:56:10+03:00,115713.48,115713.48,115713.48,115713.48,0.15024
2025-09-20 09:56:11+03:00,115713.49,115713.49,115713.48,115713.48,0.10274
2025-09-20 09:56:12+03:00,115713.49,115713.49,115713.48,115713.48,0.00014
2025-09-20 09:56:13+03:00,115713.48,115713.49,115713.48,115713.48,0.17038
2025-09-20 09:56:14+03:00,115713.48,115713.49,115713.48,115713.48,0.02304
2025-09-20 09:56:15+03:00,115713.48,115713.49,115713.48,115713.49,0.01735
2025-09-20 09:56:16+03:00,115713.48,115713.49,115713.48,115713.48,0.1656
2025-09-20 09:56:17+03:00,115713.49,115713.49,115713.48,115713.49,0.07057
2025-09-20 09:56:18+03:00,115713.48,115713.49,115713.48,115713.49,0.01407
2025-09-20 09:56:19+03:00,115713.49,115713.49,115713.48,115713.48,0.23013
2025-09-20 09:56:20+03:00,115713.48,115713.49,115713.48,115713.49,0.00929
2025-09-20 09:56:21+03:00,115713.48,115713.49,115713.48,115713.49,0.01787
2025-09-20 09:56:22+03:00,115713.49,115713.49,115713.49,115713.49,0.00093
2025-09-20 09:56:23+03:00,115713.49,115713.49,115713.48,115713.49,0.01074
2025-09-20 09:56:24+03:00,115713.49,115713.49,115713.49,115713.49,0.04328
2025-09-20 09:56:25+03:00,115713.48,115713.49,115713.48,115713.48,0.01112
2025-09-20 09:56:26+03:00,115713.49,115713.49,115713.48,115713.49,0.04895
2025-09-20 09:56:27+03:00,115713.48,115713.48,115713.48,115713.48,0.00602
2025-09-20 09:56:28+03:00,115713.48,115713.49,115713.48,115713.49,0.00655
2025-09-20 09:56:29+03:00,115713.48,115713.49,115713.48,115713.49,0.03035
2025-09-20 09:56:30+03:00,115713.48,115713.48,115713.48,115713.48,0.00134
2025-09-20 09:56:31+03:00,115713.49,115713.49,115713.49,115713.49,0.00208
2025-09-20 09:56:32+03:00,115713.49,115713.49,115713.49,115713.49,0.06189
2025-09-20 09:56:33+03:00,115713.49,115713.49,115713.49,115713.49,0.0
2025-09-20 09:56:34+03:00,115713.49,115713.49,115713.49,115713.49,0.00011
2025-09-20 09:56:35+03:00,115713.49,115713.49,115713.49,115713.49,0.04383
2025-09-20 09:56:36+03:00,115713.48,115713.49,115713.48,115713.49,0.00141
2025-09-20 09:56:37+03:00,115713.49,115713.49,115713.48,115713.48,0.05184
2025-09-20 09:56:38+03:00,115713.49,115713.49,115713.48,115713.49,0.00094
2025-09-20 09:56:39+03:00,115713.48,115713.49,115713.48,115713.49,0.00939
2025-09-20 09:56:40+03:00,115713.49,115713.49,115713.48,115713.48,0.05696
2025-09-20 09:56:41+03:00,115713.49,115713.49,115713.49,115713.49,0.00011
2025-09-20 09:56:42+03:00,115713.48,115713.49,115713.48,115713.48,0.02238
2025-09-20 09:56:43+03:00,115713.48,115713.49,115713.48,115713.49,0.00144
2025-09-20 09:56:44+03:00,115713.48,115713.49,115713.48,115713.49,0.00046
2025-09-20 09:56:45+03:00,115713.49,115713.49,115713.49,115713.49,0.00127
2025-09-20 09:56:46+03:00,115713.49,115713.49,115713.48,115713.49,0.01119
2025-09-20 09:56:47+03:00,115713.49,115713.49,115713.48,115713.49,0.10548
2025-09-20 09:56:48+03:00,115713.49,115713.49,115713.48,115713.49,0.00269
2025-09-20 09:56:49+03:00,115713.49,115713.49,115713.49,115713.49,0.05139
2025-09-20 09:56:50+03:00,115713.49,115713.49,115713.49,115713.49,0.00654
2025-09-20 09:56:51+03:00,115713.49,115713.49,115713.49,115713.49,0.03314
2025-09-20 09:56:52+03:00,115713.48,115713.49,115713.48,115713.49,0.00094
2025-09-20 09:56:53+03:00,115713.48,115713.49,115713.48,115713.49,0.00023
2025-09-20 09:56:54+03:00,115713.49,115713.49,115713.49,115713.49,5e-05
2025-09-20 09:56:55+03:00,115713.48,115713.49,115713.48,115713.49,0.00312
2025-09-20 09:56:56+03:00,115713.49,115713.49,115713.48,115713.49,0.00113
2025-09-20 09:56:57+03:00,115713.49,115713.49,115713.49,115713.49,7e-05
2025-09-20 09:56:58+03:00,115713.49,115713.49,115713.48,115713.48,0.00334
2025-09-20 09:56:59+03:00,115713.49,115713.49,115713.48,115713.48,0.00165
2025-09-20 09:57:00+03:00,115713.49,115713.49,115713.49,115713.49,0.00298
2025-09-20 09:57:01+03:00,115713.49,115713.49,115713.48,115713.48,0.00025
2025-09-20 09:57:02+03:00,115713.49,115713.49,115713.48,115713.48,0.1165
2025-09-20 09:57:03+03:00,115713.48,115713.49,115713.48,115713.49,0.02412
2025-09-20 09:57:04+03:00,115713.48,115713.49,115713.48,115713.49,0.00101
2025-09-20 09:57:05+03:00,115713.49,115713.49,115713.48,115713.49,0.07516
2025-09-20 09:57:06+03:00,115713.49,115713.49,115713.49,115713.49,0.00014
2025-09-20 09:57:07+03:00,115713.49,115713.49,115713.48,115713.48,0.00107
2025-09-20 09:57:08+03:00,115713.49,115713.49,115713.49,115713.49,0.001
2025-09-20 09:57:09+03:00,115713.48,115713.49,115713.48,115713.49,0.001
2025-09-20 09:57:10+03:00,115713.49,115713.49,115713.49,115713.49,0.00129
2025-09-20 09:57:11+03:00,115713.49,115713.49,115713.49,115713.49,0.00022
2025-09-20 09:57:12+03:00,115713.48,115713.49,115713.48,115713.49,0.00015
2025-09-20 09:57:13+03:00,115713.49,115713.49,115713.49,115713.49,0.00394
2025-09-20 09:57:14+03:00,115713.49,115713.49,115713.48,115713.48,0.1939
2025-09-20 09:57:15+03:00,115713.49,115713.49,115713.49,115713.49,0.00053
2025-09-20 09:57:16+03:00,115713.49,115713.49,115713.49,115713.49,7e-05
2025-09-20 09:57:17+03:00,115713.48,115713.49,115713.48,115713.48,0.00842
2025-09-20 09:57:18+03:00,115713.49,115713.49,115713.49,115713.49,7e-05
2025-09-20 09:57:19+03:00,115713.49,115713.49,115713.49,115713.49,0.00063
2025-09-20 09:57:20+03:00,115713.49,115713.49,115713.49,115713.49,7e-05
2025-09-20 09:57:21+03:00,115713.49,115713.49,115713.48,115713.49,0.00323
2025-09-20 09:57:22+03:00,115713.48,115713.49,115713.48,115713.49,0.04255
2025-09-20 09:57:23+03:00,115713.48,115713.49,115713.48,115713.49,0.01307
2025-09-20 09:57:24+03:00,115713.49,115713.49,115713.49,115713.49,0.0002
2025-09-20 09:57:25+03:00,115713.49,115713.49,115713.48,115713.49,0.00515
2025-09-20 09:57:26+03:00,115713.49,115713.49,115713.48,115713.48,0.00034
2025-09-20 09:57:27+03:00,115713.49,115713.49,115713.48,115713.48,0.07779
2025-09-20 09:57:28+03:00,115713.49,115713.49,115713.49,115713.49,0.00117
2025-09-20 09:57:29+03:00,115713.49,115713.49,115713.49,115713.49,0.0003
2025-09-20 09:57:30+03:00,115713.49,115713.49,115713.48,115713.48,0.05541
2025-09-20 09:57:31+03:00,115713.48,115713.48,115713.48,115713.48,0.00058
2025-09-20 09:57:32+03:00,115713.49,115713.49,115713.48,115713.49,0.06672
2025-09-20 09:57:33+03:00,115713.49,115713.49,115713.48,115713.48,0.02102
2025-09-20 09:57:34+03:00,115713.49,115713.49,115713.49,115713.49,0.00015
2025-09-20 09:57:35+03:00,115713.49,115713.49,115713.48,115713.48,0.65361
2025-09-20 09:57:36+03:00,115713.49,115713.49,115713.49,115713.49,0.00038
2025-09-20 09:57:37+03:00,115713.49,115713.49,115713.49,115713.49,0.00056
2025-09-20 09:57:38+03:00,115713.48,115713.49,115713.48,115713.48,0.01137
2025-09-20 09:57:39+03:00,115713.49,115713.49,115713.49,115713.49,0.00014
2025-09-20 09:57:40+03:00,115713.48,115713.49,115713.48,115713.49,0.00668
2025-09-20 09:57:41+03:00,115713.49,115713.49,115713.49,115713.49,0.05682
2025-09-20 09:57:42+03:00,115713.49,115713.49,115713.48,115713.49,0.00346
2025-09-20 09:57:43+03:00,115713.49,115713.49,115713.48,115713.48,0.00441
2025-09-20 09:57:44+03:00,115713.49,115713.49,115713.49,115713.49,7e-05
2025-09-20 09:57:45+03:00,115713.48,115713.49,115713.48,115713.49,0.00925
2025-09-20 09:57:46+03:00,115713.49,115713.49,115713.48,115713.49,0.00477
2025-09-20 09:57:47+03:00,115713.49,115713.49,115713.48,115713.48,0.00639
2025-09-20 09:57:48+03:00,115713.49,115713.49,115713.48,115713.48,0.00068
2025-09-20 09:57:49+03:00,115713.49,115713.49,115713.49,115713.49,0.03171
2025-09-20 09:57:50+03:00,115713.48,115713.49,115713.48,115713.49,0.0005
2025-09-20 09:57:51+03:00,115713.49,115713.49,115713.49,115713.49,0.03243
2025-09-20 09:57:52+03:00,115713.49,115713.49,115713.48,115713.49,0.07666
2025-09-20 09:57:53+03:00,115713.49,115713.49,115713.49,115713.49,0.00587
2025-09-20 09:57:54+03:00,115713.49,115713.49,115713.49,115713.49,0.01089
2025-09-20 09:57:55+03:00,115713.49,115713.49,115713.48,115713.49,0.06513
2025-09-20 09:57:56+03:00,115713.48,115713.48,115712.13,115712.2,0.29192
2025-09-20 09:57:57+03:00,115712.21,115712.21,115712.21,115712.21,0.00234
2025-09-20 09:57:58+03:00,115712.2,115712.21,115712.2,115712.21,0.06518
2025-09-20 09:57:59+03:00,115712.21,115712.21,115712.2,115712.21,0.07604
2025-09-20 09:58:00+03:00,115712.21,115712.21,115712.2,115712.21,0.07079
2025-09-20 09:58:01+03:00,115712.21,115712.21,115712.2,115712.21,0.09088
2025-09-20 09:58:02+03:00,115712.2,115712.21,115712.2,115712.21,0.0563
2025-09-20 09:58:03+03:00,115712.21,115712.21,115712.2,115712.2,0.00025
2025-09-20 09:58:04+03:00,115712.21,115712.21,115712.2,115712.2,0.00224
2025-09-20 09:58:05+03:00,115712.21,115712.21,115712.2,115712.21,0.08634
2025-09-20 09:58:06+03:00,115712.21,115712.21,115712.2,115712.2,0.08577
2025-09-20 09:58:07+03:00,115712.21,115712.21,115712.2,115712.2,0.00722
2025-09-20 09:58:08+03:00,115712.21,115712.21,115712.21,115712.21,0.0064
2025-09-20 09:58:09+03:00,115712.2,115712.2,115703.42,115703.43,0.93058
2025-09-20 09:58:10+03:00,115703.42,115703.43,115703.42,115703.42,0.00029
2025-09-20 09:58:11+03:00,115703.42,115703.42,115703.42,115703.42,0.02532
2025-09-20 09:58:12+03:00,115703.42,115703.43,115703.42,115703.43,0.00048
2025-09-20 09:58:13+03:00,115703.42,115703.42,115703.42,115703.42,0.00171
2025-09-20 09:58:14+03:00,115703.43,115703.43,115703.42,115703.42,0.12332
2025-09-20 09:58:15+03:00,115703.42,115703.43,115703.42,115703.43,0.00404
2025-09-20 09:58:16+03:00,115703.43,115703.43,115703.43,115703.43,0.00218
2025-09-20 09:58:17+03:00,115703.43,115703.43,115703.42,115703.42,0.07012
2025-09-20 09:58:18+03:00,115703.42,115703.43,115703.42,115703.42,0.01115
2025-09-20 09:58:19+03:00,115703.43,115703.43,115703.43,115703.43,0.00096
2025-09-20 09:58:20+03:00,115703.43,115703.43,115703.42,115703.43,0.62698
2025-09-20 09:58:21+03:00,115703.43,115703.43,115703.42,115703.43,0.00143
2025-09-20 09:58:22+03:00,115703.43,115703.43,115703.43,115703.43,9e-05
2025-09-20 09:58:23+03:00,115703.42,115703.42,115703.42,115703.42,0.22643
2025-09-20 09:58:24+03:00,115703.43,115703.43,115703.42,115703.42,0.04403
2025-09-20 09:58:25+03:00,115703.43,115703.43,115703.42,115703.43,0.05998
2025-09-20 09:58:26+03:00,115703.43,115703.43,115703.43,115703.43,0.0
2025-09-20 09:58:27+03:00,115703.42,115703.42,115703.42,115703.42,0.00207
2025-09-20 09:58:28+03:00,115703.42,115703.43,115703.42,115703.43,0.00713
2025-09-20 09:58:29+03:00,115703.43,115703.43,115703.42,115703.42,0.00761
2025-09-20 09:58:30+03:00,115703.42,115703.43,115700.46,115700.46,0.03655
2025-09-20 09:58:31+03:00,115700.46,115700.47,115700.46,115700.46,0.01863
2025-09-20 09:58:32+03:00,115700.46,115700.47,115700.46,115700.47,0.00808
2025-09-20 09:58:33+03:00,115700.47,115700.47,115700.47,115700.47,0.00209
2025-09-20 09:58:34+03:00,115700.46,115700.47,115700.46,115700.47,0.00103
2025-09-20 09:58:35+03:00,115700.47,115700.47,115700.47,115700.47,0.00133
2025-09-20 09:58:36+03:00,115700.46,115700.47,115700.46,115700.47,0.0103
2025-09-20 09:58:37+03:00,115700.47,115700.47,115700.46,115700.46,0.00168
2025-09-20 09:58:38+03:00,115700.46,115700.47,115700.46,115700.47,0.00077
2025-09-20 09:58:39+03:00,115700.46,115700.47,115700.46,115700.46,0.0672
2025-09-20 09:58:40+03:00,115700.46,115700.46,115700.46,115700.46,0.00096
2025-09-20 09:58:41+03:00,115700.46,115700.46,115700.46,115700.46,0.00641
2025-09-20 09:58:42+03:00,115700.46,115700.46,115700.46,115700.46,0.04143
2025-09-20 09:58:43+03:00,115700.46,115700.47,115700.46,115700.46,0.03206
2025-09-20 09:58:44+03:00,115700.46,115700.46,115700.46,115700.46,0.00597
2025-09-20 09:58:45+03:00,115700.46,115700.46,115700.46,115700.46,0.08365
2025-09-20 09:58:46+03:00,115700.46,115700.47,115700.46,115700.47,0.00355
2025-09-20 09:58:47+03:00,115700.46,115700.46,115700.46,115700.46,6e-05
2025-09-20 09:58:48+03:00,115700.46,115700.46,115700.46,115700.46,6e-05
2025-09-20 09:58:49+03:00,115700.47,115700.47,115700.46,115700.46,0.06353
2025-09-20 09:58:50+03:00,115700.47,115700.47,115700.46,115700.46,0.01338
2025-09-20 09:58:51+03:00,115700.47,115700.47,115700.47,115700.47,0.00022
2025-09-20 09:58:52+03:00,115700.47,115700.47,115700.46,115700.47,0.11216
2025-09-20 09:58:53+03:00,115700.47,115700.47,115700.47,115700.47,0.0
2025-09-20 09:58:54+03:00,115700.46,115700.46,115700.46,115700.46,0.00022
2025-09-20 09:58:55+03:00,115700.46,115700.47,115700.46,115700.46,0.00081
2025-09-20 09:58:56+03:00,115700.47,115700.47,115700.47,115700.47,0.00061
2025-09-20 09:58:57+03:00,115700.46,115700.47,115700.46,115700.47,0.00551
2025-09-20 09:58:58+03:00,115700.47,115700.47,115700.46,115700.46,0.01077
2025-09-20 09:58:59+03:00,115700.47,115700.47,115700.47,115700.47,0.00046
2025-09-20 09:59:00+03:00,115700.46,115700.46,115700.46,115700.46,0.00398
2025-09-20 09:59:01+03:00,115700.46,115700.47,115700.46,115700.47,0.00151
2025-09-20 09:59:02+03:00,115700.46,115700.46,115700.46,115700.46,0.0461
2025-09-20 09:59:03+03:00,115700.46,115700.46,115700.46,115700.46,0.00011
2025-09-20 09:59:04+03:00,115700.46,115700.47,115700.46,115700.46,0.04003
2025-09-20 09:59:05+03:00,115700.46,115700.46,115700.46,115700.46,0.07045
2025-09-20 09:59:06+03:00,115700.47,115700.47,115700.46,115700.46,0.00256
2025-09-20 09:59:07+03:00,115700.47,115700.47,115700.47,115700.47,0.00399
2025-09-20 09:59:08+03:00,115700.46,115700.46,115700.46,115700.46,0.00017
2025-09-20 09:59:09+03:00,115700.47,115700.47,115700.46,115700.46,0.07186
2025-09-20 09:59:10+03:00,115700.46,115700.46,115700.46,115700.46,0.05823
2025-09-20 09:59:11+03:00,115700.46,115700.46,115700.46,115700.46,0.0018
2025-09-20 09:59:12+03:00,115700.46,115700.47,115700.46,115700.47,0.0455
2025-09-20 09:59:13+03:00,115700.47,115700.47,115700.46,115700.46,0.00882
2025-09-20 09:59:14+03:00,115700.47,115700.47,115700.47,115700.47,0.00082
2025-09-20 09:59:15+03:00,115700.47,115700.47,115700.46,115700.46,0.01107
2025-09-20 09:59:16+03:00,115700.46,115700.47,115700.46,115700.47,0.01015
2025-09-20 09:59:17+03:00,115700.46,115700.46,115700.46,115700.46,0.20788
2025-09-20 09:59:18+03:00,115700.46,115700.46,115700.46,115700.46,0.00042
2025-09-20 09:59:19+03:00,115700.46,115700.46,115700.46,115700.46,0.03483
2025-09-20 09:59:20+03:00,115700.46,115700.46,115700.46,115700.46,0.00279
2025-09-20 09:59:21+03:00,115700.46,115700.46,115700.46,115700.46,0.00142
2025-09-20 09:59:22+03:00,115700.46,115700.46,115700.46,115700.46,0.06297
2025-09-20 09:59:23+03:00,115700.47,115700.47,115700.46,115700.47,0.00605
2025-09-20 09:59:24+03:00,115700.46,115700.46,115700.46,115700.46,0.00879
2025-09-20 09:59:25+03:00,115700.46,115700.46,115700.46,115700.46,0.06867
2025-09-20 09:59:26+03:00,115700.46,115700.47,115700.46,115700.47,0.00705
2025-09-20 09:59:27+03:00,115700.47,115700.47,115700.46,115700.47,0.00909
2025-09-20 09:59:28+03:00,115700.46,115700.47,115700.46,115700.46,0.00172
2025-09-20 09:59:29+03:00,115700.46,115700.46,115700.46,115700.46,0.01353
2025-09-20 09:59:30+03:00,115700.46,115700.46,115700.46,115700.46,0.001
2025-09-20 09:59:31+03:00,115700.46,115700.46,115700.46,115700.46,0.0
2025-09-20 09:59:32+03:00,115700.47,115700.47,115700.47,115700.47,0.00058
2025-09-20 09:59:33+03:00,115700.46,115700.46,115700.46,115700.46,0.00812
2025-09-20 09:59:34+03:00,115700.46,115700.47,115700.46,115700.47,0.08089
2025-09-20 09:59:35+03:00,115700.46,115700.47,115700.46,115700.46,0.03088
2025-09-20 09:59:36+03:00,115700.47,115700.47,115700.46,115700.46,0.00805
2025-09-20 09:59:37+03:00,115700.46,115700.46,115700.46,115700.46,0.04461
2025-09-20 09:59:38+03:00,115700.46,115700.46,115700.46,115700.46,0.01156
2025-09-20 09:59:39+03:00,115700.47,115700.47,115700.46,115700.46,0.00104
2025-09-20 09:59:40+03:00,115700.46,115700.47,115700.46,115700.47,0.00533
2025-09-20 09:59:41+03:00,115700.47,115700.47,115700.47,115700.47,0.0
2025-09-20 09:59:42+03:00,115700.46,115700.46,115700.46,115700.46,0.00087
2025-09-20 09:59:43+03:00,115700.47,115700.47,115700.47,115700.47,0.00371
2025-09-20 09:59:44+03:00,115700.47,115700.47,115700.47,115700.47,6e-05
2025-09-20 09:59:45+03:00,115700.46,115700.47,115700.46,115700.47,0.00158
2025-09-20 09:59:46+03:00,115700.47,115700.47,115700.47,115700.47,0.00059
2025-09-20 09:59:47+03:00,115700.46,115700.46,115700.46,115700.46,9e-05
2025-09-20 09:59:48+03:00,115700.46,115700.46,115700.46,115700.46,0.00039
2025-09-20 09:59:49+03:00,115700.46,115700.47,115700.46,115700.46,0.06124
2025-09-20 09:59:50+03:00,115700.46,115700.46,115700.46,115700.46,0.0
2025-09-20 09:59:51+03:00,115700.46,115700.47,115700.46,115700.47,0.03106
2025-09-20 09:59:52+03:00,115700.46,115700.47,115700.46,115700.46,0.03308
2025-09-20 09:59:53+03:00,115700.47,115700.47,115700.46,115700.46,0.11202
2025-09-20 09:59:54+03:00,115700.46,115700.47,115700.46,115700.47,0.00171
2025-09-20 09:59:55+03:00,115700.46,115700.47,115700.46,115700.47,0.00018
2025-09-20 09:59:56+03:00,115700.47,115700.47,115700.47,115700.47,0.00012
2025-09-20 09:59:57+03:00,115700.46,115700.46,115700.46,115700.46,0.00878
2025-09-20 09:59:58+03:00,115700.46,115700.47,115700.46,115700.47,0.00282
2025-09-20 09:59:59+03:00,115700.46,115700.47,115700.46,115700.46,0.00038
2025-09-20 10:00:00+03:00,115700.47,115700.47,115700.46,115700.46,0.06048
2025-09-20 10:00:01+03:00,115700.47,115700.47,115700.47,115700.47,0.00131
2025-09-20 10:00:02+03:00,115700.46,115700.47,115700.46,115700.47,0.11162
2025-09-20 10:00:03+03:00,115700.46,115700.46,115700.46,115700.46,0.00231
2025-09-20 10:00:04+03:00,115700.47,115700.47,115700.47,115700.47,0.01839
2025-09-20 10:00:05+03:00,115700.46,115700.46,115700.46,115700.46,0.00458
2025-09-20 10:00:06+03:00,115700.46,115700.46,115700.46,115700.46,0.00114
2025-09-20 10:00:07+03:00,115700.47,115700.47,115700.47,115700.47,0.00157
2025-09-20 10:00:08+03:00,115700.47,115700.47,115700.46,115700.47,0.00218
2025-09-20 10:00:09+03:00,115700.47,115700.47,115700.47,115700.47,0.0001
2025-09-20 10:00:10+03:00,115700.46,115700.47,115700.46,115700.47,0.00141
2025-09-20 10:00:11+03:00,115700.46,115700.46,115700.46,115700.46,0.00021
2025-09-20 10:00:12+03:00,115700.47,115700.47,115700.47,115700.47,0.00616
2025-09-20 10:00:13+03:00,115700.46,115700.47,115700.46,115700.47,0.00057
2025-09-20 10:00:14+03:00,115700.46,115700.46,115700.46,115700.46,7e-05
2025-09-20 10:00:15+03:00,115700.47,115700.47,115700.47,115700.47,0.00011
2025-09-20 10:00:16+03:00,115700.47,115700.47,115700.47,115700.47,0.00034
2025-09-20 10:00:17+03:00,115700.47,115700.47,115700.46,115700.46,0.00015
2025-09-20 10:00:18+03:00,115700.46,115700.46,115700.46,115700.46,0.00042
2025-09-20 10:00:19+03:00,115700.46,115700.47,115700.46,115700.47,0.00204
2025-09-20 10:00:20+03:00,115700.46,115700.46,115700.46,115700.46,0.00257
2025-09-20 10:00:21+03:00,115700.46,115700.46,115700.46,115700.46,5e-05
2025-09-20 10:00:22+03:00,115700.47,115700.47,115700.46,115700.46,0.01543
2025-09-20 10:00:23+03:00,115700.46,115700.47,115700.46,115700.47,0.02921
2025-09-20 10:00:24+03:00,115700.46,115700.47,115700.46,115700.47,0.01207
2025-09-20 10:00:25+03:00,115700.47,115700.47,115700.46,115700.46,0.00026
2025-09-20 10:00:26+03:00,115700.47,115700.47,115700.46,115700.46,0.18557
2025-09-20 10:00:27+03:00,115700.47,115700.47,115700.46,115700.46,0.4534
2025-09-20 10:00:28+03:00,115700.46,115700.47,115700.46,115700.47,0.00063
2025-09-20 10:00:29+03:00,115700.47,115700.47,115700.47,115700.47,0.00081
2025-09-20 10:00:30+03:00,115700.47,115700.47,115700.46,115700.46,0.00069
2025-09-20 10:00:31+03:00,115700.47,115700.47,115700.47,115700.47,0.00427
2025-09-20 10:00:32+03:00,115700.47,115700.47,115700.46,115700.46,0.04406
2025-09-20 10:00:33+03:00,115700.46,115700.47,115700.46,115700.47,0.00148
2025-09-20 10:00:34+03:00,115700.47,115700.47,115700.46,115700.46,0.00108
2025-09-20 10:00:35+03:00,115700.46,115700.46,115700.46,115700.46,0.00151
2025-09-20 10:00:36+03:00,115700.47,115700.47,115700.47,115700.47,0.00181
2025-09-20 10:00:37+03:00,115700.47,115700.47,115700.47,115700.47,0.0008
2025-09-20 10:00:38+03:00,115700.46,115700.46,115700.46,115700.46,0.00022
2025-09-20 10:00:39+03:00,115700.47,115700.47,115700.47,115700.47,0.00096
2025-09-20 10:00:40+03:00,115700.46,115700.46,115700.46,115700.46,0.00021
2025-09-20 10:00:41+03:00,115700.47,115700.47,115700.46,115700.47,0.00775
2025-09-20 10:00:42+03:00,115700.47,115700.47,115700.46,115700.47,0.04922
2025-09-20 10:00:43+03:00,115700.47,115700.47,115700.46,115700.47,0.06839
2025-09-20 10:00:44+03:00,115700.47,115700.47,115700.46,115700.47,0.01135
2025-09-20 10:00:45+03:00,115700.47,115700.47,115700.47,115700.47,0.00169
2025-09-20 10:00:46+03:00,115700.47,115700.47,115700.47,115700.47,0.00827
2025-09-20 10:00:47+03:00,115700.47,115700.47,115700.46,115700.46,0.0038
2025-09-20 10:00:48+03:00,115700.47,115700.47,115700.47,115700.47,0.0001
2025-09-20 10:00:49+03:00,115700.46,115700.47,115700.46,115700.46,0.04509
2025-09-20 10:00:50+03:00,115700.46,115700.47,115700.46,115700.47,0.00032
2025-09-20 10:00:51+03:00,115700.47,115700.47,115700.46,115700.46,0.0109
2025-09-20 10:00:52+03:00,115700.47,115700.47,115700.46,115700.46,0.06185
2025-09-20 10:00:53+03:00,115700.46,115700.46,115700.46,115700.46,0.0
2025-09-20 10:00:54+03:00,115700.46,115700.46,115700.46,115700.46,0.00015
2025-09-20 10:00:55+03:00,115700.47,115700.47,115700.46,115700.47,0.01154
2025-09-20 10:00:56+03:00,115700.46,115700.47,115700.46,115700.46,0.00123
2025-09-20 10:00:57+03:00,115700.46,115700.46,115700.46,115700.46,0.0
2025-09-20 10:00:58+03:00,115700.46,115700.47,115700.46,115700.46,0.00042
2025-09-20 10:00:59+03:00,115700.46,115700.46,115700.46,115700.46,0.00034
2025-09-20 10:01:00+03:00,115700.46,115700.47,115700.46,115700.46,0.00274
2025-09-20 10:01:01+03:00,115700.46,115700.46,115700.46,115700.46,8e-05
2025-09-20 10:01:02+03:00,115700.46,115700.46,115700.46,115700.46,0.06741
2025-09-20 10:01:03+03:00,115700.46,115700.47,115700.46,115700.47,0.05604
2025-09-20 10:01:04+03:00,115700.46,115700.47,115700.46,115700.47,0.00033
2025-09-20 10:01:05+03:00,115700.47,115700.47,115700.46,115700.46,0.0005
2025-09-20 10:01:06+03:00,115700.47,115700.47,115700.47,115700.47,0.00171
2025-09-20 10:01:07+03:00,115700.46,115700.47,115700.46,115700.47,0.01631
2025-09-20 10:01:08+03:00,115700.47,115700.47,115700.46,115700.46,0.0007
2025-09-20 10:01:09+03:00,115700.47,115700.47,115700.47,115700.47,8e-05
2025-09-20 10:01:10+03:00,115700.47,115700.47,115700.46,115700.46,0.00031
2025-09-20 10:01:11+03:00,115700.47,115700.47,115700.47,115700.47,0.00027
2025-09-20 10:01:12+03:00,115700.47,115700.47,115700.46,115700.46,0.0366
2025-09-20 10:01:13+03:00,115700.47,115700.47,115700.46,115700.46,0.00596
2025-09-20 10:01:14+03:00,115700.47,115700.47,115700.47,115700.47,0.00444
2025-09-20 10:01:15+03:00,115700.46,115700.46,115700.46,115700.46,0.00475
2025-09-20 10:01:16+03:00,115700.47,115700.47,115700.47,115700.47,0.00014
2025-09-20 10:01:17+03:00,115700.47,115700.47,115700.47,115700.47,0.0
2025-09-20 10:01:18+03:00,115700.47,115700.47,115700.46,115700.46,0.0003
2025-09-20 10:01:19+03:00,115700.47,115700.47,115700.46,115700.46,0.0008
2025-09-20 10:01:20+03:00,115700.46,115700.46,115700.46,115700.46,0.02593
2025-09-20 10:01:21+03:00,115700.46,115700.46,115700.46,115700.46,7e-05
2025-09-20 10:01:22+03:00,115700.47,115700.47,115700.46,115700.47,0.10729
2025-09-20 10:01:23+03:00,115700.47,115700.47,115700.46,115700.46,0.00429
2025-09-20 10:01:24+03:00,115700.46,115700.47,115700.46,115700.47,0.00279
2025-09-20 10:01:25+03:00,115700.47,115700.47,115700.47,115700.47,0.00977
2025-09-20 10:01:26+03:00,115700.47,115700.47,115700.47,115700.47,6e-05
2025-09-20 10:01:27+03:00,115700.46,115700.46,115700.46,115700.46,0.01815
2025-09-20 10:01:28+03:00,115700.47,115700.47,115700.46,115700.47,0.00615
2025-09-20 10:01:29+03:00,115700.47,115700.47,115700.46,115700.46,0.0063
2025-09-20 10:01:30+03:00,115700.46,115700.46,115700.46,115700.46,0.0
2025-09-20 10:01:31+03:00,115700.46,115700.46,115700.46,115700.46,0.0
2025-09-20 10:01:32+03:00,115700.46,115700.46,115700.46,115700.46,0.03768
2025-09-20 10:01:33+03:00,115700.46,115700.47,115700.46,115700.46,0.00058
2025-09-20 10:01:34+03:00,115700.46,115700.46,115700.46,115700.46,0.0
2025-09-20 10:01:35+03:00,115700.46,115700.46,115700.46,115700.46,0.0
2025-09-20 10:01:36+03:00,115700.46,115700.47,115700.46,115700.46,0.24726
2025-09-20 10:01:37+03:00,115700.46,115700.46,115700.46,115700.46,0.00048
2025-09-20 10:01:38+03:00,115700.46,115700.46,115700.46,115700.46,0.00335
2025-09-20 10:01:39+03:00,115700.46,115700.47,115700.46,115700.47,0.00107
2025-09-20 10:01:40+03:00,115700.47,115700.47,115700.46,115700.46,0.00415
2025-09-20 10:01:41+03:00,115700.47,115700.47,115700.46,115700.46,0.00998
2025-09-20 10:01:42+03:00,115700.46,115700.47,115700.46,115700.46,0.08782
2025-09-20 10:01:43+03:00,115700.46,115700.46,115700.46,115700.46,0.00012
2025-09-20 10:01:44+03:00,115700.46,115700.47,115700.46,115700.46,0.00134
2025-09-20 10:01:45+03:00,115700.47,115700.47,115700.46,115700.47,0.11516
2025-09-20 10:01:46+03:00,115700.46,115700.46,115700.46,115700.46,0.00017
2025-09-20 10:01:47+03:00,115700.46,115700.46,115700.46,115700.46,0.00518
2025-09-20 10:01:48+03:00,115700.46,115700.47,115700.46,115700.46,0.13577
2025-09-20 10:01:49+03:00,115700.47,115700.47,115700.46,115700.47,0.02762
2025-09-20 10:01:50+03:00,115700.46,115700.47,115700.46,115700.47,0.00073
2025-09-20 10:01:51+03:00,115700.47,115700.47,115700.46,115700.47,0.11894
2025-09-20 10:01:52+03:00,115700.47,115700.47,115700.47,115700.47,0.00064
2025-09-20 10:01:53+03:00,115700.47,115700.47,115700.47,115700.47,0.00046
2025-09-20 10:01:54+03:00,115700.47,115700.47,115700.47,115700.47,0.08767
2025-09-20 10:01:55+03:00,115700.47,115700.47,115700.46,115700.46,0.00351
2025-09-20 10:01:56+03:00,115700.47,115700.47,115700.47,115700.47,0.0008
2025-09-20 10:01:57+03:00,115700.46,115700.47,115700.46,115700.47,0.08806
2025-09-20 10:01:58+03:00,115700.47,115700.47,115700.47,115700.47,0.00307
2025-09-20 10:01:59+03:00,115700.47,115700.47,115700.47,115700.47,0.00686
2025-09-20 10:02:00+03:00,115700.47,115700.47,115700.46,115700.47,0.09322
2025-09-20 10:02:01+03:00,115700.46,115700.47,115700.46,115700.47,0.01534
2025-09-20 10:02:02+03:00,115700.46,115700.46,115700.46,115700.46,0.09955
2025-09-20 10:02:03+03:00,115700.47,115700.47,115700.46,115700.46,0.10611
2025-09-20 10:02:04+03:00,115700.46,115700.46,115700.46,115700.46,0.00026
2025-09-20 10:02:05+03:00,115700.46,115700.46,115700.46,115700.46,0.00083
2025-09-20 10:02:06+03:00,115700.46,115700.47,115700.46,115700.47,0.0865
2025-09-20 10:02:07+03:00,115700.46,115700.47,115700.46,115700.47,0.02523
2025-09-20 10:02:08+03:00,115700.47,115700.47,115700.47,115700.47,0.0
2025-09-20 10:02:09+03:00,115700.46,115700.47,115700.46,115700.47,0.10689
2025-09-20 10:02:10+03:00,115700.47,115700.47,115700.46,115700.47,0.00293
2025-09-20 10:02:11+03:00,115700.47,115700.47,115700.46,115700.46,0.00498
2025-09-20 10:02:12+03:00,115700.46,115700.47,115700.46,115700.47,0.08843
2025-09-20 10:02:13+03:00,115700.46,115700.46,115700.46,115700.46,0.00014
2025-09-20 10:02:14+03:00,115700.47,115700.47,115700.47,115700.47,0.0165
2025-09-20 10:02:15+03:00,115700.47,115700.47,115700.46,115700.46,0.00105
2025-09-20 10:02:16+03:00,115700.47,115700.47,115700.46,115700.46,0.11042
2025-09-20 10:02:17+03:00,115700.46,115700.47,115700.46,115700.47,0.00502
2025-09-20 10:02:18+03:00,115700.46,115700.47,115700.46,115700.46,0.00114
2025-09-20 10:02:19+03:00,115700.47,115700.47,115700.46,115700.46,0.04026
2025-09-20 10:02:20+03:00,115700.47,115700.47,115700.46,115700.47,0.01236
2025-09-20 10:02:21+03:00,115700.47,115700.47,115700.47,115700.47,0.00183
2025-09-20 10:02:22+03:00,115700.47,115700.47,115700.46,115700.47,0.01496
2025-09-20 10:02:23+03:00,115700.47,115700.47,115700.47,115700.47,0.30277
2025-09-20 10:02:24+03:00,115700.46,115700.46,115700.46,115700.46,5e-05
2025-09-20 10:02:25+03:00,115700.47,115700.47,115700.46,115700.46,0.00551
2025-09-20 10:02:26+03:00,115700.47,115700.47,115700.47,115700.47,0.02062
2025-09-20 10:02:27+03:00,115700.46,115700.47,115700.46,115700.47,0.07833
2025-09-20 10:02:28+03:00,115700.46,115700.47,115700.46,115700.46,0.00285
2025-09-20 10:02:29+03:00,115700.47,115700.47,115700.46,115700.47,0.00845
2025-09-20 10:02:30+03:00,115700.47,115700.47,115700.46,115700.46,0.00161
2025-09-20 10:02:31+03:00,115700.47,115700.47,115700.46,115700.46,0.04151
2025-09-20 10:02:32+03:00,115700.46,115700.47,115700.46,115700.47,0.00519
2025-09-20 10:02:33+03:00,115700.47,115700.47,115700.46,115700.46,0.00103
2025-09-20 10:02:34+03:00,115700.46,115700.47,115700.46,115700.47,0.00135
2025-09-20 10:02:35+03:00,115700.46,115700.46,115700.46,115700.46,0.00339
2025-09-20 10:02:36+03:00,115700.46,115700.46,115700.46,115700.46,0.00048
2025-09-20 10:02:37+03:00,115700.47,115700.47,115700.47,115700.47,0.00115
2025-09-20 10:02:38+03:00,115700.47,115700.47,115700.47,115700.47,0.0
2025-09-20 10:02:39+03:00,115700.46,115700.47,115700.46,115700.47,0.00164
2025-09-20 10:02:40+03:00,115700.46,115700.46,115700.46,115700.46,8e-05
2025-09-20 10:02:41+03:00,115700.47,115700.47,115700.46,115700.46,0.01394
2025-09-20 10:02:42+03:00,115700.46,115700.47,115700.46,115700.47,0.01049
2025-09-20 10:02:43+03:00,115700.46,115700.46,115700.46,115700.46,0.00878
2025-09-20 10:02:44+03:00,115700.46,115700.46,115700.46,115700.46,0.0
2025-09-20 10:02:45+03:00,115700.47,115700.47,115700.47,115700.47,0.00117
2025-09-20 10:02:46+03:00,115700.46,115700.47,115700.46,115700.47,0.039
2025-09-20 10:02:47+03:00,115700.46,115700.47,115700.46,115700.46,0.01187
2025-09-20 10:02:48+03:00,115700.46,115700.46,115700.46,115700.46,0.002
2025-09-20 10:02:49+03:00,115700.47,115700.47,115700.47,115700.47,0.0029
2025-09-20 10:02:50+03:00,115700.46,115700.47,115700.46,115700.47,0.00385
2025-09-20 10:02:51+03:00,115700.46,115700.47,115700.46,115700.47,0.03342
2025-09-20 10:02:52+03:00,115700.46,115700.47,115700.46,115700.46,0.00935
2025-09-20 10:02:53+03:00,115700.46,115700.46,115700.46,115700.46,0.00821
2025-09-20 10:02:54+03:00,115700.46,115700.47,115700.46,115700.47,0.00015
2025-09-20 10:02:55+03:00,115700.47,115700.47,115700.47,115700.47,7e-05
2025-09-20 10:02:56+03:00,115700.47,115722.64,115700.47,115722.63,5.22857
2025-09-20 10:02:57+03:00,115722.64,115722.64,115722.63,115722.63,0.01988
2025-09-20 10:02:58+03:00,115722.63,115722.64,115722.63,115722.64,0.37545
2025-09-20 10:02:59+03:00,115722.63,115722.64,115722.63,115722.64,0.00571
2025-09-20 10:03:00+03:00,115722.63,115722.63,115722.63,115722.63,0.00517
2025-09-20 10:03:01+03:00,115722.63,115722.64,115722.63,115722.64,0.0003
2025-09-20 10:03:02+03:00,115722.63,115722.63,115722.63,115722.63,0.22623
2025-09-20 10:03:03+03:00,115722.63,115722.63,115722.63,115722.63,0.0
2025-09-20 10:03:04+03:00,115722.64,115722.64,115722.63,115722.63,0.17996
2025-09-20 10:03:05+03:00,115722.63,115722.63,115722.63,115722.63,0.002
2025-09-20 10:03:06+03:00,115722.64,115722.64,115722.63,115722.63,0.00021
2025-09-20 10:03:07+03:00,115722.63,115722.64,115722.63,115722.63,0.08706
2025-09-20 10:03:08+03:00,115722.63,115722.63,115713.0,115713.01,2.5903
2025-09-20 10:03:09+03:00,115713.0,115713.01,115713.0,115713.01,0.00597
2025-09-20 10:03:10+03:00,115713.01,115713.01,115713.01,115713.01,0.0
2025-09-20 10:03:11+03:00,115713.01,115713.01,115713.0,115713.01,0.00068
2025-09-20 10:03:12+03:00,115713.0,115713.01,115713.0,115713.0,0.00202
2025-09-20 10:03:13+03:00,115713.0,115713.01,115713.0,115713.01,0.00294
2025-09-20 10:03:14+03:00,115713.01,115713.01,115713.0,115713.0,0.00477
2025-09-20 10:03:15+03:00,115713.0,115713.0,115713.0,115713.0,0.00306
2025-09-20 10:03:16+03:00,115713.0,115713.0,115713.0,115713.0,0.0
2025-09-20 10:03:17+03:00,115713.01,115713.01,115713.01,115713.01,0.00048
2025-09-20 10:03:18+03:00,115713.01,115713.01,115713.01,115713.01,0.00182
2025-09-20 10:03:19+03:00,115713.01,115713.01,115713.01,115713.01,0.00537
2025-09-20 10:03:20+03:00,115713.01,115713.01,115713.0,115713.0,0.05861
2025-09-20 10:03:21+03:00,115713.0,115713.0,115713.0,115713.0,0.01
2025-09-20 10:03:22+03:00,115713.01,115713.01,115713.0,115713.0,0.05287
2025-09-20 10:03:23+03:00,115713.0,115713.01,115713.0,115713.01,0.00278
2025-09-20 10:03:24+03:00,115713.01,115713.01,115713.01,115713.01,0.00125
2025-09-20 10:03:25+03:00,115713.0,115713.0,115713.0,115713.0,7e-05
2025-09-20 10:03:26+03:00,115713.01,115713.01,115713.01,115713.01,6e-05
2025-09-20 10:03:27+03:00,115713.01,115713.01,115713.01,115713.01,0.00133
2025-09-20 10:03:28+03:00,115713.01,115713.01,115713.01,115713.01,7e-05
2025-09-20 10:03:29+03:00,115713.01,115713.01,115713.01,115713.01,0.00173
2025-09-20 10:03:30+03:00,115713.0,115713.01,115713.0,115713.01,0.00075
2025-09-20 10:03:31+03:00,115713.01,115713.01,115713.01,115713.01,0.0
2025-09-20 10:03:32+03:00,115713.0,115713.0,115713.0,115713.0,0.036
2025-09-20 10:03:33+03:00,115713.01,115713.01,115713.0,115713.0,0.00734
2025-09-20 10:03:34+03:00,115713.01,115713.01,115713.0,115713.01,0.03316
2025-09-20 10:03:35+03:00,115713.01,115713.01,115713.0,115713.0,0.0159
2025-09-20 10:03:36+03:00,115713.0,115713.0,115713.0,115713.0,5e-05
2025-09-20 10:03:37+03:00,115713.0,115713.01,115713.0,115713.01,0.00124
2025-09-20 10:03:38+03:00,115713.01,115713.01,115713.0,115713.0,0.00335
2025-09-20 10:03:39+03:00,115713.01,115713.01,115713.01,115713.01,7e-05
2025-09-20 10:03:40+03:00,115713.01,115713.01,115713.01,115713.01,0.0
2025-09-20 10:03:41+03:00,115713.0,115713.01,115713.0,115713.01,0.00587
2025-09-20 10:03:42+03:00,115713.01,115713.01,115713.01,115713.01,0.0
2025-09-20 10:03:43+03:00,115713.01,115713.01,115713.0,115713.0,0.02892
2025-09-20 10:03:44+03:00,115713.0,115713.01,115713.0,115713.01,0.00147
2025-09-20 10:03:45+03:00,115713.01,115713.01,115713.01,115713.01,0.0
2025-09-20 10:03:46+03:00,115713.0,115713.0,115713.0,115713.0,0.00129
2025-09-20 10:03:47+03:00,115713.01,115713.01,115713.0,115713.0,0.00741
2025-09-20 10:03:48+03:00,115713.01,115713.01,115713.01,115713.01,0.00271
2025-09-20 10:03:49+03:00,115713.01,115713.01,115713.0,115713.01,0.00172
2025-09-20 10:03:50+03:00,115713.0,115713.01,115713.0,115713.01,0.00796
2025-09-20 10:03:51+03:00,115713.01,115713.01,115713.01,115713.01,0.00547
2025-09-20 10:03:52+03:00,115713.01,115713.01,115713.0,115713.0,0.04206
2025-09-20 10:03:53+03:00,115713.0,115713.0,115713.0,115713.0,0.0
2025-09-20 10:03:54+03:00,115713.01,115713.01,115713.01,115713.01,7e-05
2025-09-20 10:03:55+03:00,115713.01,115713.01,115713.01,115713.01,0.0
2025-09-20 10:03:56+03:00,115713.01,115713.01,115713.01,115713.01,0.0
2025-09-20 10:03:57+03:00,115713.01,115713.01,115713.0,115713.0,0.00971
2025-09-20 10:03:58+03:00,115713.01,115713.01,115713.01,115713.01,0.04361
2025-09-20 10:03:59+03:00,115713.01,115713.01,115713.0,115713.0,0.02277
2025-09-20 10:04:00+03:00,115713.01,115713.01,115713.0,115713.0,0.06674
2025-09-20 10:04:01+03:00,115713.01,115713.01,115702.37,115702.37,0.30387
2025-09-20 10:04:02+03:00,115702.36,115702.36,115700.46,115700.46,0.0331
2025-09-20 10:04:03+03:00,115700.47,115700.47,115700.46,115700.46,0.00691
2025-09-20 10:04:04+03:00,115700.46,115700.46,115700.46,115700.46,0.00012
2025-09-20 10:04:05+03:00,115700.46,115700.46,115700.46,115700.46,0.0
2025-09-20 10:04:06+03:00,115700.46,115700.47,115700.46,115700.47,0.00974
2025-09-20 10:04:07+03:00,115700.47,115700.47,115700.47,115700.47,0.0008
2025-09-20 10:04:08+03:00,115700.46,115700.46,115700.46,115700.46,0.02
2025-09-20 10:04:09+03:00,115700.46,115700.46,115694.56,115694.57,0.20575
2025-09-20 10:04:10+03:00,115694.56,115694.56,115694.56,115694.56,0.002
2025-09-20 10:04:11+03:00,115694.57,115694.57,115694.57,115694.57,0.01382
2025-09-20 10:04:12+03:00,115694.57,115694.57,115694.57,115694.57,7e-05
2025-09-20 10:04:13+03:00,115694.56,115694.57,115694.56,115694.56,0.2287
2025-09-20 10:04:14+03:00,115694.56,115694.57,115694.56,115694.56,0.03175
2025-09-20 10:04:15+03:00,115694.56,115694.56,115694.56,115694.56,0.00033
2025-09-20 10:04:16+03:00,115694.57,115694.57,115694.56,115694.56,0.02394
2025-09-20 10:04:17+03:00,115694.57,115694.57,115694.56,115694.56,0.00399
2025-09-20 10:04:18+03:00,115694.57,115694.57,115694.56,115694.56,0.0009
2025-09-20 10:04:19+03:00,115694.56,115694.57,115694.56,115694.57,0.0078
2025-09-20 10:04:20+03:00,115694.57,115694.57,115694.57,115694.57,0.0002
2025-09-20 10:04:21+03:00,115694.57,115694.57,115694.56,115694.57,0.05867
2025-09-20 10:04:22+03:00,115694.56,115694.56,115694.56,115694.56,0.00526
2025-09-20 10:04:23+03:00,115694.57,115694.57,115694.56,115694.57,0.01999
2025-09-20 10:04:24+03:00,115694.56,115694.57,115694.56,115694.57,0.04279
2025-09-20 10:04:25+03:00,115694.57,115694.57,115694.56,115694.56,0.00604
2025-09-20 10:04:26+03:00,115694.56,115694.57,115694.56,115694.57,0.02921
2025-09-20 10:04:27+03:00,115694.56,115694.56,115694.56,115694.56,0.01568
2025-09-20 10:04:28+03:00,115694.57,115694.57,115694.57,115694.57,0.04119
2025-09-20 10:04:29+03:00,115694.56,115694.57,115694.56,115694.56,0.04994
2025-09-20 10:04:30+03:00,115694.56,115694.56,115694.56,115694.56,0.014
2025-09-20 10:04:31+03:00,115694.56,115694.57,115694.56,115694.56,0.00745
2025-09-20 10:04:32+03:00,115694.56,115694.57,115694.56,115694.57,0.01407
2025-09-20 10:04:33+03:00,115694.57,115694.57,115694.56,115694.57,0.02338
2025-09-20 10:04:34+03:00,115694.56,115694.57,115694.56,115694.56,0.01783
2025-09-20 10:04:35+03:00,115694.56,115694.57,115694.56,115694.57,0.01577
2025-09-20 10:04:36+03:00,115694.57,115694.57,115694.56,115694.56,0.02211
2025-09-20 10:04:37+03:00,115694.56,115694.56,115694.56,115694.56,0.0
2025-09-20 10:04:38+03:00,115694.56,115694.57,115694.56,115694.57,0.03226
2025-09-20 10:04:39+03:00,115694.56,115694.57,115694.56,115694.56,0.01673
2025-09-20 10:04:40+03:00,115694.56,115694.57,115694.56,115694.57,0.0071
2025-09-20 10:04:41+03:00,115694.56,115694.56,115694.56,115694.56,0.01407
2025-09-20 10:04:42+03:00,115694.57,115694.57,115694.56,115694.56,0.01555
2025-09-20 10:04:43+03:00,115694.57,115694.57,115694.57,115694.57,0.00045
2025-09-20 10:04:44+03:00,115694.57,115694.57,115694.56,115694.56,0.02092
2025-09-20 10:04:45+03:00,115694.56,115694.57,115694.56,115694.57,0.02914
2025-09-20 10:04:46+03:00,115694.57,115694.57,115694.56,115694.56,0.0496
2025-09-20 10:04:47+03:00,115694.56,115694.57,115694.56,115694.57,0.02815
2025-09-20 10:04:48+03:00,115694.56,115694.56,115694.56,115694.56,0.01407
2025-09-20 10:04:49+03:00,115694.56,115694.57,115694.56,115694.56,0.04456
2025-09-20 10:04:50+03:00,115694.56,115694.57,115694.56,115694.57,0.00418
2025-09-20 10:04:51+03:00,115694.57,115694.57,115694.56,115694.56,0.01619
2025-09-20 10:04:52+03:00,115694.57,115694.57,115694.56,115694.56,0.04794
2025-09-20 10:04:53+03:00,115694.57,115694.57,115694.57,115694.57,0.0012
2025-09-20 10:04:54+03:00,115694.56,115694.57,115694.56,115694.57,0.0242
2025-09-20 10:04:55+03:00,115694.56,115694.56,115694.56,115694.56,0.03167
2025-09-20 10:04:56+03:00,115694.56,115694.56,115694.56,115694.56,0.0
2025-09-20 10:04:57+03:00,115694.56,115694.56,115694.56,115694.56,0.01652
2025-09-20 10:04:58+03:00,115694.56,115694.57,115694.56,115694.57,0.08031
2025-09-20 10:04:59+03:00,115694.57,115694.57,115694.57,115694.57,8e-05
2025-09-20 10:05:00+03:00,115694.56,115694.57,115694.56,115694.57,0.02796
2025-09-20 10:05:01+03:00,115694.57,115694.57,115694.56,115694.56,0.01586
2025-09-20 10:05:02+03:00,115694.56,115694.57,115694.56,115694.56,0.00402
2025-09-20 10:05:03+03:00,115694.57,115694.57,115694.56,115694.56,0.01673
2025-09-20 10:05:04+03:00,115694.56,115694.56,115694.56,115694.56,0.014
2025-09-20 10:05:05+03:00,115694.56,115694.56,115694.56,115694.56,0.0004
2025-09-20 10:05:06+03:00,115694.57,115694.57,115694.56,115694.56,0.0341
2025-09-20 10:05:07+03:00,115694.56,115694.56,115694.56,115694.56,0.00422
2025-09-20 10:05:08+03:00,115694.56,115694.56,115694.56,115694.56,0.014
2025-09-20 10:05:09+03:00,115694.56,115694.56,115694.56,115694.56,0.014
2025-09-20 10:05:10+03:00,115694.56,115694.56,115694.56,115694.56,0.006
2025-09-20 10:05:11+03:00,115694.57,115694.57,115694.56,115694.57,0.01434
2025-09-20 10:05:12+03:00,115694.56,115694.56,115686.76,115686.76,0.35587
2025-09-20 10:05:13+03:00,115686.77,115686.77,115686.77,115686.77,0.01999
2025-09-20 10:05:14+03:00,115686.77,115686.77,115686.77,115686.77,0.0122
2025-09-20 10:05:15+03:00,115686.77,115686.77,115686.77,115686.77,0.0
2025-09-20 10:05:16+03:00,115686.76,115686.77,115686.76,115686.77,0.00027
2025-09-20 10:05:17+03:00,115686.77,115686.77,115686.77,115686.77,0.0
2025-09-20 10:05:18+03:00,115686.77,115686.77,115686.76,115686.76,0.00547
2025-09-20 10:05:19+03:00,115686.76,115686.77,115686.76,115686.77,0.01007
2025-09-20 10:05:20+03:00,115686.77,115686.77,115686.77,115686.77,0.0
2025-09-20 10:05:21+03:00,115686.77,115686.77,115686.76,115686.77,0.01301
2025-09-20 10:05:22+03:00,115686.76,115686.77,115686.76,115686.77,0.00083
2025-09-20 10:05:23+03:00,115686.76,115686.76,115686.76,115686.76,0.00548
2025-09-20 10:05:24+03:00,115686.76,115686.76,115686.76,115686.76,0.0
2025-09-20 10:05:25+03:00,115686.76,115686.76,115686.76,115686.76,0.0
2025-09-20 10:05:26+03:00,115686.77,115686.77,115686.77,115686.77,0.00014
2025-09-20 10:05:27+03:00,115686.76,115686.76,115686.76,115686.76,0.00017
2025-09-20 10:05:28+03:00,115686.76,115686.77,115686.76,115686.76,0.00171
2025-09-20 10:05:29+03:00,115686.77,115686.77,115686.76,115686.76,0.0008
2025-09-20 10:05:30+03:00,115686.76,115686.76,115686.76,115686.76,0.0
2025-09-20 10:05:31+03:00,115686.77,115686.77,115686.77,115686.77,0.00014
2025-09-20 10:05:32+03:00,115686.77,115686.77,115686.77,115686.77,0.00086
2025-09-20 10:05:33+03:00,115686.76,115686.76,115686.76,115686.76,0.00288
2025-09-20 10:05:34+03:00,115686.77,115686.77,115686.76,115686.77,0.00144
2025-09-20 10:05:35+03:00,115686.76,115686.77,115686.76,115686.77,0.00425
2025-09-20 10:05:36+03:00,115686.77,115686.77,115686.77,115686.77,0.00665
2025-09-20 10:05:37+03:00,115686.76,115686.77,115686.76,115686.77,0.02088
2025-09-20 10:05:38+03:00,115686.77,115686.77,115686.77,115686.77,0.00086
2025-09-20 10:05:39+03:00,115686.77,115686.77,115686.76,115686.76,0.00689
2025-09-20 10:05:40+03:00,115686.77,115686.77,115686.77,115686.77,0.00059
2025-09-20 10:05:41+03:00,115686.76,115686.76,115686.76,115686.76,0.00025
2025-09-20 10:05:42+03:00,115686.76,115686.76,115686.76,115686.76,0.00217
2025-09-20 10:05:43+03:00,115686.77,115686.77,115686.76,115686.76,0.05912
2025-09-20 10:05:44+03:00,115686.76,115686.76,115686.76,115686.76,0.001
2025-09-20 10:05:45+03:00,115686.77,115686.77,115686.77,115686.77,0.01649
2025-09-20 10:05:46+03:00,115686.76,115686.77,115686.76,115686.77,0.00041
2025-09-20 10:05:47+03:00,115686.77,115686.77,115686.77,115686.77,0.00191
2025-09-20 10:05:48+03:00,115686.76,115686.76,115686.76,115686.76,0.0001
2025-09-20 10:05:49+03:00,115686.76,115686.76,115686.76,115686.76,0.0
2025-09-20 10:05:50+03:00,115686.76,115686.76,115686.76,115686.76,0.0
2025-09-20 10:05:51+03:00,115686.77,115686.77,115686.76,115686.76,0.00386
2025-09-20 10:05:52+03:00,115686.77,115686.77,115686.76,115686.77,0.03682
2025-09-20 10:05:53+03:00,115686.77,115686.77,115686.76,115686.76,0.00086
2025-09-20 10:05:54+03:00,115686.77,115686.77,115686.77,115686.77,7e-05
2025-09-20 10:05:55+03:00,115686.77,115686.77,115686.77,115686.77,0.0
2025-09-20 10:05:56+03:00,115686.77,115686.77,115686.77,115686.77,0.00012
2025-09-20 10:05:57+03:00,115686.76,115686.76,115686.76,115686.76,5e-05
2025-09-20 10:05:58+03:00,115686.77,115686.77,115686.76,115686.76,0.01835
2025-09-20 10:05:59+03:00,115686.76,115686.76,115686.76,115686.76,0.0021
2025-09-20 10:06:00+03:00,115686.76,115686.76,115686.76,115686.76,0.0018
2025-09-20 10:06:01+03:00,115686.77,115686.77,115686.76,115686.76,0.0043
2025-09-20 10:06:02+03:00,115686.77,115686.77,115686.76,115686.77,0.00357
2025-09-20 10:06:03+03:00,115686.76,115686.76,115686.76,115686.76,0.00014
2025-09-20 10:06:04+03:00,115686.76,115686.77,115686.76,115686.76,0.00025
2025-09-20 10:06:05+03:00,115686.76,115686.77,115686.76,115686.77,0.01561
2025-09-20 10:06:06+03:00,115686.76,115686.77,115686.76,115686.77,0.00412
2025-09-20 10:06:07+03:00,115686.76,115686.76,115686.76,115686.76,0.00086
2025-09-20 10:06:08+03:00,115686.76,115686.77,115686.76,115686.77,0.00158
2025-09-20 10:06:09+03:00,115686.76,115686.77,115686.76,115686.77,0.00061
2025-09-20 10:06:10+03:00,115686.76,115686.76,115686.76,115686.76,0.0035
2025-09-20 10:06:11+03:00,115686.77,115686.77,115686.76,115686.76,0.00123
2025-09-20 10:06:12+03:00,115686.76,115686.76,115686.76,115686.76,0.01359
2025-09-20 10:06:13+03:00,115686.76,115686.77,115686.76,115686.77,0.00092
2025-09-20 10:06:14+03:00,115686.76,115686.77,115686.76,115686.76,0.00273
2025-09-20 10:06:15+03:00,115686.76,115686.76,115686.76,115686.76,0.0
2025-09-20 10:06:16+03:00,115686.76,115686.76,115686.76,115686.76,0.00027
2025-09-20 10:06:17+03:00,115686.76,115686.77,115686.76,115686.77,0.00034
2025-09-20 10:06:18+03:00,115686.77,115686.77,115686.77,115686.77,0.0
2025-09-20 10:06:19+03:00,115686.76,115686.77,115686.76,115686.77,0.00628
2025-09-20 10:06:20+03:00,115686.76,115686.77,115686.76,115686.76,0.00307
2025-09-20 10:06:21+03:00,115686.77,115686.77,115686.76,115686.77,0.00868
2025-09-20 10:06:22+03:00,115686.77,115686.77,115686.76,115686.76,0.01802
2025-09-20 10:06:23+03:00,115686.76,115686.77,115686.76,115686.77,0.00266
2025-09-20 10:06:24+03:00,115686.77,115686.77,115686.76,115686.77,0.0031
2025-09-20 10:06:25+03:00,115686.76,115686.77,115686.76,115686.76,0.01096
2025-09-20 10:06:26+03:00,115686.76,115686.77,115686.76,115686.77,0.00093
2025-09-20 10:06:27+03:00,115686.76,115686.76,115686.76,115686.76,0.00157
2025-09-20 10:06:28+03:00,115686.76,115686.76,115686.76,115686.76,0.0
2025-09-20 10:06:29+03:00,115686.76,115686.77,115686.76,115686.77,0.00252
2025-09-20 10:06:30+03:00,115686.77,115686.77,115686.76,115686.76,0.00835
2025-09-20 10:06:31+03:00,115686.77,115686.77,115686.76,115686.76,0.0035
2025-09-20 10:06:32+03:00,115686.76,115686.76,115686.76,115686.76,0.0
2025-09-20 10:06:33+03:00,115686.76,115686.76,115686.76,115686.76,0.0003
2025-09-20 10:06:34+03:00,115686.77,115686.77,115686.77,115686.77,9e-05
2025-09-20 10:06:35+03:00,115686.77,115686.77,115686.77,115686.77,0.0
2025-09-20 10:06:36+03:00,115686.77,115686.77,115686.76,115686.76,0.00299
2025-09-20 10:06:37+03:00,115686.76,115686.76,115686.76,115686.76,0.00017
2025-09-20 10:06:38+03:00,115686.77,115686.77,115686.77,115686.77,0.00109
2025-09-20 10:06:39+03:00,115686.77,115686.77,115686.77,115686.77,0.00038
2025-09-20 10:06:40+03:00,115686.77,115686.77,115686.77,115686.77,0.0
2025-09-20 10:06:41+03:00,115686.77,115686.77,115686.77,115686.77,0.0
2025-09-20 10:06:42+03:00,115686.77,115686.77,115686.77,115686.77,0.0
2025-09-20 10:06:43+03:00,115686.77,115686.77,115686.77,115686.77,0.00209
2025-09-20 10:06:44+03:00,115686.76,115686.77,115686.76,115686.77,0.00169
2025-09-20 10:06:45+03:00,115686.77,115686.77,115686.77,115686.77,0.00012
2025-09-20 10:06:46+03:00,115686.77,115686.77,115686.76,115686.77,0.00486
2025-09-20 10:06:47+03:00,115686.77,115686.77,115686.77,115686.77,0.0
2025-09-20 10:06:48+03:00,115686.77,115686.77,115686.77,115686.77,0.00035
2025-09-20 10:06:49+03:00,115686.76,115686.77,115686.76,115686.77,0.00017
2025-09-20 10:06:50+03:00,115686.77,115686.77,115686.77,115686.77,0.0
2025-09-20 10:06:51+03:00,115686.76,115686.77,115686.76,115686.77,0.00102
2025-09-20 10:06:52+03:00,115686.77,115686.77,115686.77,115686.77,0.03542
2025-09-20 10:06:53+03:00,115686.76,115686.76,115686.76,115686.76,0.00026
2025-09-20 10:06:54+03:00,115686.76,115686.77,115686.76,115686.77,0.00047
2025-09-20 10:06:55+03:00,115686.77,115686.77,115686.76,115686.76,0.00131
2025-09-20 10:06:56+03:00,115686.76,115686.76,115686.76,115686.76,0.0
2025-09-20 10:06:57+03:00,115686.77,115686.77,115686.77,115686.77,0.0069
2025-09-20 10:06:58+03:00,115686.77,115686.77,115686.77,115686.77,0.0
2025-09-20 10:06:59+03:00,115686.77,115686.77,115686.76,115686.77,0.00255
2025-09-20 10:07:00+03:00,115686.77,115686.77,115686.77,115686.77,6e-05
2025-09-20 10:07:01+03:00,115686.77,115686.77,115686.77,115686.77,0.00572
2025-09-20 10:07:02+03:00,115686.77,115686.77,115686.77,115686.77,0.00608
2025-09-20 10:07:03+03:00,115686.77,115686.77,115686.77,115686.77,0.0
2025-09-20 10:07:04+03:00,115686.76,115686.77,115686.76,115686.77,0.05053
2025-09-20 10:07:05+03:00,115686.76,115686.77,115686.76,115686.76,0.01357
2025-09-20 10:07:06+03:00,115686.76,115686.77,115686.76,115686.76,0.00077
2025-09-20 10:07:07+03:00,115686.76,115686.77,115686.76,115686.77,0.00068
2025-09-20 10:07:08+03:00,115686.76,115686.77,115686.76,115686.77,0.06913
2025-09-20 10:07:09+03:00,115686.77,115686.77,115686.77,115686.77,0.00543
2025-09-20 10:07:10+03:00,115686.76,115686.76,115686.76,115686.76,0.00136
2025-09-20 10:07:11+03:00,115686.77,115686.77,115686.76,115686.76,0.00104
2025-09-20 10:07:12+03:00,115686.76,115686.77,115686.76,115686.77,0.00852
2025-09-20 10:07:13+03:00,115686.76,115686.76,115686.76,115686.76,0.00061
2025-09-20 10:07:14+03:00,115686.76,115686.76,115686.76,115686.76,0.0
2025-09-20 10:07:15+03:00,115686.76,115686.77,115686.76,115686.76,0.00041
2025-09-20 10:07:16+03:00,115686.76,115686.77,115686.76,115686.77,0.00023
2025-09-20 10:07:17+03:00,115686.76,115686.76,115686.76,115686.76,0.00036
2025-09-20 10:07:18+03:00,115686.77,115686.77,115686.77,115686.77,9e-05
2025-09-20 10:07:19+03:00,115686.77,115686.77,115686.76,115686.76,0.00014
2025-09-20 10:07:20+03:00,115686.76,115686.76,115686.76,115686.76,0.0
2025-09-20 10:07:21+03:00,115686.76,115686.76,115686.76,115686.76,0.00017
2025-09-20 10:07:22+03:00,115686.77,115686.77,115686.76,115686.76,0.00315
2025-09-20 10:07:23+03:00,115686.76,115686.76,115686.76,115686.76,0.01005
2025-09-20 10:07:24+03:00,115686.76,115686.76,115686.76,115686.76,0.00042
2025-09-20 10:07:25+03:00,115686.77,115693.74,115686.77,115693.74,1.37028
2025-09-20 10:07:26+03:00,115693.74,115702.0,115693.74,115702.0,0.93764
2025-09-20 10:07:27+03:00,115702.0,115702.0,115701.99,115701.99,0.47303
2025-09-20 10:07:28+03:00,115702.0,115708.05,115702.0,115708.05,0.29345
2025-09-20 10:07:29+03:00,115708.04,115708.04,115708.04,115708.04,7e-05
2025-09-20 10:07:30+03:00,115708.05,115708.05,115708.04,115708.04,0.0108
2025-09-20 10:07:31+03:00,115708.04,115708.05,115708.04,115708.04,0.00466
2025-09-20 10:07:32+03:00,115708.04,115708.05,115708.04,115708.05,0.00098
2025-09-20 10:07:33+03:00,115708.05,115708.05,115708.05,115708.05,0.00122
2025-09-20 10:07:34+03:00,115708.05,115708.05,115708.05,115708.05,0.0077
2025-09-20 10:07:35+03:00,115708.05,115708.05,115708.05,115708.05,6e-05
2025-09-20 10:07:36+03:00,115708.05,115708.05,115708.05,115708.05,0.0022
2025-09-20 10:07:37+03:00,115708.04,115708.05,115708.04,115708.04,0.03263
2025-09-20 10:07:38+03:00,115708.04,115708.04,115708.04,115708.04,0.0
2025-09-20 10:07:39+03:00,115708.04,115708.05,115708.04,115708.05,0.00677
2025-09-20 10:07:40+03:00,115708.04,115708.05,115708.04,115708.04,0.00781
2025-09-20 10:07:41+03:00,115708.05,115708.05,115708.04,115708.04,0.00328
2025-09-20 10:07:42+03:00,115708.04,115708.04,115708.04,115708.04,0.00105
2025-09-20 10:07:43+03:00,115708.05,115708.05,115708.04,115708.04,0.04374
2025-09-20 10:07:44+03:00,115708.04,115708.04,115708.04,115708.04,0.00319
2025-09-20 10:07:45+03:00,115708.04,115708.04,115708.04,115708.04,0.00387
2025-09-20 10:07:46+03:00,115708.04,115708.04,115708.04,115708.04,0.0
2025-09-20 10:07:47+03:00,115708.04,115708.04,115708.04,115708.04,0.0
2025-09-20 10:07:48+03:00,115708.04,115708.05,115708.04,115708.05,0.00109
2025-09-20 10:07:49+03:00,115708.05,115708.05,115708.05,115708.05,0.0
2025-09-20 10:07:50+03:00,115708.05,115708.05,115708.04,115708.04,0.02623
2025-09-20 10:07:51+03:00,115708.05,115708.05,115708.04,115708.04,0.00135
2025-09-20 10:07:52+03:00,115708.05,115708.05,115708.05,115708.05,0.03514
2025-09-20 10:07:53+03:00,115708.05,115708.05,115708.05,115708.05,0.00434
2025-09-20 10:07:54+03:00,115708.05,115708.05,115708.04,115708.04,0.00409
2025-09-20 10:07:55+03:00,115708.05,115708.05,115708.05,115708.05,0.00408
2025-09-20 10:07:56+03:00,115708.04,115708.05,115708.04,115708.05,0.0135
2025-09-20 10:07:57+03:00,115708.05,115708.05,115708.05,115708.05,0.00125
2025-09-20 10:07:58+03:00,115708.05,115708.05,115708.04,115708.04,0.00102
2025-09-20 10:07:59+03:00,115708.05,115708.05,115708.05,115708.05,0.00212
2025-09-20 10:08:00+03:00,115708.05,115708.05,115708.05,115708.05,0.00026
2025-09-20 10:08:01+03:00,115708.04,115708.04,115708.04,115708.04,0.00023
2025-09-20 10:08:02+03:00,115708.04,115708.04,115708.04,115708.04,0.00024
2025-09-20 10:08:03+03:00,115708.05,115708.05,115708.05,115708.05,0.00164
2025-09-20 10:08:04+03:00,115708.05,115708.05,115708.05,115708.05,0.0
2025-09-20 10:08:05+03:00,115708.04,115708.04,115708.04,115708.04,0.00022
2025-09-20 10:08:06+03:00,115708.04,115708.04,115708.04,115708.04,0.0
2025-09-20 10:08:07+03:00,115708.04,115708.04,115708.04,115708.04,0.00209
2025-09-20 10:08:08+03:00,115708.04,115708.04,115708.04,115708.04,0.01312
2025-09-20 10:08:09+03:00,115708.04,115708.04,115708.04,115708.04,0.0
2025-09-20 10:08:10+03:00,115708.05,115708.05,115708.05,115708.05,0.00364
2025-09-20 10:08:11+03:00,115708.04,115713.3,115708.04,115713.3,0.48957
2025-09-20 10:08:12+03:00,115713.39,115714.53,115713.39,115714.52,0.23538
2025-09-20 10:08:13+03:00,115714.52,115714.53,115714.52,115714.53,0.0003
2025-09-20 10:08:14+03:00,115714.52,115714.53,115714.52,115714.53,0.01828
2025-09-20 10:08:15+03:00,115714.52,115714.52,115714.52,115714.52,0.00086
2025-09-20 10:08:16+03:00,115714.53,115714.53,115714.53,115714.53,0.01728
2025-09-20 10:08:17+03:00,115714.52,115714.52,115714.52,115714.52,0.0037
2025-09-20 10:08:18+03:00,115714.53,115714.53,115714.52,115714.52,0.05359
2025-09-20 10:08:19+03:00,115714.53,115714.53,115714.52,115714.53,0.0016
2025-09-20 10:08:20+03:00,115714.53,115714.53,115714.53,115714.53,0.00092
2025-09-20 10:08:21+03:00,115714.53,115714.53,115714.53,115714.53,0.01396
2025-09-20 10:08:22+03:00,115714.53,115719.2,115714.53,115719.2,0.09634
2025-09-20 10:08:23+03:00,115719.19,115719.2,115719.19,115719.19,0.00807
2025-09-20 10:08:24+03:00,115719.2,115719.2,115719.2,115719.2,0.00268
2025-09-20 10:08:25+03:00,115719.2,115719.2,115719.2,115719.2,0.0001
2025-09-20 10:08:26+03:00,115719.2,115719.2,115719.2,115719.2,0.00297
2025-09-20 10:08:27+03:00,115719.2,115719.2,115719.19,115719.19,0.00393
2025-09-20 10:08:28+03:00,115719.2,115719.2,115719.2,115719.2,0.00075
2025-09-20 10:08:29+03:00,115719.19,115719.2,115719.19,115719.2,0.00383
2025-09-20 10:08:30+03:00,115719.2,115719.2,115719.19,115719.2,0.01764
2025-09-20 10:08:31+03:00,115719.2,115719.2,115719.19,115719.19,0.00089
2025-09-20 10:08:32+03:00,115719.19,115719.2,115719.19,115719.2,0.01376
2025-09-20 10:08:33+03:00,115719.2,115719.2,115719.2,115719.2,0.00875
2025-09-20 10:08:34+03:00,115719.2,115719.2,115719.19,115719.19,0.00072
2025-09-20 10:08:35+03:00,115719.2,115719.2,115719.2,115719.2,0.0001
2025-09-20 10:08:36+03:00,115719.19,115719.2,115719.19,115719.2,0.0008
2025-09-20 10:08:37+03:00,115719.19,115719.2,115719.19,115719.2,0.00976
2025-09-20 10:08:38+03:00,115719.2,115719.2,115719.2,115719.2,0.0003
2025-09-20 10:08:39+03:00,115719.2,115719.2,115719.2,115719.2,0.0
2025-09-20 10:08:40+03:00,115719.2,115719.2,115719.19,115719.2,0.01439
2025-09-20 10:08:41+03:00,115719.19,115719.2,115719.19,115719.2,0.0135
2025-09-20 10:08:42+03:00,115719.19,115719.2,115719.19,115719.2,0.04442
2025-09-20 10:08:43+03:00,115719.2,115719.2,115719.2,115719.2,0.00913
2025-09-20 10:08:44+03:00,115719.2,115719.2,115719.2,115719.2,0.00038
2025-09-20 10:08:45+03:00,115719.2,115719.2,115719.2,115719.2,0.0
2025-09-20 10:08:46+03:00,115719.2,115719.2,115719.2,115719.2,0.00984
2025-09-20 10:08:47+03:00,115719.2,115719.2,115719.2,115719.2,0.01389
2025-09-20 10:08:48+03:00,115719.2,115719.2,115719.19,115719.2,0.02066
2025-09-20 10:08:49+03:00,115719.19,115719.2,115719.19,115719.2,0.00159
2025-09-20 10:08:50+03:00,115719.2,115719.2,115719.19,115719.2,0.00369
2025-09-20 10:08:51+03:00,115719.19,115719.2,115719.19,115719.2,0.0021
2025-09-20 10:08:52+03:00,115719.2,115719.2,115719.19,115719.2,0.03384
2025-09-20 10:08:53+03:00,115719.2,115719.2,115719.2,115719.2,0.0001
2025-09-20 10:08:54+03:00,115719.2,115719.2,115719.19,115719.2,0.01175
2025-09-20 10:08:55+03:00,115719.2,115719.2,115719.2,115719.2,0.0001
2025-09-20 10:08:56+03:00,115719.19,115719.2,115719.19,115719.2,0.00689
2025-09-20 10:08:57+03:00,115719.19,115719.2,115719.19,115719.19,0.00922
2025-09-20 10:08:58+03:00,115719.19,115719.2,115719.19,115719.2,0.00234
2025-09-20 10:08:59+03:00,115719.2,115719.2,115719.19,115719.2,0.01122
2025-09-20 10:09:00+03:00,115719.2,115719.2,115719.19,115719.19,0.07283
2025-09-20 10:09:01+03:00,115719.2,115719.2,115719.2,115719.2,0.00528
2025-09-20 10:09:02+03:00,115719.2,115719.2,115719.19,115719.19,0.0015
2025-09-20 10:09:03+03:00,115719.2,115719.2,115719.19,115719.19,0.00023
2025-09-20 10:09:04+03:00,115719.2,115719.2,115719.19,115719.19,0.0021
2025-09-20 10:09:05+03:00,115719.2,115719.2,115719.19,115719.19,0.00177
2025-09-20 10:09:06+03:00,115719.2,115719.2,115719.19,115719.19,0.00054
2025-09-20 10:09:07+03:00,115719.2,115719.2,115719.19,115719.19,0.01005
2025-09-20 10:09:08+03:00,115719.2,115719.2,115719.2,115719.2,0.0001
2025-09-20 10:09:09+03:00,115719.2,115719.2,115719.19,115719.19,0.00046
2025-09-20 10:09:10+03:00,115719.19,115719.2,115719.19,115719.19,0.06031
2025-09-20 10:09:11+03:00,115719.2,115719.2,115719.2,115719.2,0.0019
2025-09-20 10:09:12+03:00,115719.2,115719.2,115719.19,115719.19,0.00023
2025-09-20 10:09:13+03:00,115719.19,115719.19,115719.19,115719.19,0.0
2025-09-20 10:09:14+03:00,115719.2,115719.2,115719.19,115719.2,0.0027
2025-09-20 10:09:15+03:00,115719.19,115719.2,115719.19,115719.2,0.0022
2025-09-20 10:09:16+03:00,115719.2,115719.2,115719.2,115719.2,0.27586
2025-09-20 10:09:17+03:00,115719.2,115719.2,115719.2,115719.2,0.00958
2025-09-20 10:09:18+03:00,115719.2,115719.2,115719.19,115719.19,0.00416
2025-09-20 10:09:19+03:00,115719.19,115719.2,115719.19,115719.2,0.00175
2025-09-20 10:09:20+03:00,115719.2,115719.2,115719.19,115719.19,0.06114
2025-09-20 10:09:21+03:00,115719.2,115719.2,115719.2,115719.2,0.0115
2025-09-20 10:09:22+03:00,115719.2,115719.2,115719.19,115719.2,0.00381
2025-09-20 10:09:23+03:00,115719.19,115719.2,115719.19,115719.19,0.01023
2025-09-20 10:09:24+03:00,115719.2,115719.2,115719.19,115719.2,0.0062
2025-09-20 10:09:25+03:00,115719.2,115719.2,115719.2,115719.2,0.0
2025-09-20 10:09:26+03:00,115719.2,115719.2,115719.2,115719.2,0.00112
2025-09-20 10:09:27+03:00,115719.2,115719.2,115719.2,115719.2,0.00054
2025-09-20 10:09:28+03:00,115719.2,115719.2,115719.2,115719.2,0.0001
2025-09-20 10:09:29+03:00,115719.19,115719.2,115719.19,115719.2,0.00069
2025-09-20 10:09:30+03:00,115719.2,115719.2,115719.19,115719.19,0.05833
2025-09-20 10:09:31+03:00,115719.19,115719.2,115719.19,115719.2,0.00078
2025-09-20 10:09:32+03:00,115719.2,115719.2,115719.19,115719.2,0.00053
2025-09-20 10:09:33+03:00,115719.2,115719.2,115719.2,115719.2,0.01065
2025-09-20 10:09:34+03:00,115719.2,115719.2,115719.19,115719.2,0.00291
2025-09-20 10:09:35+03:00,115719.19,115719.2,115719.19,115719.2,0.00592
2025-09-20 10:09:36+03:00,115719.19,115719.2,115719.19,115719.19,0.00219
2025-09-20 10:09:37+03:00,115719.2,115719.2,115719.19,115719.2,0.00066
2025-09-20 10:09:38+03:00,115719.2,115719.2,115719.2,115719.2,0.0001
2025-09-20 10:09:39+03:00,115719.19,115719.19,115719.19,115719.19,0.0002
2025-09-20 10:09:40+03:00,115719.2,115719.2,115719.2,115719.2,0.01648
2025-09-20 10:09:41+03:00,115719.2,115719.2,115719.19,115719.19,0.0339
2025-09-20 10:09:42+03:00,115719.2,115719.2,115719.2,115719.2,0.00147
2025-09-20 10:09:43+03:00,115719.2,115719.2,115719.19,115719.19,0.04537
2025-09-20 10:09:44+03:00,115719.19,115719.2,115719.19,115719.19,0.00059
2025-09-20 10:09:45+03:00,115719.2,115719.2,115719.2,115719.2,0.00616
2025-09-20 10:09:46+03:00,115719.2,115719.2,115719.19,115719.2,0.00073
2025-09-20 10:09:47+03:00,115719.2,115719.2,115719.2,115719.2,0.00234
2025-09-20 10:09:48+03:00,115719.19,115719.2,115719.19,115719.2,0.01797
2025-09-20 10:09:49+03:00,115719.19,115719.2,115719.19,115719.2,0.00227
2025-09-20 10:09:50+03:00,115719.2,115719.2,115719.19,115719.19,0.00268
2025-09-20 10:09:51+03:00,115719.2,115719.2,115719.19,115719.19,0.00074
2025-09-20 10:09:52+03:00,115719.19,115719.2,115719.19,115719.2,0.03244
2025-09-20 10:09:53+03:00,115719.2,115719.2,115719.19,115719.2,0.00081
2025-09-20 10:09:54+03:00,115719.2,115719.2,115719.2,115719.2,0.0002
2025-09-20 10:09:55+03:00,115719.19,115719.2,115719.19,115719.2,0.0753
2025-09-20 10:09:56+03:00,115719.2,115719.2,115719.19,115719.2,0.01256
2025-09-20 10:09:57+03:00,115719.2,115719.2,115719.19,115719.19,0.00208
2025-09-20 10:09:58+03:00,115719.2,115719.2,115719.19,115719.19,0.01792
2025-09-20 10:09:59+03:00,115719.19,115719.2,115719.19,115719.2,0.00063
2025-09-20 10:10:00+03:00,115719.2,115719.2,115719.19,115719.19,0.06108
2025-09-20 10:10:01+03:00,115719.2,115719.2,115719.2,115719.2,0.0001
2025-09-20 10:10:02+03:00,115719.19,115719.2,115719.19,115719.2,0.00063
2025-09-20 10:10:03+03:00,115719.19,115719.19,115719.19,115719.19,0.00432
2025-09-20 10:10:04+03:00,115719.19,115719.2,115719.19,115719.2,0.01002
2025-09-20 10:10:05+03:00,115719.19,115719.19,115719.19,115719.19,0.00067
2025-09-20 10:10:06+03:00,115719.2,115719.2,115719.2,115719.2,0.00024
2025-09-20 10:10:07+03:00,115719.2,115719.2,115719.2,115719.2,0.0002
2025-09-20 10:10:08+03:00,115719.2,115719.2,115719.2,115719.2,0.00676
2025-09-20 10:10:09+03:00,115719.19,115719.19,115719.19,115719.19,0.00034
2025-09-20 10:10:10+03:00,115719.2,115719.2,115719.2,115719.2,0.00038
2025-09-20 10:10:11+03:00,115719.2,115719.2,115719.2,115719.2,0.0001
2025-09-20 10:10:12+03:00,115719.2,115719.2,115719.2,115719.2,0.0026
2025-09-20 10:10:13+03:00,115719.2,115719.2,115719.19,115719.19,0.00016
2025-09-20 10:10:14+03:00,115719.19,115719.2,115719.19,115719.2,0.00221
2025-09-20 10:10:15+03:00,115719.2,115719.2,115719.19,115719.19,0.00068
2025-09-20 10:10:16+03:00,115719.2,115719.2,115719.19,115719.2,0.00996
2025-09-20 10:10:17+03:00,115719.2,115719.2,115719.2,115719.2,0.0001
2025-09-20 10:10:18+03:00,115719.2,115719.2,115719.19,115719.2,0.00979
2025-09-20 10:10:19+03:00,115719.2,115719.2,115719.19,115719.2,0.06278
2025-09-20 10:10:20+03:00,115719.19,115719.2,115719.19,115719.19,0.00303
2025-09-20 10:10:21+03:00,115719.2,115719.2,115719.19,115719.19,0.0501
2025-09-20 10:10:22+03:00,115719.2,115719.2,115719.2,115719.2,0.00029
2025-09-20 10:10:23+03:00,115719.19,115719.2,115719.19,115719.2,0.09195
2025-09-20 10:10:24+03:00,115719.2,115719.2,115719.19,115719.19,0.00104
2025-09-20 10:10:25+03:00,115719.2,115719.2,115719.19,115719.19,0.00157
2025-09-20 10:10:26+03:00,115719.2,115719.2,115719.19,115719.19,0.00114
2025-09-20 10:10:27+03:00,115719.2,115719.2,115719.2,115719.2,0.00509
2025-09-20 10:10:28+03:00,115719.2,115719.2,115719.2,115719.2,0.00318
2025-09-20 10:10:29+03:00,115719.2,115719.2,115719.19,115719.19,0.01435
2025-09-20 10:10:30+03:00,115719.2,115719.2,115719.19,115719.19,0.00056
2025-09-20 10:10:31+03:00,115719.2,115719.2,115719.19,115719.2,0.01162
2025-09-20 10:10:32+03:00,115719.2,115719.2,115719.2,115719.2,0.00031
2025-09-20 10:10:33+03:00,115719.2,115719.2,115719.19,115719.19,0.33249
2025-09-20 10:10:34+03:00,115719.19,115719.2,115719.19,115719.2,0.01413
2025-09-20 10:10:35+03:00,115719.19,115719.2,115719.19,115719.2,0.00409
2025-09-20 10:10:36+03:00,115719.2,115719.2,115719.19,115719.2,0.20576
2025-09-20 10:10:37+03:00,115719.19,115719.2,115719.19,115719.19,0.03262
2025-09-20 10:10:38+03:00,115719.2,115719.2,115719.2,115719.2,0.00531
2025-09-20 10:10:39+03:00,115719.2,115719.2,115719.19,115719.19,0.24629
2025-09-20 10:10:40+03:00,115719.2,115719.2,115719.19,115719.2,0.2477
2025-09-20 10:10:41+03:00,115719.2,115719.2,115719.2,115719.2,0.00069
2025-09-20 10:10:42+03:00,115719.2,115719.2,115719.2,115719.2,0.00118
2025-09-20 10:10:43+03:00,115719.2,115719.2,115719.2,115719.2,0.01311
2025-09-20 10:10:44+03:00,115719.2,115719.2,115719.19,115719.2,0.00218
2025-09-20 10:10:45+03:00,115719.2,115719.2,115719.2,115719.2,0.00024
2025-09-20 10:10:46+03:00,115719.2,115719.2,115719.19,115719.19,0.24678
2025-09-20 10:10:47+03:00,115719.2,115719.2,115719.2,115719.2,0.0001
2025-09-20 10:10:48+03:00,115719.2,115719.2,115719.2,115719.2,0.00587
2025-09-20 10:10:49+03:00,115719.19,115719.2,115719.19,115719.19,0.00048
2025-09-20 10:10:50+03:00,115719.2,115719.2,115719.2,115719.2,0.0001
2025-09-20 10:10:51+03:00,115719.2,115719.2,115719.19,115719.19,0.22392
2025-09-20 10:10:52+03:00,115719.19,115719.2,115719.18,115719.18,0.28021
2025-09-20 10:10:53+03:00,115719.19,115719.19,115715.47,115715.47,0.29149
2025-09-20 10:10:54+03:00,115715.48,115715.48,115715.48,115715.48,0.03335
2025-09-20 10:10:55+03:00,115715.47,115715.47,115712.25,115712.26,0.31083
2025-09-20 10:10:56+03:00,115712.25,115712.26,115712.25,115712.25,0.00382
2025-09-20 10:10:57+03:00,115712.26,115712.26,115712.25,115712.25,0.10275
2025-09-20 10:10:58+03:00,115712.25,115712.26,115712.25,115712.26,0.00183
2025-09-20 10:10:59+03:00,115712.26,115712.26,115712.26,115712.26,0.00057
2025-09-20 10:11:00+03:00,115712.25,115712.26,115712.25,115712.26,0.04044
2025-09-20 10:11:01+03:00,115712.26,115712.26,115712.25,115712.26,0.01058
2025-09-20 10:11:02+03:00,115712.26,115712.26,115712.26,115712.26,0.00569
2025-09-20 10:11:03+03:00,115712.25,115712.25,115712.25,115712.25,0.2166
2025-09-20 10:11:04+03:00,115712.25,115712.25,115712.25,115712.25,0.02
2025-09-20 10:11:05+03:00,115712.25,115712.26,115712.25,115712.25,0.28392
2025-09-20 10:11:06+03:00,115712.25,115712.25,115712.25,115712.25,0.00359
2025-09-20 10:11:07+03:00,115712.26,115712.26,115712.25,115712.25,0.00314
2025-09-20 10:11:08+03:00,115712.25,115712.26,115712.25,115712.26,0.00724
2025-09-20 10:11:09+03:00,115712.26,115712.26,115712.26,115712.26,5e-05
2025-09-20 10:11:10+03:00,115712.25,115712.25,115704.31,115704.32,0.26073
2025-09-20 10:11:11+03:00,115704.32,115704.32,115704.31,115704.31,0.01025
2025-09-20 10:11:12+03:00,115704.32,115704.32,115704.32,115704.32,0.0149
2025-09-20 10:11:13+03:00,115704.32,115704.32,115704.32,115704.32,0.0
2025-09-20 10:11:14+03:00,115704.31,115704.32,115704.31,115704.32,0.00052
2025-09-20 10:11:15+03:00,115704.32,115704.32,115704.32,115704.32,0.02001
2025-09-20 10:11:16+03:00,115704.32,115704.32,115704.32,115704.32,0.0
2025-09-20 10:11:17+03:00,115704.31,115704.32,115704.31,115704.32,0.17649
2025-09-20 10:11:18+03:00,115704.31,115704.31,115704.31,115704.31,0.002
2025-09-20 10:11:19+03:00,115704.31,115704.31,115704.31,115704.31,0.00027
2025-09-20 10:11:20+03:00,115704.31,115704.31,115704.31,115704.31,0.00012
2025-09-20 10:11:21+03:00,115704.32,115704.32,115704.32,115704.32,0.01215
2025-09-20 10:11:22+03:00,115704.31,115704.32,115704.31,115704.31,0.01538
2025-09-20 10:11:23+03:00,115704.31,115704.31,115704.31,115704.31,0.09227
2025-09-20 10:11:24+03:00,115704.32,115704.32,115704.31,115704.31,0.12645
2025-09-20 10:11:25+03:00,115704.32,115704.32,115704.32,115704.32,0.00528
2025-09-20 10:11:26+03:00,115704.31,115704.32,115704.31,115704.32,0.00155
2025-09-20 10:11:27+03:00,115704.31,115704.31,115704.31,115704.31,0.00036
2025-09-20 10:11:28+03:00,115704.31,115704.31,115704.31,115704.31,0.00562
2025-09-20 10:11:29+03:00,115704.31,115704.31,115704.31,115704.31,0.02091
2025-09-20 10:11:30+03:00,115704.31,115704.31,115704.31,115704.31,0.0
2025-09-20 10:11:31+03:00,115704.31,115704.31,115704.31,115704.31,0.00073
2025-09-20 10:11:32+03:00,115704.31,115704.31,115704.31,115704.31,0.0022
2025-09-20 10:11:33+03:00,115704.31,115704.31,115704.31,115704.31,0.0
2025-09-20 10:11:34+03:00,115704.32,115704.32,115704.31,115704.31,0.13519
2025-09-20 10:11:35+03:00,115704.31,115704.32,115704.31,115704.31,0.01163
2025-09-20 10:11:36+03:00,115704.31,115704.31,115704.31,115704.31,0.01
2025-09-20 10:11:37+03:00,115704.32,115704.32,115704.31,115704.31,0.00522
2025-09-20 10:11:38+03:00,115704.31,115704.31,115704.31,115704.31,0.0
2025-09-20 10:11:39+03:00,115704.31,115704.31,115704.31,115704.31,0.0
2025-09-20 10:11:40+03:00,115704.31,115704.31,115704.31,115704.31,0.01014
2025-09-20 10:11:41+03:00,115704.31,115704.31,115704.31,115704.31,0.0
2025-09-20 10:11:42+03:00,115704.32,115704.32,115704.32,115704.32,0.00191
2025-09-20 10:11:43+03:00,115704.32,115704.32,115704.32,115704.32,0.00216
2025-09-20 10:11:44+03:00,115704.32,115704.32,115704.31,115704.31,0.00047
2025-09-20 10:11:45+03:00,115704.31,115704.31,115704.31,115704.31,0.00417
2025-09-20 10:11:46+03:00,115704.31,115704.31,115704.31,115704.31,0.00268
2025-09-20 10:11:47+03:00,115704.31,115704.32,115704.31,115704.32,0.03552
2025-09-20 10:11:48+03:00,115704.31,115704.31,115704.31,115704.31,0.0001
2025-09-20 10:11:49+03:00,115704.32,115704.32,115704.32,115704.32,7e-05
2025-09-20 10:11:50+03:00,115704.32,115704.32,115704.32,115704.32,0.00012
2025-09-20 10:11:51+03:00,115704.31,115704.31,115704.31,115704.31,0.00052
2025-09-20 10:11:52+03:00,115704.32,115704.32,115704.31,115704.32,0.03988
2025-09-20 10:11:53+03:00,115704.32,115704.32,115704.32,115704.32,0.0
2025-09-20 10:11:54+03:00,115704.32,115704.32,115704.32,115704.32,0.00014
2025-09-20 10:11:55+03:00,115704.32,115704.32,115704.32,115704.32,0.0
2025-09-20 10:11:56+03:00,115704.31,115704.32,115704.31,115704.32,0.00013
2025-09-20 10:11:57+03:00,115704.32,115704.32,115704.31,115704.31,0.01568
2025-09-20 10:11:58+03:00,115704.32,115704.32,115704.32,115704.32,0.00054
2025-09-20 10:11:59+03:00,115704.31,115704.31,115704.31,115704.31,9e-05
2025-09-20 10:12:00+03:00,115704.31,115704.31,115704.31,115704.31,0.002
2025-09-20 10:12:01+03:00,115704.32,115704.32,115704.31,115704.31,0.0162
2025-09-20 10:12:02+03:00,115704.32,115704.32,115704.31,115704.31,0.01106
2025-09-20 10:12:03+03:00,115704.31,115704.31,115704.31,115704.31,0.00012
2025-09-20 10:12:04+03:00,115704.31,115704.31,115704.12,115704.12,0.30233
2025-09-20 10:12:05+03:00,115704.13,115704.13,115704.12,115704.12,0.00315
2025-09-20 10:12:06+03:00,115704.12,115704.13,115704.12,115704.13,0.00334
2025-09-20 10:12:07+03:00,115704.12,115704.13,115704.12,115704.13,0.01044
2025-09-20 10:12:08+03:00,115704.13,115704.13,115704.13,115704.13,0.0
2025-09-20 10:12:09+03:00,115704.12,115704.12,115693.15,115693.15,1.65228
2025-09-20 10:12:10+03:00,115693.15,115693.15,115693.15,115693.15,0.0
2025-09-20 10:12:11+03:00,115693.16,115693.16,115693.15,115693.15,0.02261
2025-09-20 10:12:12+03:00,115693.15,115693.16,115693.15,115693.16,0.00041
2025-09-20 10:12:13+03:00,115693.15,115693.16,115693.15,115693.16,0.09768
2025-09-20 10:12:14+03:00,115693.15,115693.16,115693.15,115693.16,0.00301
2025-09-20 10:12:15+03:00,115693.15,115693.16,115693.15,115693.16,0.00083
2025-09-20 10:12:16+03:00,115693.16,115693.16,115693.15,115693.15,0.07647
2025-09-20 10:12:17+03:00,115693.15,115693.15,115693.15,115693.15,0.06834
2025-09-20 10:12:18+03:00,115693.15,115693.15,115693.15,115693.15,0.0
2025-09-20 10:12:19+03:00,115693.16,115693.16,115693.16,115693.16,0.00109
2025-09-20 10:12:20+03:00,115693.16,115693.16,115693.16,115693.16,0.00079
2025-09-20 10:12:21+03:00,115693.16,115693.16,115693.15,115693.16,0.00237
2025-09-20 10:12:22+03:00,115693.16,115693.16,115693.15,115693.15,0.00501
2025-09-20 10:12:23+03:00,115693.16,115693.16,115693.15,115693.16,0.24263
2025-09-20 10:12:24+03:00,115693.15,115693.16,115693.15,115693.15,0.011
2025-09-20 10:12:25+03:00,115693.16,115693.16,115693.16,115693.16,4e-05
2025-09-20 10:12:26+03:00,115693.16,115693.16,115693.15,115693.15,0.00674
2025-09-20 10:12:27+03:00,115693.15,115693.15,115693.15,115693.15,0.0
2025-09-20 10:12:28+03:00,115693.16,115693.16,115693.16,115693.16,0.00055
2025-09-20 10:12:29+03:00,115693.16,115693.16,115693.15,115693.15,0.24721
2025-09-20 10:12:30+03:00,115693.15,115693.15,115693.15,115693.15,0.00263
2025-09-20 10:12:31+03:00,115693.15,115693.16,115693.15,115693.16,0.0007
2025-09-20 10:12:32+03:00,115693.15,115693.15,115693.15,115693.15,0.236
2025-09-20 10:12:33+03:00,115693.15,115693.16,115693.15,115693.15,0.00089
2025-09-20 10:12:34+03:00,115693.15,115693.15,115693.15,115693.15,0.0053
2025-09-20 10:12:35+03:00,115693.16,115693.16,115686.76,115686.76,0.23087
2025-09-20 10:12:36+03:00,115686.76,115686.76,115686.76,115686.76,0.006
2025-09-20 10:12:37+03:00,115686.76,115686.76,115686.76,115686.76,0.00058
2025-09-20 10:12:38+03:00,115686.77,115686.77,115686.76,115686.77,0.00482
2025-09-20 10:12:39+03:00,115686.76,115686.77,115686.76,115686.77,0.00448
2025-09-20 10:12:40+03:00,115686.77,115686.77,115686.77,115686.77,0.00283
2025-09-20 10:12:41+03:00,115686.76,115686.76,115686.76,115686.76,0.00048
2025-09-20 10:12:42+03:00,115686.76,115686.77,115686.76,115686.77,0.22769
2025-09-20 10:12:43+03:00,115686.77,115686.77,115686.77,115686.77,0.0
2025-09-20 10:12:44+03:00,115686.76,115686.76,115686.76,115686.76,0.15013
2025-09-20 10:12:45+03:00,115686.76,115686.76,115683.47,115683.47,0.999
2025-09-20 10:12:46+03:00,115683.47,115683.48,115683.47,115683.48,0.00175
2025-09-20 10:12:47+03:00,115683.47,115683.47,115683.47,115683.47,0.002
2025-09-20 10:12:48+03:00,115683.47,115683.48,115683.47,115683.47,0.00315
2025-09-20 10:12:49+03:00,115683.47,115683.48,115683.47,115683.47,0.21744
2025-09-20 10:12:50+03:00,115683.47,115683.48,115683.47,115683.48,0.06126
2025-09-20 10:12:51+03:00,115683.47,115683.47,115683.47,115683.47,0.186
2025-09-20 10:12:52+03:00,115683.48,115683.48,115683.47,115683.47,0.03364
2025-09-20 10:12:53+03:00,115683.48,115683.48,115683.48,115683.48,0.00013
2025-09-20 10:12:54+03:00,115683.48,115683.48,115683.48,115683.48,0.00209
2025-09-20 10:12:55+03:00,115683.47,115683.48,115683.47,115683.48,0.23634
2025-09-20 10:12:56+03:00,115683.47,115683.48,115683.47,115683.48,0.00058
2025-09-20 10:12:57+03:00,115683.48,115683.48,115683.48,115683.48,0.00503
2025-09-20 10:12:58+03:00,115683.48,115683.48,115683.48,115683.48,0.0
2025-09-20 10:12:59+03:00,115683.47,115683.47,115683.47,115683.47,0.00066
2025-09-20 10:13:00+03:00,115683.48,115683.48,115683.48,115683.48,0.00082
2025-09-20 10:13:01+03:00,115683.47,115683.47,115683.47,115683.47,0.002
2025-09-20 10:13:02+03:00,115683.48,115683.48,115683.47,115683.47,0.01783
2025-09-20 10:13:03+03:00,115683.48,115683.48,115683.47,115683.47,0.00032
2025-09-20 10:13:04+03:00,115683.47,115683.47,115683.47,115683.47,0.0005
2025-09-20 10:13:05+03:00,115683.47,115683.47,115683.47,115683.47,0.0
2025-09-20 10:13:06+03:00,115683.47,115683.47,115683.47,115683.47,0.00057
2025-09-20 10:13:07+03:00,115683.48,115683.48,115683.47,115683.47,0.04421
2025-09-20 10:13:08+03:00,115683.47,115683.48,115683.47,115683.48,0.00064
2025-09-20 10:13:09+03:00,115683.48,115683.48,115683.48,115683.48,0.0
2025-09-20 10:13:10+03:00,115683.47,115683.47,115683.47,115683.47,0.216
2025-09-20 10:13:11+03:00,115683.47,115683.47,115683.47,115683.47,0.00075
2025-09-20 10:13:12+03:00,115683.47,115683.48,115683.47,115683.47,0.2442
2025-09-20 10:13:13+03:00,115683.47,115683.47,115683.47,115683.47,0.00606
2025-09-20 10:13:14+03:00,115683.47,115683.48,115683.47,115683.48,0.0002
2025-09-20 10:13:15+03:00,115683.47,115683.47,115683.47,115683.47,0.00334
2025-09-20 10:13:16+03:00,115683.47,115683.48,115683.47,115683.48,0.00708
2025-09-20 10:13:17+03:00,115683.47,115683.48,115683.47,115683.48,0.00042
2025-09-20 10:13:18+03:00,115683.47,115683.47,115683.47,115683.47,0.00091
2025-09-20 10:13:19+03:00,115683.48,115683.48,115683.47,115683.47,0.00158
2025-09-20 10:13:20+03:00,115683.47,115683.47,115683.47,115683.47,9e-05
2025-09-20 10:13:21+03:00,115683.47,115683.47,115683.47,115683.47,0.0
2025-09-20 10:13:22+03:00,115683.47,115683.48,115683.47,115683.48,0.01608
2025-09-20 10:13:23+03:00,115683.47,115683.47,115683.47,115683.47,0.00511
2025-09-20 10:13:24+03:00,115683.48,115683.48,115683.47,115683.47,0.00258
2025-09-20 10:13:25+03:00,115683.47,115683.47,115683.47,115683.47,0.0
2025-09-20 10:13:26+03:00,115683.48,115683.48,115683.48,115683.48,0.0004
2025-09-20 10:13:27+03:00,115683.48,115683.48,115683.48,115683.48,0.00116
2025-09-20 10:13:28+03:00,115683.47,115683.47,115683.47,115683.47,0.00141
2025-09-20 10:13:29+03:00,115683.47,115683.48,115683.47,115683.48,0.00395
2025-09-20 10:13:30+03:00,115683.48,115683.48,115683.48,115683.48,0.00179
2025-09-20 10:13:31+03:00,115683.47,115683.48,115683.47,115683.47,0.00236
2025-09-20 10:13:32+03:00,115683.47,115683.48,115683.47,115683.48,0.00134
2025-09-20 10:13:33+03:00,115683.47,115683.47,115683.47,115683.47,0.00414
2025-09-20 10:13:34+03:00,115683.48,115683.48,115683.47,115683.47,0.0073
2025-09-20 10:13:35+03:00,115683.47,115683.47,115683.47,115683.47,0.01016
2025-09-20 10:13:36+03:00,115683.47,115683.48,115683.47,115683.48,0.02543
2025-09-20 10:13:37+03:00,115683.47,115683.48,115683.47,115683.47,0.00344
2025-09-20 10:13:38+03:00,115683.47,115683.47,115683.47,115683.47,0.0
2025-09-20 10:13:39+03:00,115683.47,115683.48,115683.47,115683.48,0.01677
2025-09-20 10:13:40+03:00,115683.47,115683.47,115683.47,115683.47,0.00122
2025-09-20 10:13:41+03:00,115683.47,115683.47,115683.47,115683.47,0.0
2025-09-20 10:13:42+03:00,115683.48,115683.48,115683.48,115683.48,0.0001
2025-09-20 10:13:43+03:00,115683.48,115683.48,115683.48,115683.48,0.00306
2025-09-20 10:13:44+03:00,115683.48,115683.48,115683.48,115683.48,0.0
2025-09-20 10:13:45+03:00,115683.48,115693.99,115683.48,115693.99,5.60198
2025-09-20 10:13:46+03:00,115693.98,115693.99,115693.98,115693.99,0.00072
2025-09-20 10:13:47+03:00,115693.99,115693.99,115693.99,115693.99,0.0
2025-09-20 10:13:48+03:00,115693.98,115693.98,115693.98,115693.98,0.00452
2025-09-20 10:13:49+03:00,115693.99,115693.99,115693.98,115693.98,0.00061
2025-09-20 10:13:50+03:00,115693.98,115693.99,115693.98,115693.99,0.09581
2025-09-20 10:13:51+03:00,115693.99,115693.99,115693.98,115693.98,0.00348
2025-09-20 10:13:52+03:00,115693.99,115693.99,115693.98,115693.98,0.03116
2025-09-20 10:13:53+03:00,115693.98,115693.98,115693.98,115693.98,0.00373
2025-09-20 10:13:54+03:00,115693.98,115693.99,115693.98,115693.99,0.00233
2025-09-20 10:13:55+03:00,115693.98,115693.98,115693.98,115693.98,8e-05
2025-09-20 10:13:56+03:00,115693.98,115693.98,115693.98,115693.98,0.0
2025-09-20 10:13:57+03:00,115693.98,115693.98,115693.98,115693.98,0.0
2025-09-20 10:13:58+03:00,115693.98,115693.98,115693.98,115693.98,0.00545
2025-09-20 10:13:59+03:00,115693.98,115693.98,115693.98,115693.98,0.00083
2025-09-20 10:14:00+03:00,115693.99,115693.99,115693.98,115693.98,0.00148
2025-09-20 10:14:01+03:00,115693.98,115693.98,115693.98,115693.98,0.00096
2025-09-20 10:14:02+03:00,115693.98,115693.98,115693.98,115693.98,0.0
2025-09-20 10:14:03+03:00,115693.98,115693.99,115693.98,115693.98,0.0732
2025-09-20 10:14:04+03:00,115693.99,115693.99,115693.99,115693.99,0.01078
2025-09-20 10:14:05+03:00,115693.99,115693.99,115693.99,115693.99,0.00421
2025-09-20 10:14:06+03:00,115693.99,115693.99,115693.99,115693.99,0.00304
2025-09-20 10:14:07+03:00,115693.99,115693.99,115693.99,115693.99,0.00047
2025-09-20 10:14:08+03:00,115693.98,115693.99,115693.98,115693.99,0.00929
2025-09-20 10:14:09+03:00,115693.99,115693.99,115693.99,115693.99,0.0
2025-09-20 10:14:10+03:00,115693.98,115693.98,115693.98,115693.98,0.0009
2025-09-20 10:14:11+03:00,115693.98,115693.98,115693.98,115693.98,0.0006
2025-09-20 10:14:12+03:00,115693.98,115693.99,115693.98,115693.99,0.01226
2025-09-20 10:14:13+03:00,115693.98,115693.98,115693.98,115693.98,0.01
2025-09-20 10:14:14+03:00,115693.99,115693.99,115693.99,115693.99,6e-05
2025-09-20 10:14:15+03:00,115693.98,115693.98,115687.88,115687.88,0.47206
2025-09-20 10:14:16+03:00,115687.88,115687.89,115687.88,115687.89,0.22973
2025-09-20 10:14:17+03:00,115687.89,115687.89,115687.89,115687.89,0.00216
2025-09-20 10:14:18+03:00,115687.88,115687.88,115687.88,115687.88,0.00029
2025-09-20 10:14:19+03:00,115687.88,115687.89,115687.88,115687.89,0.01446
2025-09-20 10:14:20+03:00,115687.89,115687.89,115687.89,115687.89,0.04566
2025-09-20 10:14:21+03:00,115687.89,115687.89,115687.88,115687.88,0.00439
2025-09-20 10:14:22+03:00,115687.88,115687.88,115687.88,115687.88,0.00428
2025-09-20 10:14:23+03:00,115687.89,115687.89,115687.89,115687.89,0.00124
2025-09-20 10:14:24+03:00,115687.89,115687.89,115687.89,115687.89,0.0
2025-09-20 10:14:25+03:00,115687.88,115687.89,115687.88,115687.89,0.00571
2025-09-20 10:14:26+03:00,115687.89,115687.89,115687.88,115687.88,0.01161
2025-09-20 10:14:27+03:00,115687.88,115687.88,115687.88,115687.88,0.0
2025-09-20 10:14:28+03:00,115687.88,115687.89,115687.88,115687.89,0.01345
2025-09-20 10:14:29+03:00,115687.88,115687.89,115687.88,115687.89,0.10012
2025-09-20 10:14:30+03:00,115687.89,115687.89,115687.89,115687.89,9e-05
2025-09-20 10:14:31+03:00,115687.89,115687.89,115687.89,115687.89,0.0
2025-09-20 10:14:32+03:00,115687.88,115687.89,115687.79,115687.79,0.48237
2025-09-20 10:14:33+03:00,115687.8,115687.8,115687.8,115687.8,0.0001
2025-09-20 10:14:34+03:00,115687.8,115687.8,115687.79,115687.79,0.00366
2025-09-20 10:14:35+03:00,115687.8,115687.8,115687.8,115687.8,0.00049
2025-09-20 10:14:36+03:00,115687.8,115687.8,115687.8,115687.8,0.00029
2025-09-20 10:14:37+03:00,115687.79,115687.8,115687.79,115687.8,0.00016
2025-09-20 10:14:38+03:00,115687.8,115687.8,115687.8,115687.8,0.0001
2025-09-20 10:14:39+03:00,115687.8,115687.8,115687.8,115687.8,0.0001
2025-09-20 10:14:40+03:00,115687.8,115687.8,115687.79,115687.79,0.0007
2025-09-20 10:14:41+03:00,115687.8,115687.8,115687.8,115687.8,0.0001
2025-09-20 10:14:42+03:00,115687.8,115687.8,115687.8,115687.8,0.0001
2025-09-20 10:14:43+03:00,115687.79,115687.79,115687.79,115687.79,0.02058
2025-09-20 10:14:44+03:00,115687.8,115687.8,115687.8,115687.8,0.0001
2025-09-20 10:14:45+03:00,115687.8,115687.8,115687.8,115687.8,0.0001
2025-09-20 10:14:46+03:00,115687.8,115687.8,115687.79,115687.8,0.0068
2025-09-20 10:14:47+03:00,115687.8,115687.8,115687.79,115687.79,0.00186
2025-09-20 10:14:48+03:00,115687.8,115687.8,115687.79,115687.79,0.0291
2025-09-20 10:14:49+03:00,115687.8,115687.8,115687.79,115687.79,0.0134
2025-09-20 10:14:50+03:00,115687.79,115687.8,115687.79,115687.8,0.02043
2025-09-20 10:14:51+03:00,115687.79,115687.8,115687.79,115687.79,0.00041
2025-09-20 10:14:52+03:00,115687.8,115687.8,115687.79,115687.79,0.03228
2025-09-20 10:14:53+03:00,115687.79,115687.79,115687.11,115687.12,0.2428
2025-09-20 10:14:54+03:00,115687.11,115687.11,115687.11,115687.11,6e-05
2025-09-20 10:14:55+03:00,115687.11,115687.12,115687.08,115687.08,0.04392
2025-09-20 10:14:56+03:00,115687.08,115687.08,115687.08,115687.08,0.00862
2025-09-20 10:14:57+03:00,115687.08,115687.08,115687.08,115687.08,0.0
2025-09-20 10:14:58+03:00,115687.08,115687.09,115687.08,115687.08,0.01201
2025-09-20 10:14:59+03:00,115687.08,115687.09,115687.08,115687.09,0.00061
2025-09-20 10:15:00+03:00,115687.09,115687.09,115687.08,115687.08,0.00057
2025-09-20 10:15:01+03:00,115687.08,115687.08,115687.08,115687.08,0.00029
2025-09-20 10:15:02+03:00,115687.08,115687.09,115687.08,115687.09,0.06156
2025-09-20 10:15:03+03:00,115687.08,115687.09,115687.08,115687.09,0.01839
2025-09-20 10:15:04+03:00,115687.09,115687.09,115687.09,115687.09,0.00093
2025-09-20 10:15:05+03:00,115687.09,115687.09,115687.08,115687.08,0.01239
2025-09-20 10:15:06+03:00,115687.08,115687.08,115687.08,115687.08,0.01876
2025-09-20 10:15:07+03:00,115687.08,115687.09,115687.08,115687.09,0.0041
2025-09-20 10:15:08+03:00,115687.08,115687.09,115687.08,115687.09,0.03111
2025-09-20 10:15:09+03:00,115687.09,115687.09,115687.08,115687.09,0.01818
2025-09-20 10:15:10+03:00,115687.08,115687.08,115687.08,115687.08,0.00429
2025-09-20 10:15:11+03:00,115687.09,115687.09,115687.09,115687.09,0.00199
2025-09-20 10:15:12+03:00,115687.09,115687.09,115687.09,115687.09,0.02486
2025-09-20 10:15:13+03:00,115687.09,115687.09,115687.09,115687.09,0.0002
2025-09-20 10:15:14+03:00,115687.09,115687.09,115687.09,115687.09,0.00152
2025-09-20 10:15:15+03:00,115687.08,115687.09,115687.08,115687.09,0.01042
2025-09-20 10:15:16+03:00,115687.08,115687.09,115687.08,115687.08,0.00057
2025-09-20 10:15:17+03:00,115687.08,115687.08,115687.08,115687.08,0.0
2025-09-20 10:15:18+03:00,115687.08,115687.09,115687.08,115687.09,0.00224
2025-09-20 10:15:19+03:00,115687.08,115687.08,115687.08,115687.08,0.00194
2025-09-20 10:15:20+03:00,115687.08,115687.09,115687.08,115687.08,0.00501
2025-09-20 10:15:21+03:00,115687.09,115687.09,115687.09,115687.09,0.00242
2025-09-20 10:15:22+03:00,115687.09,115687.09,115687.09,115687.09,0.0
2025-09-20 10:15:23+03:00,115687.08,115687.09,115687.08,115687.09,0.0139
2025-09-20 10:15:24+03:00,115687.08,115687.09,115687.08,115687.09,0.00204
2025-09-20 10:15:25+03:00,115687.09,115687.09,115687.08,115687.08,0.01016
2025-09-20 10:15:26+03:00,115687.08,115687.09,115687.08,115687.09,0.01879
2025-09-20 10:15:27+03:00,115687.08,115687.09,115687.08,115687.08,0.02776
2025-09-20 10:15:28+03:00,115687.08,115687.08,115687.08,115687.08,0.0
2025-09-20 10:15:29+03:00,115687.09,115687.09,115687.08,115687.08,0.0028
2025-09-20 10:15:30+03:00,115687.08,115687.08,115687.08,115687.08,0.0
2025-09-20 10:15:31+03:00,115687.09,115687.09,115687.09,115687.09,5e-05
2025-09-20 10:15:32+03:00,115687.09,115687.09,115687.09,115687.09,0.0
2025-09-20 10:15:33+03:00,115687.09,115687.09,115687.08,115687.08,0.00132
2025-09-20 10:15:34+03:00,115687.08,115687.08,115687.08,115687.08,0.00013
2025-09-20 10:15:35+03:00,115687.09,115687.09,115687.09,115687.09,0.00236
2025-09-20 10:15:36+03:00,115687.08,115687.09,115687.08,115687.09,0.0013
2025-09-20 10:15:37+03:00,115687.09,115687.09,115687.09,115687.09,0.00017
2025-09-20 10:15:38+03:00,115687.08,115687.09,115687.08,115687.09,0.25908
2025-09-20 10:15:39+03:00,115687.09,115693.99,115687.09,115693.98,1.04777
2025-09-20 10:15:40+03:00,115693.99,115693.99,115693.98,115693.98,0.004
2025-09-20 10:15:41+03:00,115693.98,115693.98,115693.98,115693.98,0.0007
2025-09-20 10:15:42+03:00,115693.99,115693.99,115693.98,115693.98,0.0055
2025-09-20 10:15:43+03:00,115693.99,115693.99,115693.98,115693.99,0.0116
2025-09-20 10:15:44+03:00,115693.99,115693.99,115693.99,115693.99,0.0004
2025-09-20 10:15:45+03:00,115693.99,115693.99,115693.99,115693.99,0.00087
2025-09-20 10:15:46+03:00,115693.99,115693.99,115693.98,115693.98,0.0039
2025-09-20 10:15:47+03:00,115693.98,115693.98,115693.98,115693.98,0.01037
2025-09-20 10:15:48+03:00,115693.98,115693.98,115693.98,115693.98,0.00061
2025-09-20 10:15:49+03:00,115693.99,115693.99,115693.99,115693.99,0.00013
2025-09-20 10:15:50+03:00,115693.99,115693.99,115693.99,115693.99,0.00026
2025-09-20 10:15:51+03:00,115693.98,115693.99,115693.98,115693.99,0.00044
2025-09-20 10:15:52+03:00,115693.99,115693.99,115693.98,115693.99,0.03379
2025-09-20 10:15:53+03:00,115693.99,115693.99,115693.99,115693.99,0.0089
2025-09-20 10:15:54+03:00,115693.98,115693.98,115693.98,115693.98,0.00017
2025-09-20 10:15:55+03:00,115693.98,115693.99,115693.98,115693.99,0.00164
2025-09-20 10:15:56+03:00,115693.99,115693.99,115693.99,115693.99,7e-05
2025-09-20 10:15:57+03:00,115693.99,115693.99,115693.99,115693.99,0.00952
2025-09-20 10:15:58+03:00,115693.99,115693.99,115693.99,115693.99,0.0
2025-09-20 10:15:59+03:00,115693.99,115693.99,115693.99,115693.99,0.00519
2025-09-20 10:16:00+03:00,115693.98,115693.98,115693.98,115693.98,0.00048
2025-09-20 10:16:01+03:00,115693.98,115693.99,115693.98,115693.99,0.0033
2025-09-20 10:16:02+03:00,115693.99,115695.0,115693.99,115694.99,0.38294
2025-09-20 10:16:03+03:00,115694.99,115701.22,115694.99,115701.22,0.15028
2025-09-20 10:16:04+03:00,115701.23,115701.23,115701.23,115701.23,0.00032
2025-09-20 10:16:05+03:00,115701.23,115701.23,115701.23,115701.23,0.0
2025-09-20 10:16:06+03:00,115701.23,115701.23,115701.22,115701.22,0.02025
2025-09-20 10:16:07+03:00,115701.23,115701.23,115701.22,115701.22,0.00517
2025-09-20 10:16:08+03:00,115701.22,115701.22,115701.22,115701.22,0.0
2025-09-20 10:16:09+03:00,115701.22,115701.23,115701.22,115701.23,0.01061
2025-09-20 10:16:10+03:00,115701.23,115701.23,115701.23,115701.23,0.00173
2025-09-20 10:16:11+03:00,115701.22,115701.22,115701.22,115701.22,0.00094
2025-09-20 10:16:12+03:00,115701.22,115701.22,115701.22,115701.22,0.0
2025-09-20 10:16:13+03:00,115701.22,115701.22,115701.22,115701.22,0.02027
2025-09-20 10:16:14+03:00,115701.22,115701.23,115701.22,115701.23,0.03971
2025-09-20 10:16:15+03:00,115701.23,115701.23,115701.22,115701.23,0.00226
2025-09-20 10:16:16+03:00,115701.23,115701.23,115701.23,115701.23,0.0
2025-09-20 10:16:17+03:00,115701.23,115701.23,115701.23,115701.23,0.00197
2025-09-20 10:16:18+03:00,115701.23,115701.23,115701.22,115701.22,0.03122
2025-09-20 10:16:19+03:00,115701.23,115701.23,115701.23,115701.23,0.00011
2025-09-20 10:16:20+03:00,115701.23,115701.23,115701.23,115701.23,0.0002
2025-09-20 10:16:21+03:00,115701.23,115701.23,115701.22,115701.22,0.00144
2025-09-20 10:16:22+03:00,115701.23,115701.23,115701.22,115701.22,0.00476
2025-09-20 10:16:23+03:00,115701.23,115701.23,115701.22,115701.23,0.0017
2025-09-20 10:16:24+03:00,115701.22,115701.23,115701.22,115701.22,0.00188
2025-09-20 10:16:25+03:00,115701.23,115701.23,115701.23,115701.23,0.00291
2025-09-20 10:16:26+03:00,115701.23,115701.23,115701.23,115701.23,0.0
2025-09-20 10:16:27+03:00,115701.23,115701.23,115701.23,115701.23,9e-05
2025-09-20 10:16:28+03:00,115701.23,115701.23,115701.23,115701.23,0.00029
2025-09-20 10:16:29+03:00,115701.22,115701.23,115701.22,115701.23,0.00134
2025-09-20 10:16:30+03:00,115701.23,115701.23,115701.22,115701.22,0.01946
2025-09-20 10:16:31+03:00,115701.23,115701.23,115701.22,115701.22,0.00714
2025-09-20 10:16:32+03:00,115701.22,115701.22,115701.22,115701.22,0.00054
2025-09-20 10:16:33+03:00,115701.22,115701.22,115701.22,115701.22,0.00091
2025-09-20 10:16:34+03:00,115701.22,115701.23,115701.22,115701.23,0.0003
2025-09-20 10:16:35+03:00,115701.23,115701.23,115701.22,115701.22,0.0006
2025-09-20 10:16:36+03:00,115701.22,115701.22,115701.22,115701.22,0.0
2025-09-20 10:16:37+03:00,115701.22,115701.22,115701.22,115701.22,0.0081
2025-09-20 10:16:38+03:00,115701.23,115701.23,115701.23,115701.23,0.00087
2025-09-20 10:16:39+03:00,115701.23,115701.23,115701.22,115701.22,0.02673
2025-09-20 10:16:40+03:00,115701.23,115701.23,115701.23,115701.23,0.0006
2025-09-20 10:16:41+03:00,115701.23,115701.23,115701.23,115701.23,0.01963
2025-09-20 10:16:42+03:00,115701.23,115701.23,115701.23,115701.23,0.00013
2025-09-20 10:16:43+03:00,115701.23,115701.23,115701.23,115701.23,0.00146
2025-09-20 10:16:44+03:00,115701.23,115701.23,115701.23,115701.23,0.0
2025-09-20 10:16:45+03:00,115701.23,115701.23,115701.23,115701.23,0.00018
2025-09-20 10:16:46+03:00,115701.23,115701.23,115701.22,115701.23,0.00648
2025-09-20 10:16:47+03:00,115701.23,115701.23,115701.22,115701.23,0.0195
2025-09-20 10:16:48+03:00,115701.23,115701.23,115701.23,115701.23,0.00065
2025-09-20 10:16:49+03:00,115701.22,115701.22,115701.22,115701.22,0.0001
2025-09-20 10:16:50+03:00,115701.22,115701.23,115701.22,115701.23,0.00112
2025-09-20 10:16:51+03:00,115701.22,115701.22,115701.22,115701.22,0.00031
2025-09-20 10:16:52+03:00,115701.22,115701.23,115701.22,115701.23,0.03539
2025-09-20 10:16:53+03:00,115701.23,115701.23,115701.23,115701.23,0.00047
2025-09-20 10:16:54+03:00,115701.22,115701.23,115701.22,115701.23,0.11488
2025-09-20 10:16:55+03:00,115701.22,115701.23,115701.22,115701.23,0.01143
2025-09-20 10:16:56+03:00,115701.23,115701.23,115701.23,115701.23,0.0
2025-09-20 10:16:57+03:00,115701.23,115701.23,115701.23,115701.23,0.00063
2025-09-20 10:16:58+03:00,115701.23,115701.23,115701.23,115701.23,0.0
2025-09-20 10:16:59+03:00,115701.23,115701.23,115701.23,115701.23,0.02252
2025-09-20 10:17:00+03:00,115701.22,115701.22,115701.22,115701.22,0.00154
2025-09-20 10:17:01+03:00,115701.23,115701.23,115701.22,115701.22,0.00111
2025-09-20 10:17:02+03:00,115701.22,115701.22,115701.22,115701.22,0.00399
2025-09-20 10:17:03+03:00,115701.23,115701.23,115701.23,115701.23,0.00669
2025-09-20 10:17:04+03:00,115701.23,115701.23,115701.22,115701.22,0.00876
2025-09-20 10:17:05+03:00,115701.23,115701.23,115701.22,115701.22,0.00815
2025-09-20 10:17:06+03:00,115701.23,115701.23,115701.22,115701.22,0.00232
2025-09-20 10:17:07+03:00,115701.23,115701.23,115701.23,115701.23,0.0009
2025-09-20 10:17:08+03:00,115701.23,115701.23,115701.22,115701.22,0.00927
2025-09-20 10:17:09+03:00,115701.22,115701.22,115701.22,115701.22,0.0
2025-09-20 10:17:10+03:00,115701.23,115701.23,115701.22,115701.23,0.00168
2025-09-20 10:17:11+03:00,115701.23,115701.23,115701.23,115701.23,0.0
2025-09-20 10:17:12+03:00,115701.23,115711.85,115701.23,115711.85,2.54283
2025-09-20 10:17:13+03:00,115711.85,115711.85,115711.85,115711.85,0.0
2025-09-20 10:17:14+03:00,115711.85,115711.85,115711.85,115711.85,0.00098
2025-09-20 10:17:15+03:00,115711.84,115711.85,115711.84,115711.85,0.00042
2025-09-20 10:17:16+03:00,115711.85,115711.85,115711.84,115711.85,0.00198
2025-09-20 10:17:17+03:00,115711.85,115711.85,115711.84,115711.84,0.10979
2025-09-20 10:17:18+03:00,115711.85,115711.85,115711.85,115711.85,0.00165
2025-09-20 10:17:19+03:00,115711.84,115711.84,115711.84,115711.84,0.0086
2025-09-20 10:17:20+03:00,115711.85,115711.85,115711.85,115711.85,0.0011
2025-09-20 10:17:21+03:00,115711.84,115711.84,115711.84,115711.84,0.00017
2025-09-20 10:17:22+03:00,115711.84,115711.85,115711.84,115711.84,0.00742
2025-09-20 10:17:23+03:00,115711.84,115711.84,115711.84,115711.84,0.0
2025-09-20 10:17:24+03:00,115711.84,115711.84,115711.84,115711.84,0.0
2025-09-20 10:17:25+03:00,115711.85,115711.85,115711.85,115711.85,0.00051
2025-09-20 10:17:26+03:00,115711.85,115711.85,115711.85,115711.85,0.00254
2025-09-20 10:17:27+03:00,115711.84,115711.85,115711.84,115711.84,0.00294
2025-09-20 10:17:28+03:00,115711.84,115711.85,115711.84,115711.84,0.00316
2025-09-20 10:17:29+03:00,115711.84,115711.84,115711.84,115711.84,0.0
2025-09-20 10:17:30+03:00,115711.84,115711.84,115711.84,115711.84,0.0
2025-09-20 10:17:31+03:00,115711.85,115711.85,115711.84,115711.85,0.00215
2025-09-20 10:17:32+03:00,115711.84,115711.84,115711.84,115711.84,0.00062
2025-09-20 10:17:33+03:00,115711.84,115711.84,115711.84,115711.84,0.00197
2025-09-20 10:17:34+03:00,115711.84,115711.84,115711.84,115711.84,0.00085
2025-09-20 10:17:35+03:00,115711.85,115711.85,115711.84,115711.84,0.00093
2025-09-20 10:17:36+03:00,115711.85,115711.85,115711.85,115711.85,0.0047
2025-09-20 10:17:37+03:00,115711.85,115711.85,115711.85,115711.85,0.01107
2025-09-20 10:17:38+03:00,115711.85,115711.85,115711.85,115711.85,0.00087
2025-09-20 10:17:39+03:00,115711.85,115711.85,115711.85,115711.85,0.01
2025-09-20 10:17:40+03:00,115711.84,115711.85,115711.84,115711.84,0.00513
2025-09-20 10:17:41+03:00,115711.85,115711.85,115711.84,115711.84,0.00294
2025-09-20 10:17:42+03:00,115711.84,115711.85,115711.84,115711.85,0.00203
2025-09-20 10:17:43+03:00,115711.85,115711.85,115711.85,115711.85,0.0002
2025-09-20 10:17:44+03:00,115711.84,115711.84,115711.84,115711.84,0.00144
2025-09-20 10:17:45+03:00,115711.84,115711.84,115711.84,115711.84,0.00419
2025-09-20 10:17:46+03:00,115711.84,115711.84,115711.84,115711.84,0.0001
2025-09-20 10:17:47+03:00,115711.85,115711.85,115711.85,115711.85,0.00121
2025-09-20 10:17:48+03:00,115711.84,115711.85,115711.84,115711.84,0.00474
2025-09-20 10:17:49+03:00,115711.85,115711.85,115711.85,115711.85,7e-05
2025-09-20 10:17:50+03:00,115711.85,115711.85,115711.85,115711.85,8e-05
2025-09-20 10:17:51+03:00,115711.85,115711.85,115711.85,115711.85,0.00044
2025-09-20 10:17:52+03:00,115711.84,115711.85,115711.84,115711.85,0.04091
2025-09-20 10:17:53+03:00,115711.85,115711.85,115711.85,115711.85,0.00215
2025-09-20 10:17:54+03:00,115711.85,115711.85,115711.85,115711.85,5e-05
2025-09-20 10:17:55+03:00,115711.85,115711.85,115711.84,115711.84,0.00085
2025-09-20 10:17:56+03:00,115711.85,115711.85,115711.84,115711.85,0.02019
2025-09-20 10:17:57+03:00,115711.85,115711.85,115711.84,115711.84,0.00022
2025-09-20 10:17:58+03:00,115711.84,115711.84,115711.84,115711.84,0.0
2025-09-20 10:17:59+03:00,115711.84,115711.84,115711.84,115711.84,0.0
2025-09-20 10:18:00+03:00,115711.84,115711.84,115711.84,115711.84,0.00013
2025-09-20 10:18:01+03:00,115711.84,115711.84,115711.84,115711.84,0.0043
2025-09-20 10:18:02+03:00,115711.84,115711.85,115711.84,115711.84,0.00732
2025-09-20 10:18:03+03:00,115711.84,115711.85,115711.84,115711.84,0.03782
2025-09-20 10:18:04+03:00,115711.85,115711.85,115711.85,115711.85,8e-05
2025-09-20 10:18:05+03:00,115711.85,115711.85,115711.84,115711.84,0.00084
2025-09-20 10:18:06+03:00,115711.85,115711.85,115711.85,115711.85,0.0003
2025-09-20 10:18:07+03:00,115711.85,115711.85,115711.85,115711.85,5e-05
2025-09-20 10:18:08+03:00,115711.85,115711.85,115711.85,115711.85,0.00211
2025-09-20 10:18:09+03:00,115711.84,115711.85,115711.84,115711.85,0.0035
2025-09-20 10:18:10+03:00,115711.84,115711.85,115711.84,115711.85,0.01736
2025-09-20 10:18:11+03:00,115711.84,115711.84,115711.84,115711.84,0.00022
2025-09-20 10:18:12+03:00,115711.85,115711.85,115711.84,115711.84,0.00356
2025-09-20 10:18:13+03:00,115711.84,115711.84,115711.84,115711.84,0.00076
2025-09-20 10:18:14+03:00,115711.84,115711.84,115711.84,115711.84,0.0
2025-09-20 10:18:15+03:00,115711.84,115711.84,115711.84,115711.84,0.13869
2025-09-20 10:18:16+03:00,115711.85,115711.85,115711.85,115711.85,0.00014
2025-09-20 10:18:17+03:00,115711.85,115711.85,115711.85,115711.85,0.00172
2025-09-20 10:18:18+03:00,115711.85,115711.85,115711.84,115711.85,0.00345
2025-09-20 10:18:19+03:00,115711.85,115711.85,115711.84,115711.84,0.01992
2025-09-20 10:18:20+03:00,115711.85,115711.85,115711.84,115711.85,0.00557
2025-09-20 10:18:21+03:00,115711.85,115711.85,115711.84,115711.85,0.03863
2025-09-20 10:18:22+03:00,115711.84,115711.85,115711.84,115711.85,0.00151
2025-09-20 10:18:23+03:00,115711.85,115711.85,115711.84,115711.85,0.00555
2025-09-20 10:18:24+03:00,115711.85,115711.85,115711.85,115711.85,0.00054
2025-09-20 10:18:25+03:00,115711.85,115711.85,115711.85,115711.85,0.04827
2025-09-20 10:18:26+03:00,115711.84,115711.84,115711.84,115711.84,0.00065
2025-09-20 10:18:27+03:00,115711.85,115711.85,115711.85,115711.85,0.01061
2025-09-20 10:18:28+03:00,115711.85,115711.85,115711.85,115711.85,0.0
2025-09-20 10:18:29+03:00,115711.85,115711.85,115711.84,115711.84,0.0087
2025-09-20 10:18:30+03:00,115711.85,115711.85,115711.85,115711.85,9e-05
2025-09-20 10:18:31+03:00,115711.85,115711.85,115711.85,115711.85,0.0007
2025-09-20 10:18:32+03:00,115711.85,115711.85,115711.85,115711.85,0.0
2025-09-20 10:18:33+03:00,115711.85,115711.85,115711.84,115711.84,0.02169
2025-09-20 10:18:34+03:00,115711.85,115711.85,115711.85,115711.85,0.00017
2025-09-20 10:18:35+03:00,115711.85,115711.85,115711.85,115711.85,0.0
2025-09-20 10:18:36+03:00,115711.85,115711.85,115711.85,115711.85,0.0
2025-09-20 10:18:37+03:00,115711.85,115711.85,115711.85,115711.85,0.01488
2025-09-20 10:18:38+03:00,115711.85,115711.85,115711.85,115711.85,1.0
2025-09-20 10:18:39+03:00,115711.84,115711.84,115711.84,115711.84,0.00431
2025-09-20 10:18:40+03:00,115711.84,115711.84,115711.84,115711.84,0.03273
2025-09-20 10:18:41+03:00,115711.85,115711.85,115711.85,115711.85,0.0001
2025-09-20 10:18:42+03:00,115711.85,115711.85,115711.85,115711.85,0.0
2025-09-20 10:18:43+03:00,115711.85,115711.85,115711.85,115711.85,0.0
2025-09-20 10:18:44+03:00,115711.84,115711.85,115711.84,115711.85,0.00141
2025-09-20 10:18:45+03:00,115711.84,115711.85,115711.84,115711.85,0.01225
2025-09-20 10:18:46+03:00,115711.85,115711.85,115711.85,115711.85,0.00089
2025-09-20 10:18:47+03:00,115711.85,115711.85,115711.85,115711.85,0.00323
2025-09-20 10:18:48+03:00,115711.85,115711.85,115711.85,115711.85,0.0
2025-09-20 10:18:49+03:00,115711.84,115711.85,115711.84,115711.85,0.00024
2025-09-20 10:18:50+03:00,115711.85,115711.85,115711.85,115711.85,0.00029
2025-09-20 10:18:51+03:00,115711.84,115711.84,115711.84,115711.84,9e-05
2025-09-20 10:18:52+03:00,115711.85,115711.85,115711.84,115711.85,0.08211
2025-09-20 10:18:53+03:00,115711.84,115711.85,115711.84,115711.85,0.00531
2025-09-20 10:18:54+03:00,115711.84,115711.84,115711.84,115711.84,0.00189
2025-09-20 10:18:55+03:00,115711.84,115711.85,115711.84,115711.85,0.00427
2025-09-20 10:18:56+03:00,115711.85,115711.85,115711.85,115711.85,0.0
2025-09-20 10:18:57+03:00,115711.84,115711.84,115711.84,115711.84,0.00023
2025-09-20 10:18:58+03:00,115711.85,115711.85,115711.85,115711.85,0.00044
2025-09-20 10:18:59+03:00,115711.85,115711.85,115711.85,115711.85,0.00089
2025-09-20 10:19:00+03:00,115711.84,115711.85,115711.84,115711.85,0.00055
2025-09-20 10:19:01+03:00,115711.84,115711.84,115711.84,115711.84,0.00248
2025-09-20 10:19:02+03:00,115711.84,115711.84,115711.84,115711.84,0.01798
2025-09-20 10:19:03+03:00,115711.85,115711.85,115711.84,115711.84,0.00931
2025-09-20 10:19:04+03:00,115711.84,115711.85,115711.84,115711.85,0.00016
2025-09-20 10:19:05+03:00,115711.85,115711.85,115711.85,115711.85,0.0
2025-09-20 10:19:06+03:00,115711.85,115711.85,115711.85,115711.85,0.00109
2025-09-20 10:19:07+03:00,115711.84,115711.84,115711.84,115711.84,0.00066
2025-09-20 10:19:08+03:00,115711.84,115711.84,115711.84,115711.84,0.0
2025-09-20 10:19:09+03:00,115711.84,115711.84,115711.84,115711.84,0.0
2025-09-20 10:19:10+03:00,115711.84,115711.85,115711.84,115711.84,0.0125
2025-09-20 10:19:11+03:00,115711.85,115711.85,115711.85,115711.85,0.00039
2025-09-20 10:19:12+03:00,115711.84,115711.84,115711.84,115711.84,0.00367
2025-09-20 10:19:13+03:00,115711.84,115711.84,115711.84,115711.84,0.00066
2025-09-20 10:19:14+03:00,115711.84,115711.85,115711.84,115711.85,0.00471
2025-09-20 10:19:15+03:00,115711.84,115711.85,115711.84,115711.85,0.01779
2025-09-20 10:19:16+03:00,115711.84,115711.85,115711.84,115711.85,0.00426
2025-09-20 10:19:17+03:00,115711.84,115711.85,115711.84,115711.85,0.00124
2025-09-20 10:19:18+03:00,115711.84,115711.85,115711.84,115711.85,0.00361
2025-09-20 10:19:19+03:00,115711.85,115711.85,115711.85,115711.85,0.0
2025-09-20 10:19:20+03:00,115711.84,115711.84,115711.84,115711.84,0.00111
2025-09-20 10:19:21+03:00,115711.84,115711.85,115711.84,115711.85,0.008
2025-09-20 10:19:22+03:00,115711.84,115711.85,115711.84,115711.84,0.01888
2025-09-20 10:19:23+03:00,115711.85,115711.85,115711.85,115711.85,0.00016
2025-09-20 10:19:24+03:00,115711.85,115711.85,115711.84,115711.84,0.00106
2025-09-20 10:19:25+03:00,115711.84,115711.84,115711.84,115711.84,0.0
2025-09-20 10:19:26+03:00,115711.85,115711.85,115711.84,115711.84,0.00033
2025-09-20 10:19:27+03:00,115711.85,115711.85,115711.84,115711.85,0.41223
2025-09-20 10:19:28+03:00,115711.85,115711.85,115711.84,115711.85,0.00154
2025-09-20 10:19:29+03:00,115711.84,115711.85,115711.84,115711.85,0.01005
2025-09-20 10:19:30+03:00,115711.85,115711.85,115711.85,115711.85,0.0
2025-09-20 10:19:31+03:00,115711.85,115711.85,115711.84,115711.84,0.00342
2025-09-20 10:19:32+03:00,115711.84,115711.84,115711.84,115711.84,0.0
2025-09-20 10:19:33+03:00,115711.84,115711.84,115711.84,115711.84,0.0
2025-09-20 10:19:34+03:00,115711.84,115711.85,115711.84,115711.85,0.00096
2025-09-20 10:19:35+03:00,115711.85,115711.85,115711.85,115711.85,6e-05
2025-09-20 10:19:36+03:00,115711.84,115711.84,115711.84,115711.84,0.00203
2025-09-20 10:19:37+03:00,115711.84,115711.84,115711.84,115711.84,0.0
2025-09-20 10:19:38+03:00,115711.85,115711.85,115711.85,115711.85,0.02593
2025-09-20 10:19:39+03:00,115711.85,115711.85,115711.85,115711.85,5e-05
2025-09-20 10:19:40+03:00,115711.85,115711.85,115711.85,115711.85,0.00029
2025-09-20 10:19:41+03:00,115711.85,115711.85,115711.85,115711.85,0.0
2025-09-20 10:19:42+03:00,115711.84,115711.84,115711.84,115711.84,0.00133
2025-09-20 10:19:43+03:00,115711.84,115711.85,115711.84,115711.85,0.01083
2025-09-20 10:19:44+03:00,115711.85,115711.85,115711.85,115711.85,0.0
2025-09-20 10:19:45+03:00,115711.85,115711.85,115711.85,115711.85,0.0
2025-09-20 10:19:46+03:00,115711.85,115711.85,115711.85,115711.85,0.00029
2025-09-20 10:19:47+03:00,115711.84,115711.84,115711.84,115711.84,8e-05
2025-09-20 10:19:48+03:00,115711.84,115711.85,115711.84,115711.85,0.01009
2025-09-20 10:19:49+03:00,115711.84,115711.85,115711.84,115711.85,0.00038
2025-09-20 10:19:50+03:00,115711.85,115711.85,115711.85,115711.85,0.00866
2025-09-20 10:19:51+03:00,115711.85,115711.85,115711.84,115711.85,0.01062
2025-09-20 10:19:52+03:00,115711.84,115711.85,115711.84,115711.85,0.0332
2025-09-20 10:19:53+03:00,115711.84,115711.84,115711.84,115711.84,0.00063
2025-09-20 10:19:54+03:00,115711.84,115711.84,115711.84,115711.84,0.0002
2025-09-20 10:19:55+03:00,115711.85,115711.85,115711.85,115711.85,0.00217
2025-09-20 10:19:56+03:00,115711.85,115711.85,115711.85,115711.85,0.0
2025-09-20 10:19:57+03:00,115711.84,115711.85,115711.84,115711.85,0.00878
2025-09-20 10:19:58+03:00,115711.85,115711.85,115711.85,115711.85,0.0
2025-09-20 10:19:59+03:00,115711.85,115711.85,115711.85,115711.85,0.0
2025-09-20 10:20:00+03:00,115711.84,115711.85,115711.84,115711.84,0.00118
2025-09-20 10:20:01+03:00,115711.84,115711.85,115711.84,115711.85,0.0046
2025-09-20 10:20:02+03:00,115711.85,115711.85,115711.85,115711.85,0.00033
2025-09-20 10:20:03+03:00,115711.84,115711.84,115711.84,115711.84,0.00151
2025-09-20 10:20:04+03:00,115711.85,115711.85,115711.85,115711.85,0.0103
2025-09-20 10:20:05+03:00,115711.84,115711.85,115711.84,115711.85,0.00039
2025-09-20 10:20:06+03:00,115711.84,115711.84,115711.84,115711.84,0.0103
2025-09-20 10:20:07+03:00,115711.84,115711.84,115711.84,115711.84,0.0
2025-09-20 10:20:08+03:00,115711.84,115711.84,115711.84,115711.84,0.02204
2025-09-20 10:20:09+03:00,115711.84,115711.85,115711.84,115711.85,0.00136
2025-09-20 10:20:10+03:00,115711.85,115711.85,115711.85,115711.85,0.0
2025-09-20 10:20:11+03:00,115711.85,115711.85,115711.85,115711.85,6e-05
2025-09-20 10:20:12+03:00,115711.84,115711.84,115711.84,115711.84,0.00012
2025-09-20 10:20:13+03:00,115711.84,115711.84,115711.84,115711.84,0.00048
2025-09-20 10:20:14+03:00,115711.85,115711.85,115711.84,115711.84,0.00123
2025-09-20 10:20:15+03:00,115711.85,115711.85,115711.85,115711.85,0.00031
2025-09-20 10:20:16+03:00,115711.84,115711.85,115711.84,115711.84,0.00965
2025-09-20 10:20:17+03:00,115711.85,115711.85,115711.85,115711.85,6e-05
2025-09-20 10:20:18+03:00,115711.85,115711.85,115711.85,115711.85,0.0
2025-09-20 10:20:19+03:00,115711.84,115711.84,115711.84,115711.84,0.00085
2025-09-20 10:20:20+03:00,115711.84,115711.84,115711.84,115711.84,0.00303
2025-09-20 10:20:21+03:00,115711.85,115711.85,115711.84,115711.85,0.02718
2025-09-20 10:20:22+03:00,115711.85,115711.85,115711.85,115711.85,0.0
2025-09-20 10:20:23+03:00,115711.84,115711.85,115711.84,115711.84,0.00485
2025-09-20 10:20:24+03:00,115711.84,115711.85,115711.84,115711.85,0.00313
2025-09-20 10:20:25+03:00,115711.84,115711.84,115711.84,115711.84,0.00114
2025-09-20 10:20:26+03:00,115711.84,115711.85,115711.84,115711.85,0.00902
2025-09-20 10:20:27+03:00,115711.85,115711.85,115711.85,115711.85,0.0
2025-09-20 10:20:28+03:00,115711.84,115711.85,115711.84,115711.85,0.01052
2025-09-20 10:20:29+03:00,115711.84,115711.85,115711.84,115711.84,0.00102
2025-09-20 10:20:30+03:00,115711.84,115711.85,115711.84,115711.85,0.00059
2025-09-20 10:20:31+03:00,115711.85,115711.85,115711.85,115711.85,0.05577
2025-09-20 10:20:32+03:00,115711.85,115711.85,115711.84,115711.85,0.00308
2025-09-20 10:20:33+03:00,115711.85,115711.85,115711.85,115711.85,0.00079
2025-09-20 10:20:34+03:00,115711.84,115711.85,115711.84,115711.85,0.00223
2025-09-20 10:20:35+03:00,115711.84,115711.85,115711.84,115711.85,0.00103
2025-09-20 10:20:36+03:00,115711.85,115711.85,115711.85,115711.85,0.00167
2025-09-20 10:20:37+03:00,115711.85,115711.85,115711.85,115711.85,0.0
2025-09-20 10:20:38+03:00,115711.85,115711.85,115711.85,115711.85,0.0
2025-09-20 10:20:39+03:00,115711.84,115711.85,115711.84,115711.85,0.00264
2025-09-20 10:20:40+03:00,115711.85,115711.85,115711.85,115711.85,0.00233
2025-09-20 10:20:41+03:00,115711.85,115711.85,115711.85,115711.85,0.00608
2025-09-20 10:20:42+03:00,115711.84,115711.85,115711.84,115711.85,0.0011
2025-09-20 10:20:43+03:00,115711.84,115711.84,115711.84,115711.84,0.01163
2025-09-20 10:20:44+03:00,115711.84,115711.85,115711.84,115711.85,0.00302
2025-09-20 10:20:45+03:00,115711.85,115711.85,115711.84,115711.84,0.00072
2025-09-20 10:20:46+03:00,115711.84,115711.85,115711.84,115711.85,0.00239
2025-09-20 10:20:47+03:00,115711.84,115711.85,115711.84,115711.85,0.0012
2025-09-20 10:20:48+03:00,115711.84,115711.84,115711.84,115711.84,0.01315
2025-09-20 10:20:49+03:00,115711.84,115711.85,115711.84,115711.84,0.03671
2025-09-20 10:20:50+03:00,115711.84,115711.85,115711.84,115711.84,0.00565
2025-09-20 10:20:51+03:00,115711.84,115711.84,115711.84,115711.84,0.0
2025-09-20 10:20:52+03:00,115711.84,115711.85,115711.84,115711.84,0.04714
2025-09-20 10:20:53+03:00,115711.84,115711.85,115711.84,115711.85,0.00845
2025-09-20 10:20:54+03:00,115711.84,115711.84,115711.84,115711.84,0.00842
2025-09-20 10:20:55+03:00,115711.84,115711.85,115711.84,115711.84,1.59394
2025-09-20 10:20:56+03:00,115711.84,115711.84,115711.84,115711.84,0.00107
2025-09-20 10:20:57+03:00,115711.84,115711.84,115711.84,115711.84,0.45243
2025-09-20 10:20:58+03:00,115711.84,115711.84,115711.84,115711.84,0.02665
2025-09-20 10:20:59+03:00,115711.85,115711.85,115711.85,115711.85,0.00024
2025-09-20 10:21:00+03:00,115711.84,115711.85,115711.84,115711.85,0.01498
2025-09-20 10:21:01+03:00,115711.85,115711.85,115711.85,115711.85,0.00046
2025-09-20 10:21:02+03:00,115711.84,115711.84,115711.84,115711.84,0.00113
2025-09-20 10:21:03+03:00,115711.85,115711.85,115711.85,115711.85,0.00259
2025-09-20 10:21:04+03:00,115711.85,115711.85,115711.85,115711.85,0.00041
2025-09-20 10:21:05+03:00,115711.84,115711.85,115711.84,115711.85,0.01112
2025-09-20 10:21:06+03:00,115711.85,115711.85,115711.84,115711.85,0.00226
2025-09-20 10:21:07+03:00,115711.84,115711.85,115711.84,115711.85,0.00878
2025-09-20 10:21:08+03:00,115711.85,115711.85,115711.85,115711.85,0.0
2025-09-20 10:21:09+03:00,115711.85,115711.85,115711.85,115711.85,6e-05
2025-09-20 10:21:10+03:00,115711.85,115711.85,115711.85,115711.85,0.0003
2025-09-20 10:21:11+03:00,115711.84,115711.84,115711.84,115711.84,0.00174
2025-09-20 10:21:12+03:00,115711.84,115711.84,115711.84,115711.84,0.00012
2025-09-20 10:21:13+03:00,115711.85,115711.85,115711.84,115711.84,0.00041
2025-09-20 10:21:14+03:00,115711.84,115711.85,115711.84,115711.85,0.00154
2025-09-20 10:21:15+03:00,115711.85,115711.85,115711.85,115711.85,0.0
2025-09-20 10:21:16+03:00,115711.85,115711.85,115711.85,115711.85,0.00183
2025-09-20 10:21:17+03:00,115711.84,115711.84,115711.84,115711.84,0.00159
2025-09-20 10:21:18+03:00,115711.85,115711.85,115711.84,115711.84,0.00089
2025-09-20 10:21:19+03:00,115711.85,115711.85,115711.85,115711.85,0.00128
2025-09-20 10:21:20+03:00,115711.85,115711.85,115711.84,115711.84,0.00051
2025-09-20 10:21:21+03:00,115711.85,115711.85,115711.85,115711.85,0.0008
2025-09-20 10:21:22+03:00,115711.85,115711.85,115711.85,115711.85,0.0003
2025-09-20 10:21:23+03:00,115711.84,115711.85,115711.84,115711.85,0.09275
2025-09-20 10:21:24+03:00,115711.85,115711.85,115711.85,115711.85,0.0
2025-09-20 10:21:25+03:00,115711.84,115711.84,115711.84,115711.84,0.0009
2025-09-20 10:21:26+03:00,115711.84,115711.84,115711.84,115711.84,0.0
2025-09-20 10:21:27+03:00,115711.85,115711.85,115711.84,115711.84,0.00022
2025-09-20 10:21:28+03:00,115711.85,115711.85,115711.85,115711.85,0.00029
2025-09-20 10:21:29+03:00,115711.84,115711.85,115711.84,115711.84,0.01771
2025-09-20 10:21:30+03:00,115711.84,115711.84,115711.84,115711.84,8e-05
2025-09-20 10:21:31+03:00,115711.85,115711.85,115711.84,115711.84,0.00029
2025-09-20 10:21:32+03:00,115711.85,115711.85,115711.84,115711.84,0.00123
2025-09-20 10:21:33+03:00,115711.85,115711.85,115711.85,115711.85,0.00026
2025-09-20 10:21:34+03:00,115711.84,115711.84,115711.84,115711.84,0.00092
2025-09-20 10:21:35+03:00,115711.85,115711.85,115711.85,115711.85,0.00093
2025-09-20 10:21:36+03:00,115711.84,115711.84,115711.84,115711.84,0.13023
2025-09-20 10:21:37+03:00,115711.84,115711.84,115711.84,115711.84,0.02226
2025-09-20 10:21:38+03:00,115711.84,115711.84,115711.84,115711.84,0.00024
2025-09-20 10:21:39+03:00,115711.85,115711.85,115711.84,115711.85,0.00605
2025-09-20 10:21:40+03:00,115711.84,115711.85,115711.84,115711.85,0.04596
2025-09-20 10:21:41+03:00,115711.84,115711.84,115711.84,115711.84,0.00947
2025-09-20 10:21:42+03:00,115711.84,115711.84,115711.84,115711.84,0.0201
2025-09-20 10:21:43+03:00,115711.85,115711.85,115711.84,115711.84,0.00623
2025-09-20 10:21:44+03:00,115711.85,115711.85,115711.85,115711.85,0.01109
2025-09-20 10:21:45+03:00,115711.85,115711.85,115711.84,115711.84,0.02138
2025-09-20 10:21:46+03:00,115711.85,115711.85,115711.84,115711.84,0.00485
2025-09-20 10:21:47+03:00,115711.84,115711.84,115711.84,115711.84,0.0
2025-09-20 10:21:48+03:00,115711.84,115711.84,115711.84,115711.84,0.00015
2025-09-20 10:21:49+03:00,115711.84,115711.85,115711.84,115711.85,0.00022
2025-09-20 10:21:50+03:00,115711.85,115711.85,115711.85,115711.85,0.00282
2025-09-20 10:21:51+03:00,115711.84,115711.84,115711.84,115711.84,0.00014
2025-09-20 10:21:52+03:00,115711.85,115711.85,115711.85,115711.85,0.03076
2025-09-20 10:21:53+03:00,115711.85,115711.85,115711.85,115711.85,0.0
2025-09-20 10:21:54+03:00,115711.84,115711.85,115711.84,115711.84,0.00193
2025-09-20 10:21:55+03:00,115711.85,115719.65,115711.85,115719.64,1.53699
2025-09-20 10:21:56+03:00,115719.64,115719.65,115719.64,115719.65,0.01171
2025-09-20 10:21:57+03:00,115719.64,115719.64,115719.64,115719.64,0.02254
2025-09-20 10:21:58+03:00,115719.64,115719.64,115719.64,115719.64,0.00012
2025-09-20 10:21:59+03:00,115719.65,115719.65,115719.65,115719.65,0.00028
2025-09-20 10:22:00+03:00,115719.65,115719.65,115719.65,115719.65,0.0276
2025-09-20 10:22:01+03:00,115719.64,115719.65,115719.64,115719.65,0.00722
2025-09-20 10:22:02+03:00,115719.64,115719.64,115719.64,115719.64,0.25305
2025-09-20 10:22:03+03:00,115719.64,115719.64,115719.64,115719.64,0.0
2025-09-20 10:22:04+03:00,115719.65,115719.65,115719.65,115719.65,0.00027
2025-09-20 10:22:05+03:00,115719.65,115719.65,115719.65,115719.65,0.0
2025-09-20 10:22:06+03:00,115719.64,115719.65,115719.64,115719.65,0.00015
2025-09-20 10:22:07+03:00,115719.65,115719.65,115719.64,115719.65,0.00094
2025-09-20 10:22:08+03:00,115719.64,115719.64,115719.64,115719.64,0.00223
2025-09-20 10:22:09+03:00,115719.65,115719.65,115719.65,115719.65,0.00087
2025-09-20 10:22:10+03:00,115719.64,115719.65,115719.64,115719.65,0.02182
2025-09-20 10:22:11+03:00,115719.65,115719.65,115719.65,115719.65,0.00022
2025-09-20 10:22:12+03:00,115719.65,115719.65,115719.64,115719.65,0.00295
2025-09-20 10:22:13+03:00,115719.65,115719.65,115719.64,115719.64,0.00347
2025-09-20 10:22:14+03:00,115719.64,115719.64,115719.64,115719.64,0.00827
2025-09-20 10:22:15+03:00,115719.65,115719.65,115719.65,115719.65,0.00142
2025-09-20 10:22:16+03:00,115719.64,115719.64,115719.64,115719.64,0.00311
2025-09-20 10:22:17+03:00,115719.64,115719.64,115719.64,115719.64,0.0
2025-09-20 10:22:18+03:00,115719.64,115719.64,115719.64,115719.64,0.0
2025-09-20 10:22:19+03:00,115719.65,115719.65,115719.64,115719.64,0.00145
2025-09-20 10:22:20+03:00,115719.64,115719.65,115719.64,115719.65,0.02035
2025-09-20 10:22:21+03:00,115719.65,115719.65,115719.64,115719.65,0.01084
2025-09-20 10:22:22+03:00,115719.64,115719.65,115719.64,115719.65,0.00215
2025-09-20 10:22:23+03:00,115719.64,115719.65,115719.64,115719.65,0.00462
2025-09-20 10:22:24+03:00,115719.64,115719.65,115719.64,115719.64,0.00444
2025-09-20 10:22:25+03:00,115719.64,115719.65,115719.64,115719.64,0.00328
2025-09-20 10:22:26+03:00,115719.64,115719.64,115719.64,115719.64,0.00012
2025-09-20 10:22:27+03:00,115719.64,115719.65,115719.64,115719.65,0.00735
2025-09-20 10:22:28+03:00,115719.65,115719.65,115719.65,115719.65,0.00323
2025-09-20 10:22:29+03:00,115719.64,115719.65,115719.64,115719.64,0.01093
2025-09-20 10:22:30+03:00,115719.64,115719.65,115719.64,115719.65,0.00106
2025-09-20 10:22:31+03:00,115719.64,115719.64,115719.64,115719.64,0.00017
2025-09-20 10:22:32+03:00,115719.64,115719.64,115719.64,115719.64,0.0
2025-09-20 10:22:33+03:00,115719.64,115719.64,115719.64,115719.64,0.0
2025-09-20 10:22:34+03:00,115719.64,115719.64,115719.64,115719.64,0.00218
2025-09-20 10:22:35+03:00,115719.65,115719.65,115719.64,115719.64,0.00088
2025-09-20 10:22:36+03:00,115719.65,115719.65,115719.65,115719.65,0.12478
2025-09-20 10:22:37+03:00,115719.65,115719.65,115719.65,115719.65,0.00087
2025-09-20 10:22:38+03:00,115719.65,115719.65,115719.65,115719.65,0.00248
2025-09-20 10:22:39+03:00,115719.64,115719.64,115719.64,115719.64,0.00051
2025-09-20 10:22:40+03:00,115719.65,115719.65,115719.64,115719.65,0.15292
2025-09-20 10:22:41+03:00,115719.65,115719.65,115719.65,115719.65,0.00669
2025-09-20 10:22:42+03:00,115719.65,115719.65,115719.65,115719.65,0.00044
2025-09-20 10:22:43+03:00,115719.64,115719.64,115719.64,115719.64,0.00864
2025-09-20 10:22:44+03:00,115719.64,115719.64,115719.64,115719.64,0.00073
2025-09-20 10:22:45+03:00,115719.64,115719.64,115719.64,115719.64,0.0
2025-09-20 10:22:46+03:00,115719.65,115719.65,115719.64,115719.65,0.00969
2025-09-20 10:22:47+03:00,115719.65,115719.65,115719.65,115719.65,0.0
2025-09-20 10:22:48+03:00,115719.64,115719.65,115719.64,115719.65,0.00286
2025-09-20 10:22:49+03:00,115719.64,115719.64,115719.64,115719.64,0.12596
2025-09-20 10:22:50+03:00,115719.64,115719.65,115719.64,115719.64,0.00267
2025-09-20 10:22:51+03:00,115719.65,115719.65,115719.65,115719.65,0.00061
2025-09-20 10:22:52+03:00,115719.65,115719.65,115719.65,115719.65,0.03145
2025-09-20 10:22:53+03:00,115719.65,115719.65,115719.65,115719.65,0.0
2025-09-20 10:22:54+03:00,115719.64,115719.64,115719.64,115719.64,0.01029
2025-09-20 10:22:55+03:00,115719.64,115719.64,115719.64,115719.64,0.00029
2025-09-20 10:22:56+03:00,115719.65,115719.65,115719.64,115719.64,0.01954
2025-09-20 10:22:57+03:00,115719.64,115719.65,115719.64,115719.65,0.00311
2025-09-20 10:22:58+03:00,115719.65,115719.65,115719.64,115719.64,0.00889
2025-09-20 10:22:59+03:00,115719.64,115719.65,115719.64,115719.65,0.00011
2025-09-20 10:23:00+03:00,115719.64,115719.65,115719.64,115719.65,0.01081
2025-09-20 10:23:01+03:00,115719.65,115719.65,115719.65,115719.65,0.00943
2025-09-20 10:23:02+03:00,115719.65,115719.65,115719.65,115719.65,0.00041
2025-09-20 10:23:03+03:00,115719.65,115725.25,115719.64,115725.25,0.1236
2025-09-20 10:23:04+03:00,115725.25,115725.25,115725.24,115725.24,0.00448
2025-09-20 10:23:05+03:00,115725.24,115725.24,115725.24,115725.24,0.00208
2025-09-20 10:23:06+03:00,115725.25,115725.25,115725.25,115725.25,0.00053
2025-09-20 10:23:07+03:00,115725.25,115725.25,115725.24,115725.24,0.00854
2025-09-20 10:23:08+03:00,115725.25,115725.25,115725.25,115725.25,0.00048
2025-09-20 10:23:09+03:00,115725.25,115725.25,115725.25,115725.25,0.00012
2025-09-20 10:23:10+03:00,115725.25,115725.25,115725.24,115725.24,0.02344
2025-09-20 10:23:11+03:00,115725.24,115725.25,115725.24,115725.25,0.02989
2025-09-20 10:23:12+03:00,115725.25,115725.25,115725.25,115725.25,0.0
2025-09-20 10:23:13+03:00,115725.25,115725.25,115725.25,115725.25,0.00037
2025-09-20 10:23:14+03:00,115725.25,115725.25,115725.25,115725.25,0.00012
2025-09-20 10:23:15+03:00,115725.25,115725.25,115725.25,115725.25,0.00033
2025-09-20 10:23:16+03:00,115725.24,115725.25,115725.24,115725.25,0.00486
2025-09-20 10:23:17+03:00,115725.24,115725.25,115725.24,115725.24,0.00307
2025-09-20 10:23:18+03:00,115725.25,115725.25,115725.25,115725.25,0.00012
2025-09-20 10:23:19+03:00,115725.24,115725.25,115725.24,115725.25,0.00092
2025-09-20 10:23:20+03:00,115725.24,115725.25,115725.24,115725.25,0.0007
2025-09-20 10:23:21+03:00,115725.24,115725.25,115725.24,115725.25,0.00544
2025-09-20 10:23:22+03:00,115725.24,115725.25,115725.24,115725.24,0.00542
2025-09-20 10:23:23+03:00,115725.24,115725.25,115725.24,115725.25,0.00517
2025-09-20 10:23:24+03:00,115725.25,115725.25,115725.24,115725.25,0.00135
2025-09-20 10:23:25+03:00,115725.24,115725.25,115725.24,115725.25,0.0005
2025-09-20 10:23:26+03:00,115725.25,115725.25,115725.25,115725.25,0.00038
2025-09-20 10:23:27+03:00,115725.25,115725.25,115725.24,115725.24,0.00259
2025-09-20 10:23:28+03:00,115725.24,115725.24,115725.24,115725.24,0.00029
2025-09-20 10:23:29+03:00,115725.25,115725.25,115725.25,115725.25,0.00024
2025-09-20 10:23:30+03:00,115725.25,115725.25,115725.25,115725.25,0.00194
2025-09-20 10:23:31+03:00,115725.25,115725.25,115725.25,115725.25,0.00346
2025-09-20 10:23:32+03:00,115725.24,115725.24,115725.24,115725.24,9e-05
2025-09-20 10:23:33+03:00,115725.25,115725.25,115725.24,115725.25,0.00097
2025-09-20 10:23:34+03:00,115725.24,115725.24,115725.24,115725.24,0.00442
2025-09-20 10:23:35+03:00,115725.25,115725.25,115725.25,115725.25,0.00018
2025-09-20 10:23:36+03:00,115725.24,115725.25,115725.24,115725.25,0.00166
2025-09-20 10:23:37+03:00,115725.24,115725.25,115725.24,115725.25,0.0015
2025-09-20 10:23:38+03:00,115725.25,115725.25,115725.24,115725.24,0.00082
2025-09-20 10:23:39+03:00,115725.25,115725.25,115725.24,115725.25,0.00186
2025-09-20 10:23:40+03:00,115725.24,115725.25,115725.24,115725.25,0.00444
2025-09-20 10:23:41+03:00,115725.24,115725.25,115725.24,115725.24,0.01756
2025-09-20 10:23:42+03:00,115725.25,115725.25,115725.25,115725.25,0.00739
2025-09-20 10:23:43+03:00,115725.25,115725.25,115725.25,115725.25,0.00131
2025-09-20 10:23:44+03:00,115725.25,115725.25,115725.25,115725.25,0.00012
2025-09-20 10:23:45+03:00,115725.25,115725.25,115725.25,115725.25,0.00039
2025-09-20 10:23:46+03:00,115725.25,115725.25,115725.25,115725.25,0.00695
2025-09-20 10:23:47+03:00,115725.24,115725.25,115725.24,115725.25,0.05513
2025-09-20 10:23:48+03:00,115725.25,115725.25,115725.25,115725.25,0.00026
2025-09-20 10:23:49+03:00,115725.24,115725.25,115725.24,115725.25,0.00063
2025-09-20 10:23:50+03:00,115725.25,115725.25,115725.25,115725.25,0.00012
2025-09-20 10:23:51+03:00,115725.25,115725.25,115725.25,115725.25,0.00061
2025-09-20 10:23:52+03:00,115725.25,115725.25,115725.24,115725.24,0.03522
2025-09-20 10:23:53+03:00,115725.24,115725.25,115725.24,115725.24,0.00996
2025-09-20 10:23:54+03:00,115725.25,115725.25,115725.24,115725.24,0.0004
2025-09-20 10:23:55+03:00,115725.25,115725.25,115725.25,115725.25,0.00058
2025-09-20 10:23:56+03:00,115725.24,115725.25,115725.24,115725.25,0.00079
2025-09-20 10:23:57+03:00,115725.25,115725.25,115725.25,115725.25,0.00116
2025-09-20 10:23:58+03:00,115725.25,115725.25,115725.24,115725.24,0.00023
2025-09-20 10:23:59+03:00,115725.25,115725.25,115725.24,115725.25,0.01303
2025-09-20 10:24:00+03:00,115725.25,115725.25,115725.24,115725.24,0.00443
2025-09-20 10:24:01+03:00,115725.25,115725.25,115725.24,115725.25,0.00124
2025-09-20 10:24:02+03:00,115725.24,115725.25,115725.24,115725.25,0.00096
2025-09-20 10:24:03+03:00,115725.25,115730.72,115725.25,115730.72,0.31488
2025-09-20 10:24:04+03:00,115730.71,115730.71,115730.71,115730.71,0.0009
2025-09-20 10:24:05+03:00,115730.71,115730.71,115730.71,115730.71,0.00077
2025-09-20 10:24:06+03:00,115730.71,115730.72,115730.71,115730.72,0.20672
2025-09-20 10:24:07+03:00,115730.71,115730.72,115730.71,115730.71,0.00044
2025-09-20 10:24:08+03:00,115730.71,115730.71,115730.71,115730.71,0.0003
2025-09-20 10:24:09+03:00,115730.72,115730.72,115730.72,115730.72,0.00051
2025-09-20 10:24:10+03:00,115730.72,115730.72,115730.72,115730.72,0.0
2025-09-20 10:24:11+03:00,115730.72,115730.72,115730.72,115730.72,7e-05
2025-09-20 10:24:12+03:00,115730.71,115730.71,115730.71,115730.71,0.00298
2025-09-20 10:24:13+03:00,115730.71,115730.71,115730.71,115730.71,7e-05
2025-09-20 10:24:14+03:00,115730.72,115730.72,115730.71,115730.71,0.00215
2025-09-20 10:24:15+03:00,115730.72,115730.72,115730.71,115730.71,0.00022
2025-09-20 10:24:16+03:00,115730.72,115730.72,115730.71,115730.72,0.00339
2025-09-20 10:24:17+03:00,115730.71,115730.71,115730.71,115730.71,0.00031
2025-09-20 10:24:18+03:00,115730.72,115730.72,115730.72,115730.72,0.05786
2025-09-20 10:24:19+03:00,115730.72,115736.5,115730.72,115736.5,0.75598
2025-09-20 10:24:20+03:00,115736.5,115736.5,115736.49,115736.49,0.00141
2025-09-20 10:24:21+03:00,115736.5,115736.5,115736.49,115736.5,0.002
2025-09-20 10:24:22+03:00,115736.5,115736.5,115736.49,115736.5,0.00778
2025-09-20 10:24:23+03:00,115736.49,115736.5,115736.49,115736.5,0.01113
2025-09-20 10:24:24+03:00,115736.5,115736.5,115736.5,115736.5,0.00019
2025-09-20 10:24:25+03:00,115736.5,115736.5,115736.5,115736.5,0.00019
2025-09-20 10:24:26+03:00,115736.5,115736.5,115736.49,115736.49,0.05745
2025-09-20 10:24:27+03:00,115736.5,115736.5,115736.5,115736.5,0.16831
2025-09-20 10:24:28+03:00,115736.49,115736.5,115736.49,115736.5,0.00214
2025-09-20 10:24:29+03:00,115736.49,115736.5,115736.49,115736.5,0.00408
2025-09-20 10:24:30+03:00,115736.49,115736.5,115736.49,115736.5,0.00114
2025-09-20 10:24:31+03:00,115736.5,115736.5,115736.5,115736.5,0.00133
2025-09-20 10:24:32+03:00,115736.49,115736.5,115736.49,115736.5,0.01242
2025-09-20 10:24:33+03:00,115736.49,115736.5,115736.49,115736.5,0.00094
2025-09-20 10:24:34+03:00,115736.5,115736.5,115736.5,115736.5,0.02731
2025-09-20 10:24:35+03:00,115736.5,115736.5,115736.49,115736.49,0.00256
2025-09-20 10:24:36+03:00,115736.5,115736.5,115736.5,115736.5,0.00062
2025-09-20 10:24:37+03:00,115736.5,115736.5,115736.49,115736.5,0.10019
2025-09-20 10:24:38+03:00,115736.49,115736.5,115736.49,115736.5,0.00067
2025-09-20 10:24:39+03:00,115736.5,115736.5,115736.49,115736.49,0.02524
2025-09-20 10:24:40+03:00,115736.5,115736.5,115736.5,115736.5,0.00038
2025-09-20 10:24:41+03:00,115736.5,115745.26,115736.49,115745.26,0.81932
2025-09-20 10:24:42+03:00,115745.27,115745.27,115745.26,115745.27,0.00083
2025-09-20 10:24:43+03:00,115745.27,115745.27,115745.27,115745.27,0.00038
2025-09-20 10:24:44+03:00,115745.26,115745.27,115745.26,115745.27,0.00123
2025-09-20 10:24:45+03:00,115745.26,115745.26,115745.26,115745.26,0.0422
2025-09-20 10:24:46+03:00,115745.27,115745.27,115745.26,115745.26,0.00344
2025-09-20 10:24:47+03:00,115745.27,115745.27,115745.27,115745.27,0.00409
2025-09-20 10:24:48+03:00,115745.26,115745.27,115745.26,115745.27,0.00235
2025-09-20 10:24:49+03:00,115745.27,115745.27,115745.26,115745.26,0.00698
2025-09-20 10:24:50+03:00,115745.27,115745.27,115745.26,115745.26,0.0025
2025-09-20 10:24:51+03:00,115745.27,115745.27,115745.27,115745.27,0.00158
2025-09-20 10:24:52+03:00,115745.26,115745.27,115745.26,115745.26,0.03964
2025-09-20 10:24:53+03:00,115745.26,115745.26,115745.26,115745.26,0.009
2025-09-20 10:24:54+03:00,115745.26,115745.26,115745.26,115745.26,8e-05
2025-09-20 10:24:55+03:00,115745.27,115745.27,115745.26,115745.27,0.02619
2025-09-20 10:24:56+03:00,115745.26,115745.26,115745.26,115745.26,0.00776
2025-09-20 10:24:57+03:00,115745.27,115745.27,115745.26,115745.26,0.00074
2025-09-20 10:24:58+03:00,115745.26,115745.27,115745.26,115745.27,0.00756
2025-09-20 10:24:59+03:00,115745.26,115745.26,115745.26,115745.26,0.00129
2025-09-20 10:25:00+03:00,115745.26,115745.26,115745.26,115745.26,0.00173
2025-09-20 10:25:01+03:00,115745.27,115745.27,115745.26,115745.27,0.00075
2025-09-20 10:25:02+03:00,115745.27,115745.27,115745.27,115745.27,0.00777
2025-09-20 10:25:03+03:00,115745.27,115745.27,115745.27,115745.27,0.0
2025-09-20 10:25:04+03:00,115745.26,115745.27,115745.26,115745.27,0.00747
2025-09-20 10:25:05+03:00,115745.26,115745.26,115745.26,115745.26,0.00459
2025-09-20 10:25:06+03:00,115745.26,115745.26,115745.26,115745.26,0.00322
2025-09-20 10:25:07+03:00,115745.26,115745.27,115745.26,115745.27,0.01141
2025-09-20 10:25:08+03:00,115745.26,115745.26,115745.26,115745.26,0.01758
2025-09-20 10:25:09+03:00,115745.26,115745.26,115745.26,115745.26,0.0
2025-09-20 10:25:10+03:00,115745.26,115745.26,115745.26,115745.26,0.0
2025-09-20 10:25:11+03:00,115745.26,115745.26,115745.26,115745.26,0.00026
2025-09-20 10:25:12+03:00,115745.26,115745.26,115745.26,115745.26,0.00309
2025-09-20 10:25:13+03:00,115745.27,115745.27,115745.26,115745.27,0.01324
2025-09-20 10:25:14+03:00,115745.27,115745.27,115745.27,115745.27,0.04322
2025-09-20 10:25:15+03:00,115745.26,115745.27,115745.26,115745.27,0.03867
2025-09-20 10:25:16+03:00,115745.26,115745.26,115745.26,115745.26,0.2161
2025-09-20 10:25:17+03:00,115745.27,115745.27,115745.23,115745.24,0.95562
2025-09-20 10:25:18+03:00,115745.24,115745.24,115745.24,115745.24,0.00063
2025-09-20 10:25:19+03:00,115745.23,115745.24,115745.23,115745.24,0.00085
2025-09-20 10:25:20+03:00,115745.24,115745.24,115745.23,115745.23,0.0199
2025-09-20 10:25:21+03:00,115745.23,115745.23,115745.23,115745.23,0.01635
2025-09-20 10:25:22+03:00,115745.24,115745.24,115745.23,115745.23,0.04354
2025-09-20 10:25:23+03:00,115745.24,115745.24,115745.24,115745.24,0.00191
2025-09-20 10:25:24+03:00,115745.23,115745.24,115745.23,115745.24,0.00023
2025-09-20 10:25:25+03:00,115745.23,115745.24,115745.23,115745.24,0.01488
2025-09-20 10:25:26+03:00,115745.24,115745.24,115745.24,115745.24,7e-05
2025-09-20 10:25:27+03:00,115745.24,115745.24,115745.24,115745.24,0.01517
2025-09-20 10:25:28+03:00,115745.23,115745.23,115745.23,115745.23,0.08628
2025-09-20 10:25:29+03:00,115745.23,115745.23,115737.45,115737.45,1.16905
2025-09-20 10:25:30+03:00,115737.46,115737.46,115737.45,115737.45,0.06111
2025-09-20 10:25:31+03:00,115737.46,115737.46,115737.45,115737.45,0.01407
2025-09-20 10:25:32+03:00,115737.45,115737.45,115737.45,115737.45,0.01358
2025-09-20 10:25:33+03:00,115737.46,115737.46,115737.46,115737.46,0.00376
2025-09-20 10:25:34+03:00,115737.46,115737.46,115737.46,115737.46,0.00043
2025-09-20 10:25:35+03:00,115737.46,115737.46,115737.46,115737.46,0.0
2025-09-20 10:25:36+03:00,115737.46,115737.46,115737.46,115737.46,0.08521
2025-09-20 10:25:37+03:00,115737.45,115737.46,115737.45,115737.45,0.00488
2025-09-20 10:25:38+03:00,115737.45,115737.45,115737.45,115737.45,0.12354
2025-09-20 10:25:39+03:00,115737.46,115737.46,115737.46,115737.46,0.00037
2025-09-20 10:25:40+03:00,115737.46,115737.46,115737.46,115737.46,0.0
2025-09-20 10:25:41+03:00,115737.46,115737.46,115737.46,115737.46,0.0
2025-09-20 10:25:42+03:00,115737.45,115737.46,115737.45,115737.46,0.01914
2025-09-20 10:25:43+03:00,115737.46,115737.46,115737.46,115737.46,0.0
2025-09-20 10:25:44+03:00,115737.45,115737.45,115737.45,115737.45,0.00042
2025-09-20 10:25:45+03:00,115737.46,115737.46,115737.46,115737.46,0.03019
2025-09-20 10:25:46+03:00,115737.46,115737.46,115737.46,115737.46,0.0
2025-09-20 10:25:47+03:00,115737.45,115737.45,115737.45,115737.45,0.00016
2025-09-20 10:25:48+03:00,115737.45,115737.45,115737.45,115737.45,0.0
2025-09-20 10:25:49+03:00,115737.46,115737.46,115737.46,115737.46,0.00216
2025-09-20 10:25:50+03:00,115737.46,115737.46,115737.46,115737.46,0.00233
2025-09-20 10:25:51+03:00,115737.46,115737.46,115737.46,115737.46,0.0013
2025-09-20 10:25:52+03:00,115737.46,115737.46,115737.46,115737.46,0.03151
2025-09-20 10:25:53+03:00,115737.45,115737.45,115737.45,115737.45,0.00129
2025-09-20 10:25:54+03:00,115737.45,115737.45,115737.45,115737.45,0.0
2025-09-20 10:25:55+03:00,115737.46,115737.46,115737.46,115737.46,5e-05
2025-09-20 10:25:56+03:00,115737.46,115737.46,115737.46,115737.46,0.00365
2025-09-20 10:25:57+03:00,115737.46,115737.46,115737.46,115737.46,0.0
2025-09-20 10:25:58+03:00,115737.45,115737.46,115737.45,115737.46,0.00388
2025-09-20 10:25:59+03:00,115737.46,115737.46,115737.46,115737.46,0.00045
2025-09-20 10:26:00+03:00,115737.46,115737.46,115737.45,115737.45,0.00089
2025-09-20 10:26:01+03:00,115737.46,115737.46,115737.46,115737.46,0.00021
2025-09-20 10:26:02+03:00,115737.46,115737.46,115737.46,115737.46,0.0
2025-09-20 10:26:03+03:00,115737.45,115737.46,115737.45,115737.46,0.00684
2025-09-20 10:26:04+03:00,115737.45,115737.45,115737.45,115737.45,0.00104
2025-09-20 10:26:05+03:00,115737.45,115737.45,115737.45,115737.45,0.0
2025-09-20 10:26:06+03:00,115737.45,115737.46,115737.45,115737.46,0.004
2025-09-20 10:26:07+03:00,115737.46,115737.46,115737.45,115737.45,0.00033
2025-09-20 10:26:08+03:00,115737.46,115737.46,115737.46,115737.46,0.00123
2025-09-20 10:26:09+03:00,115737.45,115737.45,115737.45,115737.45,0.02532
2025-09-20 10:26:10+03:00,115737.46,115737.46,115737.46,115737.46,0.00772
2025-09-20 10:26:11+03:00,115737.46,115737.46,115737.45,115737.45,0.00231
2025-09-20 10:26:12+03:00,115737.45,115737.46,115737.45,115737.45,0.04548
2025-09-20 10:26:13+03:00,115737.46,115737.46,115737.46,115737.46,0.0869
2025-09-20 10:26:14+03:00,115737.45,115737.46,115737.45,115737.46,0.00251
2025-09-20 10:26:15+03:00,115737.45,115737.46,115737.45,115737.46,0.03501
2025-09-20 10:26:16+03:00,115737.46,115737.46,115737.46,115737.46,0.00122
2025-09-20 10:26:17+03:00,115737.45,115737.45,115737.45,115737.45,0.00047
2025-09-20 10:26:18+03:00,115737.45,115737.45,115737.45,115737.45,0.00152
2025-09-20 10:26:19+03:00,115737.45,115737.46,115737.45,115737.45,0.01523
2025-09-20 10:26:20+03:00,115737.45,115737.46,115737.45,115737.46,0.00305
2025-09-20 10:26:21+03:00,115737.45,115737.46,115737.45,115737.46,0.00254
2025-09-20 10:26:22+03:00,115737.46,115737.46,115737.46,115737.46,0.00062
2025-09-20 10:26:23+03:00,115737.46,115737.46,115737.46,115737.46,0.0
2025-09-20 10:26:24+03:00,115737.46,115737.46,115737.46,115737.46,0.0
2025-09-20 10:26:25+03:00,115737.45,115737.45,115737.45,115737.45,0.00133
2025-09-20 10:26:26+03:00,115737.45,115737.46,115737.45,115737.46,0.03984
2025-09-20 10:26:27+03:00,115737.46,115737.46,115737.45,115737.45,0.00217
2025-09-20 10:26:28+03:00,115737.45,115737.45,115737.45,115737.45,8e-05
2025-09-20 10:26:29+03:00,115737.46,115737.46,115737.46,115737.46,5e-05
2025-09-20 10:26:30+03:00,115737.46,115737.46,115737.46,115737.46,0.00184
2025-09-20 10:26:31+03:00,115737.46,115737.46,115737.46,115737.46,0.0
2025-09-20 10:26:32+03:00,115737.45,115737.45,115737.45,115737.45,0.0051
2025-09-20 10:26:33+03:00,115737.46,115737.46,115737.45,115737.45,0.00933
2025-09-20 10:26:34+03:00,115737.45,115737.45,115737.45,115737.45,0.02475
2025-09-20 10:26:35+03:00,115737.45,115737.45,115737.45,115737.45,0.0024
2025-09-20 10:26:36+03:00,115737.46,115737.46,115737.45,115737.45,0.01133
2025-09-20 10:26:37+03:00,115737.46,115737.46,115737.45,115737.45,0.00159
2025-09-20 10:26:38+03:00,115737.45,115737.45,115737.45,115737.45,0.0
2025-09-20 10:26:39+03:00,115737.45,115737.46,115737.45,115737.45,0.00302
2025-09-20 10:26:40+03:00,115737.46,115737.46,115737.46,115737.46,0.00063
2025-09-20 10:26:41+03:00,115737.45,115737.45,115737.45,115737.45,8e-05
2025-09-20 10:26:42+03:00,115737.45,115737.46,115737.45,115737.46,0.00162
2025-09-20 10:26:43+03:00,115737.46,115737.46,115737.46,115737.46,0.0
2025-09-20 10:26:44+03:00,115737.46,115737.46,115737.46,115737.46,0.0
2025-09-20 10:26:45+03:00,115737.45,115737.45,115737.45,115737.45,0.00044
2025-09-20 10:26:46+03:00,115737.46,115737.46,115737.46,115737.46,0.00219
2025-09-20 10:26:47+03:00,115737.46,115737.46,115737.46,115737.46,0.00359
2025-09-20 10:26:48+03:00,115737.45,115737.45,115737.45,115737.45,0.0013
2025-09-20 10:26:49+03:00,115737.46,115737.46,115737.45,115737.46,0.01189
2025-09-20 10:26:50+03:00,115737.45,115737.46,115737.45,115737.46,0.00583
2025-09-20 10:26:51+03:00,115737.46,115737.46,115737.46,115737.46,0.0
2025-09-20 10:26:52+03:00,115737.46,115737.46,115737.45,115737.45,0.04591
2025-09-20 10:26:53+03:00,115737.46,115737.46,115737.45,115737.46,0.00191
2025-09-20 10:26:54+03:00,115737.45,115737.45,115737.45,115737.45,0.00167
2025-09-20 10:26:55+03:00,115737.45,115737.45,115737.45,115737.45,0.00885
2025-09-20 10:26:56+03:00,115737.45,115737.46,115737.45,115737.46,0.00163
2025-09-20 10:26:57+03:00,115737.45,115737.45,115737.45,115737.45,0.0014
2025-09-20 10:26:58+03:00,115737.46,115737.46,115737.45,115737.45,0.0017
2025-09-20 10:26:59+03:00,115737.45,115737.46,115737.45,115737.46,0.00015
2025-09-20 10:27:00+03:00,115737.46,115737.46,115737.46,115737.46,0.00388
2025-09-20 10:27:01+03:00,115737.46,115737.46,115737.46,115737.46,0.0011
2025-09-20 10:27:02+03:00,115737.46,115737.46,115737.45,115737.46,0.00808
2025-09-20 10:27:03+03:00,115737.45,115737.46,115737.45,115737.45,0.00631
2025-09-20 10:27:04+03:00,115737.45,115737.46,115737.45,115737.46,0.00363
2025-09-20 10:27:05+03:00,115737.46,115737.46,115737.46,115737.46,0.00014
2025-09-20 10:27:06+03:00,115737.45,115737.45,115737.45,115737.45,0.00025
2025-09-20 10:27:07+03:00,115737.45,115737.45,115737.45,115737.45,0.0
2025-09-20 10:27:08+03:00,115737.46,115737.46,115737.45,115737.45,0.00622
2025-09-20 10:27:09+03:00,115737.45,115737.45,115737.45,115737.45,0.0001
2025-09-20 10:27:10+03:00,115737.45,115737.46,115737.45,115737.46,0.0107
2025-09-20 10:27:11+03:00,115737.46,115737.46,115737.46,115737.46,0.0
2025-09-20 10:27:12+03:00,115737.45,115737.45,115737.45,115737.45,0.00276
2025-09-20 10:27:13+03:00,115737.46,115737.46,115737.45,115737.45,0.0259
2025-09-20 10:27:14+03:00,115737.45,115737.46,115737.45,115737.45,0.01924
2025-09-20 10:27:15+03:00,115737.45,115737.45,115737.45,115737.45,5e-05
2025-09-20 10:27:16+03:00,115737.46,115737.46,115737.45,115737.46,0.05196
2025-09-20 10:27:17+03:00,115737.45,115737.45,115737.45,115737.45,0.0086
2025-09-20 10:27:18+03:00,115737.45,115737.45,115737.45,115737.45,0.00082
2025-09-20 10:27:19+03:00,115737.46,115737.46,115737.45,115737.45,0.00072
2025-09-20 10:27:20+03:00,115737.45,115737.45,115737.45,115737.45,0.0
2025-09-20 10:27:21+03:00,115737.46,115737.46,115737.46,115737.46,0.00011
2025-09-20 10:27:22+03:00,115737.45,115737.46,115737.45,115737.46,0.00336
2025-09-20 10:27:23+03:00,115737.46,115737.46,115737.46,115737.46,0.0
2025-09-20 10:27:24+03:00,115737.45,115737.46,115737.45,115737.46,0.00038
2025-09-20 10:27:25+03:00,115737.45,115737.46,115737.45,115737.45,0.00352
2025-09-20 10:27:26+03:00,115737.46,115737.46,115737.46,115737.46,7e-05
2025-09-20 10:27:27+03:00,115737.46,115737.46,115737.45,115737.45,0.00898
2025-09-20 10:27:28+03:00,115737.45,115737.45,115737.45,115737.45,0.01717
2025-09-20 10:27:29+03:00,115737.46,115737.46,115737.45,115737.46,0.00404
2025-09-20 10:27:30+03:00,115737.46,115737.46,115737.45,115737.46,0.0017
2025-09-20 10:27:31+03:00,115737.45,115737.45,115737.45,115737.45,0.01214
2025-09-20 10:27:32+03:00,115737.45,115737.46,115737.45,115737.46,0.00436
2025-09-20 10:27:33+03:00,115737.46,115737.46,115737.46,115737.46,0.00917
2025-09-20 10:27:34+03:00,115737.46,115737.46,115737.46,115737.46,0.0
2025-09-20 10:27:35+03:00,115737.46,115737.46,115737.46,115737.46,6e-05
2025-09-20 10:27:36+03:00,115737.46,115737.46,115737.46,115737.46,0.00379
2025-09-20 10:27:37+03:00,115737.46,115737.46,115737.46,115737.46,0.01
2025-09-20 10:27:38+03:00,115737.46,115737.46,115737.45,115737.46,0.00377
2025-09-20 10:27:39+03:00,115737.46,115737.46,115737.45,115737.45,0.00024
2025-09-20 10:27:40+03:00,115737.46,115737.46,115737.45,115737.46,0.01851
2025-09-20 10:27:41+03:00,115737.45,115737.45,115737.45,115737.45,0.00259
2025-09-20 10:27:42+03:00,115737.46,115737.46,115737.45,115737.45,0.00918
2025-09-20 10:27:43+03:00,115737.46,115737.46,115737.45,115737.45,0.05726
2025-09-20 10:27:44+03:00,115737.46,115737.46,115737.46,115737.46,0.00086
2025-09-20 10:27:45+03:00,115737.45,115737.45,115737.45,115737.45,0.00067
2025-09-20 10:27:46+03:00,115737.46,115737.46,115737.46,115737.46,0.00056
2025-09-20 10:27:47+03:00,115737.45,115737.45,115737.45,115737.45,0.00763
2025-09-20 10:27:48+03:00,115737.46,115737.46,115737.45,115737.45,0.01316
2025-09-20 10:27:49+03:00,115737.46,115737.46,115737.46,115737.46,0.00138
2025-09-20 10:27:50+03:00,115737.46,115737.46,115737.46,115737.46,0.00869
2025-09-20 10:27:51+03:00,115737.46,115737.46,115737.46,115737.46,0.0
2025-09-20 10:27:52+03:00,115737.46,115737.46,115737.45,115737.45,0.03589
2025-09-20 10:27:53+03:00,115737.46,115737.46,115737.45,115737.45,0.00072
2025-09-20 10:27:54+03:00,115737.46,115737.46,115737.46,115737.46,0.00267
2025-09-20 10:27:55+03:00,115737.46,115737.46,115737.46,115737.46,0.0
2025-09-20 10:27:56+03:00,115737.45,115737.45,115737.45,115737.45,0.02027
2025-09-20 10:27:57+03:00,115737.45,115737.46,115737.45,115737.45,0.02066
2025-09-20 10:27:58+03:00,115737.45,115737.45,115737.45,115737.45,0.0
2025-09-20 10:27:59+03:00,115737.45,115737.46,115737.45,115737.46,0.02572
2025-09-20 10:28:00+03:00,115737.45,115737.45,115737.45,115737.45,0.00855
2025-09-20 10:28:01+03:00,115737.45,115737.45,115737.45,115737.45,0.00064
2025-09-20 10:28:02+03:00,115737.45,115737.45,115737.45,115737.45,0.0
2025-09-20 10:28:03+03:00,115737.45,115737.45,115737.45,115737.45,0.0
2025-09-20 10:28:04+03:00,115737.46,115737.46,115737.46,115737.46,0.00104
2025-09-20 10:28:05+03:00,115737.45,115737.45,115737.45,115737.45,8e-05
2025-09-20 10:28:06+03:00,115737.46,115737.46,115737.45,115737.45,0.0037
2025-09-20 10:28:07+03:00,115737.45,115737.45,115737.45,115737.45,0.0
2025-09-20 10:28:08+03:00,115737.45,115737.45,115737.45,115737.45,0.00082
2025-09-20 10:28:09+03:00,115737.45,115737.45,115737.45,115737.45,0.00029
2025-09-20 10:28:10+03:00,115737.46,115737.46,115737.46,115737.46,0.0005
2025-09-20 10:28:11+03:00,115737.46,115737.46,115737.46,115737.46,0.0
2025-09-20 10:28:12+03:00,115737.46,115737.46,115737.45,115737.45,0.00031
2025-09-20 10:28:13+03:00,115737.45,115737.45,115737.45,115737.45,0.00276
2025-09-20 10:28:14+03:00,115737.45,115737.46,115737.45,115737.46,0.01437
2025-09-20 10:28:15+03:00,115737.45,115737.45,115737.45,115737.45,5e-05
2025-09-20 10:28:16+03:00,115737.46,115737.46,115737.46,115737.46,0.00383
2025-09-20 10:28:17+03:00,115737.46,115737.46,115737.46,115737.46,0.0
2025-09-20 10:28:18+03:00,115737.45,115737.45,115737.45,115737.45,0.00993
2025-09-20 10:28:19+03:00,115737.46,115737.46,115737.45,115737.46,0.00353
2025-09-20 10:28:20+03:00,115737.46,115737.46,115737.45,115737.46,0.00327
2025-09-20 10:28:21+03:00,115737.46,115737.46,115737.46,115737.46,0.019
2025-09-20 10:28:22+03:00,115737.45,115737.46,115737.45,115737.46,0.0037
2025-09-20 10:28:23+03:00,115737.45,115737.45,115737.45,115737.45,0.00026
2025-09-20 10:28:24+03:00,115737.46,115737.46,115737.46,115737.46,0.00015
2025-09-20 10:28:25+03:00,115737.46,115737.46,115737.46,115737.46,0.00284
2025-09-20 10:28:26+03:00,115737.46,115737.46,115737.46,115737.46,0.00219
2025-09-20 10:28:27+03:00,115737.46,115737.46,115737.45,115737.45,0.00116
2025-09-20 10:28:28+03:00,115737.46,115737.46,115737.46,115737.46,0.00032
2025-09-20 10:28:29+03:00,115737.45,115737.45,115737.45,115737.45,0.01978
2025-09-20 10:28:30+03:00,115737.45,115737.45,115737.45,115737.45,0.0
2025-09-20 10:28:31+03:00,115737.45,115737.45,115737.45,115737.45,0.0
2025-09-20 10:28:32+03:00,115737.45,115737.46,115737.45,115737.46,0.00022
2025-09-20 10:28:33+03:00,115737.45,115737.45,115737.45,115737.45,0.00078
2025-09-20 10:28:34+03:00,115737.46,115737.46,115737.46,115737.46,0.00422
2025-09-20 10:28:35+03:00,115737.46,115737.46,115737.46,115737.46,0.0
2025-09-20 10:28:36+03:00,115737.46,115737.46,115737.46,115737.46,5e-05
2025-09-20 10:28:37+03:00,115737.46,115737.46,115737.46,115737.46,0.0001
2025-09-20 10:28:38+03:00,115737.45,115737.46,115737.45,115737.46,0.40183
2025-09-20 10:28:39+03:00,115737.46,115737.46,115737.46,115737.46,0.00026
2025-09-20 10:28:40+03:00,115737.46,115737.46,115737.46,115737.46,0.0002
2025-09-20 10:28:41+03:00,115737.46,115737.46,115737.46,115737.46,0.00389
2025-09-20 10:28:42+03:00,115737.45,115737.46,115737.45,115737.46,0.00091
2025-09-20 10:28:43+03:00,115737.46,115737.46,115737.46,115737.46,0.00166
2025-09-20 10:28:44+03:00,115737.46,115737.46,115737.46,115737.46,0.00509
2025-09-20 10:28:45+03:00,115737.46,115737.46,115737.46,115737.46,0.00074
2025-09-20 10:28:46+03:00,115737.46,115737.46,115737.46,115737.46,0.00201
2025-09-20 10:28:47+03:00,115737.46,115737.46,115737.46,115737.46,0.00668
2025-09-20 10:28:48+03:00,115737.45,115737.45,115737.45,115737.45,0.00145
2025-09-20 10:28:49+03:00,115737.45,115737.46,115737.45,115737.45,0.00051
2025-09-20 10:28:50+03:00,115737.46,115737.46,115737.46,115737.46,0.00298
2025-09-20 10:28:51+03:00,115737.46,115737.46,115737.45,115737.45,0.00045
2025-09-20 10:28:52+03:00,115737.46,115737.46,115737.45,115737.45,0.03598
2025-09-20 10:28:53+03:00,115737.45,115737.45,115737.45,115737.45,0.07234
2025-09-20 10:28:54+03:00,115737.45,115737.46,115737.45,115737.46,0.00186
2025-09-20 10:28:55+03:00,115737.46,115737.46,115737.46,115737.46,0.0
2025-09-20 10:28:56+03:00,115737.46,115737.46,115737.46,115737.46,0.00661
2025-09-20 10:28:57+03:00,115737.46,115737.46,115737.45,115737.45,0.00069
2025-09-20 10:28:58+03:00,115737.45,115737.45,115737.45,115737.45,0.04661
2025-09-20 10:28:59+03:00,115737.46,115737.46,115737.45,115737.45,0.00048
2025-09-20 10:29:00+03:00,115737.46,115737.46,115737.46,115737.46,0.00249
2025-09-20 10:29:01+03:00,115737.45,115737.45,115737.45,115737.45,5e-05
2025-09-20 10:29:02+03:00,115737.46,115737.46,115737.45,115737.46,0.00769
2025-09-20 10:29:03+03:00,115737.45,115737.46,115737.45,115737.46,0.00217
2025-09-20 10:29:04+03:00,115737.45,115737.45,115737.45,115737.45,0.00224
2025-09-20 10:29:05+03:00,115737.45,115737.45,115737.45,115737.45,0.0
2025-09-20 10:29:06+03:00,115737.46,115737.46,115737.46,115737.46,0.00019
2025-09-20 10:29:07+03:00,115737.45,115737.46,115737.45,115737.45,0.01231
2025-09-20 10:29:08+03:00,115737.45,115737.45,115737.45,115737.45,0.00021
2025-09-20 10:29:09+03:00,115737.45,115737.45,115737.45,115737.45,0.00728
2025-09-20 10:29:10+03:00,115737.45,115737.45,115737.45,115737.45,0.0
2025-09-20 10:29:11+03:00,115737.45,115737.45,115737.45,115737.45,0.0
2025-09-20 10:29:12+03:00,115737.46,115737.46,115737.46,115737.46,0.00051
2025-09-20 10:29:13+03:00,115737.46,115737.46,115737.46,115737.46,0.00032
2025-09-20 10:29:14+03:00,115737.46,115737.46,115737.46,115737.46,0.00079
2025-09-20 10:29:15+03:00,115737.45,115737.46,115737.45,115737.46,0.01736
2025-09-20 10:29:16+03:00,115737.46,115737.46,115737.46,115737.46,0.0
2025-09-20 10:29:17+03:00,115737.45,115737.46,115737.45,115737.45,0.0056
2025-09-20 10:29:18+03:00,115737.46,115737.46,115737.46,115737.46,0.00025
2025-09-20 10:29:19+03:00,115737.46,115737.46,115737.45,115737.46,0.00889
2025-09-20 10:29:20+03:00,115737.46,115737.46,115737.46,115737.46,0.0
2025-09-20 10:29:21+03:00,115737.45,115737.45,115737.45,115737.45,0.00231
2025-09-20 10:29:22+03:00,115737.45,115737.45,115737.45,115737.45,0.00096
2025-09-20 10:29:23+03:00,115737.46,115737.46,115737.46,115737.46,0.00025
2025-09-20 10:29:24+03:00,115737.46,115737.46,115737.46,115737.46,6e-05
2025-09-20 10:29:25+03:00,115737.45,115737.45,115737.45,115737.45,0.00045
2025-09-20 10:29:26+03:00,115737.46,115737.46,115737.46,115737.46,0.00079
2025-09-20 10:29:27+03:00,115737.46,115737.46,115737.45,115737.45,0.00287
2025-09-20 10:29:28+03:00,115737.46,115737.46,115737.45,115737.45,0.00943
2025-09-20 10:29:29+03:00,115737.46,115737.46,115737.45,115737.45,0.08123
2025-09-20 10:29:30+03:00,115737.45,115737.45,115737.45,115737.45,0.0
2025-09-20 10:29:31+03:00,115737.46,115737.46,115737.45,115737.46,0.00877
2025-09-20 10:29:32+03:00,115737.46,115737.46,115737.46,115737.46,0.0
2025-09-20 10:29:33+03:00,115737.46,115737.46,115737.45,115737.45,0.00751
2025-09-20 10:29:34+03:00,115737.46,115737.46,115737.46,115737.46,0.00066
2025-09-20 10:29:35+03:00,115737.45,115737.46,115737.45,115737.46,0.00168
2025-09-20 10:29:36+03:00,115737.46,115737.46,115737.46,115737.46,0.0
2025-09-20 10:29:37+03:00,115737.45,115737.45,115737.45,115737.45,6e-05
2025-09-20 10:29:38+03:00,115737.46,115737.46,115737.45,115737.46,0.0541
2025-09-20 10:29:39+03:00,115737.46,115737.46,115737.45,115737.46,0.02543
2025-09-20 10:29:40+03:00,115737.46,115737.46,115737.45,115737.45,0.0868
2025-09-20 10:29:41+03:00,115737.45,115737.45,115737.45,115737.45,0.0
2025-09-20 10:29:42+03:00,115737.46,115737.46,115737.46,115737.46,0.00151
2025-09-20 10:29:43+03:00,115737.45,115737.45,115737.45,115737.45,0.00019
2025-09-20 10:29:44+03:00,115737.46,115737.46,115737.45,115737.45,0.00179
2025-09-20 10:29:45+03:00,115737.46,115737.46,115737.46,115737.46,0.00088
2025-09-20 10:29:46+03:00,115737.46,115737.46,115737.46,115737.46,0.00897
2025-09-20 10:29:47+03:00,115737.46,115737.46,115737.46,115737.46,0.0001
2025-09-20 10:29:48+03:00,115737.46,115737.46,115737.46,115737.46,0.08841
2025-09-20 10:29:49+03:00,115737.46,115737.46,115737.46,115737.46,0.0
2025-09-20 10:29:50+03:00,115737.46,115737.46,115737.45,115737.45,0.00307
2025-09-20 10:29:51+03:00,115737.45,115737.46,115737.45,115737.46,0.00683
2025-09-20 10:29:52+03:00,115737.46,115737.46,115737.45,115737.45,0.03217
2025-09-20 10:29:53+03:00,115737.46,115737.46,115737.46,115737.46,0.00197
2025-09-20 10:29:54+03:00,115737.46,115737.46,115737.46,115737.46,0.00045
2025-09-20 10:29:55+03:00,115737.46,115737.46,115737.46,115737.46,0.00028
2025-09-20 10:29:56+03:00,115737.45,115737.46,115737.45,115737.46,0.0006
2025-09-20 10:29:57+03:00,115737.45,115737.45,115737.45,115737.45,0.03446
2025-09-20 10:29:58+03:00,115737.45,115737.46,115737.45,115737.46,0.00776
2025-09-20 10:29:59+03:00,115737.46,115737.46,115737.46,115737.46,5e-05
2025-09-20 10:30:00+03:00,115737.45,115737.46,115737.45,115737.45,0.01906
2025-09-20 10:30:01+03:00,115737.45,115737.46,115737.45,115737.46,0.02304
2025-09-20 10:30:02+03:00,115737.45,115737.45,115737.45,115737.45,0.01045
2025-09-20 10:30:03+03:00,115737.46,115737.46,115737.46,115737.46,0.00186
2025-09-20 10:30:04+03:00,115737.46,115737.46,115737.45,115737.45,0.18158
2025-09-20 10:30:05+03:00,115737.45,115737.45,115737.45,115737.45,0.00212
2025-09-20 10:30:06+03:00,115737.45,115737.45,115737.45,115737.45,0.00614
2025-09-20 10:30:07+03:00,115737.45,115737.46,115737.45,115737.45,0.00063
2025-09-20 10:30:08+03:00,115737.46,115737.46,115737.45,115737.45,0.0137
2025-09-20 10:30:09+03:00,115737.45,115737.46,115737.45,115737.45,0.00297
2025-09-20 10:30:10+03:00,115737.46,115737.46,115737.45,115737.45,0.00933
2025-09-20 10:30:11+03:00,115737.45,115737.45,115737.45,115737.45,0.0127
2025-09-20 10:30:12+03:00,115737.45,115737.45,115737.45,115737.45,0.00043
2025-09-20 10:30:13+03:00,115737.45,115737.46,115737.45,115737.45,0.00202
2025-09-20 10:30:14+03:00,115737.45,115737.45,115737.45,115737.45,0.00046
2025-09-20 10:30:15+03:00,115737.45,115737.46,115737.45,115737.45,0.00049
2025-09-20 10:30:16+03:00,115737.45,115737.46,115737.45,115737.45,0.00102
2025-09-20 10:30:17+03:00,115737.46,115737.46,115737.45,115737.45,0.00147
2025-09-20 10:30:18+03:00,115737.45,115737.45,115737.45,115737.45,0.00044
2025-09-20 10:30:19+03:00,115737.46,115737.46,115737.45,115737.45,0.00977
2025-09-20 10:30:20+03:00,115737.45,115737.45,115737.45,115737.45,0.00368
2025-09-20 10:30:21+03:00,115737.45,115737.46,115737.45,115737.45,0.00703
2025-09-20 10:30:22+03:00,115737.46,115737.46,115737.45,115737.45,0.00156
2025-09-20 10:30:23+03:00,115737.45,115737.46,115737.45,115737.45,0.00607
2025-09-20 10:30:24+03:00,115737.45,115737.45,115737.45,115737.45,0.00221
2025-09-20 10:30:25+03:00,115737.46,115737.46,115737.45,115737.45,0.01044
2025-09-20 10:30:26+03:00,115737.45,115737.46,115737.45,115737.45,0.00315
2025-09-20 10:30:27+03:00,115737.45,115737.46,115737.45,115737.46,0.00193
2025-09-20 10:30:28+03:00,115737.45,115737.45,115737.45,115737.45,0.00247
2025-09-20 10:30:29+03:00,115737.46,115737.46,115737.45,115737.45,0.21056
2025-09-20 10:30:30+03:00,115737.45,115737.46,115737.45,115737.45,0.00423
2025-09-20 10:30:31+03:00,115737.46,115737.46,115737.45,115737.45,0.00916
2025-09-20 10:30:32+03:00,115737.45,115737.46,115737.45,115737.45,0.01923
2025-09-20 10:30:33+03:00,115737.45,115737.46,115737.45,115737.45,0.00111
2025-09-20 10:30:34+03:00,115737.45,115737.46,115737.45,115737.45,0.00076
2025-09-20 10:30:35+03:00,115737.45,115737.46,115737.45,115737.45,0.00307
2025-09-20 10:30:36+03:00,115737.45,115737.46,115737.45,115737.45,0.0035
2025-09-20 10:30:37+03:00,115737.46,115737.46,115737.45,115737.45,0.01425
2025-09-20 10:30:38+03:00,115737.46,115737.46,115737.45,115737.45,0.01029
2025-09-20 10:30:39+03:00,115737.45,115737.45,115737.45,115737.45,0.00043
2025-09-20 10:30:40+03:00,115737.45,115737.46,115737.45,115737.46,0.00615
2025-09-20 10:30:41+03:00,115737.46,115737.46,115737.45,115737.46,0.10168
2025-09-20 10:30:42+03:00,115737.46,115737.46,115737.45,115737.46,0.01256
2025-09-20 10:30:43+03:00,115737.45,115737.46,115737.45,115737.45,0.01197
2025-09-20 10:30:44+03:00,115737.45,115737.45,115737.45,115737.45,0.00016
2025-09-20 10:30:45+03:00,115737.45,115737.45,115737.45,115737.45,0.00078
2025-09-20 10:30:46+03:00,115737.46,115737.46,115737.45,115737.45,0.00133
2025-09-20 10:30:47+03:00,115737.45,115737.45,115737.45,115737.45,0.00072
2025-09-20 10:30:48+03:00,115737.45,115737.45,115737.45,115737.45,0.00247
2025-09-20 10:30:49+03:00,115737.45,115737.46,115737.45,115737.45,0.11147
2025-09-20 10:30:50+03:00,115737.46,115737.46,115737.45,115737.45,0.00327
2025-09-20 10:30:51+03:00,115737.45,115737.45,115737.45,115737.45,0.00129
2025-09-20 10:30:52+03:00,115737.45,115737.46,115737.45,115737.46,0.03441
2025-09-20 10:30:53+03:00,115737.46,115737.46,115737.45,115737.45,0.00408
2025-09-20 10:30:54+03:00,115737.46,115737.46,115737.45,115737.45,0.01136
2025-09-20 10:30:55+03:00,115737.45,115737.46,115737.45,115737.46,0.00047
2025-09-20 10:30:56+03:00,115737.45,115737.45,115737.45,115737.45,0.00092
2025-09-20 10:30:57+03:00,115737.45,115737.45,115737.45,115737.45,0.00029
2025-09-20 10:30:58+03:00,115737.45,115737.45,115737.45,115737.45,0.00029
2025-09-20 10:30:59+03:00,115737.45,115737.45,115737.45,115737.45,0.00075
2025-09-20 10:31:00+03:00,115737.46,115737.46,115737.45,115737.46,0.16244
2025-09-20 10:31:01+03:00,115737.45,115737.46,115737.45,115737.45,0.01967
2025-09-20 10:31:02+03:00,115737.45,115737.46,115737.45,115737.45,0.00315
2025-09-20 10:31:03+03:00,115737.45,115737.46,115737.45,115737.46,0.01219
2025-09-20 10:31:04+03:00,115737.46,115737.46,115737.45,115737.45,0.00045
2025-09-20 10:31:05+03:00,115737.45,115737.45,115737.45,115737.45,0.00082
2025-09-20 10:31:06+03:00,115737.45,115737.46,115737.45,115737.45,0.00199
2025-09-20 10:31:07+03:00,115737.45,115737.45,115737.45,115737.45,0.00445
2025-09-20 10:31:08+03:00,115737.45,115737.45,115737.45,115737.45,0.0
2025-09-20 10:31:09+03:00,115737.45,115737.45,115737.45,115737.45,0.00857
2025-09-20 10:31:10+03:00,115737.45,115737.46,115737.45,115737.45,0.00109
2025-09-20 10:31:11+03:00,115737.45,115737.46,115737.45,115737.46,0.00041
2025-09-20 10:31:12+03:00,115737.45,115737.46,115737.45,115737.46,0.00641
2025-09-20 10:31:13+03:00,115737.45,115737.46,115737.45,115737.46,0.01234
2025-09-20 10:31:14+03:00,115737.45,115737.46,115737.45,115737.45,0.00857
2025-09-20 10:31:15+03:00,115737.46,115737.46,115737.45,115737.45,0.00961
2025-09-20 10:31:16+03:00,115737.45,115737.46,115737.45,115737.45,0.00212
2025-09-20 10:31:17+03:00,115737.45,115737.46,115737.45,115737.46,0.00889
2025-09-20 10:31:18+03:00,115737.45,115737.45,115737.45,115737.45,0.00149
2025-09-20 10:31:19+03:00,115737.45,115737.46,115737.45,115737.45,0.00086
2025-09-20 10:31:20+03:00,115737.45,115737.45,115737.45,115737.45,0.00058
2025-09-20 10:31:21+03:00,115737.45,115737.45,115737.45,115737.45,0.00062
2025-09-20 10:31:22+03:00,115737.45,115737.46,115737.45,115737.45,0.0206
2025-09-20 10:31:23+03:00,115737.45,115737.45,115737.45,115737.45,0.0004
2025-09-20 10:31:24+03:00,115737.45,115737.45,115737.45,115737.45,0.00025
2025-09-20 10:31:25+03:00,115737.45,115737.45,115737.45,115737.45,0.0007
2025-09-20 10:31:26+03:00,115737.45,115737.46,115737.45,115737.46,0.01793
2025-09-20 10:31:27+03:00,115737.45,115737.46,115737.45,115737.46,0.00922
2025-09-20 10:31:28+03:00,115737.45,115737.45,115737.45,115737.45,0.00056
2025-09-20 10:31:29+03:00,115737.45,115737.46,115737.45,115737.45,0.03484
2025-09-20 10:31:30+03:00,115737.45,115737.45,115737.45,115737.45,0.00051
2025-09-20 10:31:31+03:00,115737.45,115737.46,115737.45,115737.45,0.00257
2025-09-20 10:31:32+03:00,115737.45,115737.45,115737.45,115737.45,0.00875
2025-09-20 10:31:33+03:00,115737.45,115737.45,115737.45,115737.45,0.00846
2025-09-20 10:31:34+03:00,115737.45,115737.46,115737.45,115737.45,0.01075
2025-09-20 10:31:35+03:00,115737.45,115737.45,115737.45,115737.45,0.00042
2025-09-20 10:31:36+03:00,115737.45,115737.45,115737.45,115737.45,0.00092
2025-09-20 10:31:37+03:00,115737.45,115737.46,115737.45,115737.45,0.0098
2025-09-20 10:31:38+03:00,115737.45,115737.45,115737.45,115737.45,0.00043
2025-09-20 10:31:39+03:00,115737.45,115737.45,115737.45,115737.45,0.0045
2025-09-20 10:31:40+03:00,115737.45,115737.45,115737.45,115737.45,0.00019
2025-09-20 10:31:41+03:00,115737.45,115737.45,115737.45,115737.45,0.00275
2025-09-20 10:31:42+03:00,115737.45,115737.45,115737.45,115737.45,0.00163
2025-09-20 10:31:43+03:00,115737.45,115737.46,115737.45,115737.45,0.15222
2025-09-20 10:31:44+03:00,115737.45,115737.46,115737.45,115737.45,0.00748
2025-09-20 10:31:45+03:00,115737.46,115737.46,115737.45,115737.45,0.01095
2025-09-20 10:31:46+03:00,115737.46,115737.46,115737.45,115737.45,0.00108
2025-09-20 10:31:47+03:00,115737.45,115737.45,115737.45,115737.45,0.00043
2025-09-20 10:31:48+03:00,115737.45,115737.45,115737.45,115737.45,0.00053
2025-09-20 10:31:49+03:00,115737.46,115737.46,115737.45,115737.45,0.00056
2025-09-20 10:31:50+03:00,115737.46,115737.46,115737.45,115737.45,0.00068
2025-09-20 10:31:51+03:00,115737.46,115737.46,115737.45,115737.45,0.00059
2025-09-20 10:31:52+03:00,115737.45,115737.46,115737.45,115737.45,0.03249
2025-09-20 10:31:53+03:00,115737.45,115737.45,115737.45,115737.45,0.00128
2025-09-20 10:31:54+03:00,115737.46,115737.46,115737.45,115737.46,0.01171
2025-09-20 10:31:55+03:00,115737.45,115737.46,115737.45,115737.45,0.01705
2025-09-20 10:31:56+03:00,115737.45,115737.46,115737.45,115737.45,0.00872
2025-09-20 10:31:57+03:00,115737.45,115737.45,115737.45,115737.45,0.0005
2025-09-20 10:31:58+03:00,115737.45,115737.46,115737.45,115737.45,0.00059
2025-09-20 10:31:59+03:00,115737.45,115737.45,115737.45,115737.45,0.00137
2025-09-20 10:32:00+03:00,115737.46,115737.46,115737.45,115737.45,0.00373
2025-09-20 10:32:01+03:00,115737.45,115737.45,115737.45,115737.45,0.03622
2025-09-20 10:32:02+03:00,115737.45,115737.45,115737.45,115737.45,0.0004
2025-09-20 10:32:03+03:00,115737.45,115737.45,115737.45,115737.45,0.00145
2025-09-20 10:32:04+03:00,115737.45,115737.45,115737.45,115737.45,0.00161
2025-09-20 10:32:05+03:00,115737.45,115737.46,115737.45,115737.46,0.00229
2025-09-20 10:32:06+03:00,115737.45,115737.45,115737.45,115737.45,0.00026
2025-09-20 10:32:07+03:00,115737.45,115737.46,115737.45,115737.45,0.00261
2025-09-20 10:32:08+03:00,115737.46,115737.46,115737.45,115737.45,0.00495
2025-09-20 10:32:09+03:00,115737.45,115737.46,115737.45,115737.46,0.00029
2025-09-20 10:32:10+03:00,115737.45,115737.45,115737.45,115737.45,0.00514
2025-09-20 10:32:11+03:00,115737.45,115737.45,115737.45,115737.45,0.00063
2025-09-20 10:32:12+03:00,115737.45,115737.45,115737.45,115737.45,0.00025
2025-09-20 10:32:13+03:00,115737.45,115737.46,115737.45,115737.46,0.00755
2025-09-20 10:32:14+03:00,115737.45,115737.45,115737.45,115737.45,0.07066
2025-09-20 10:32:15+03:00,115737.45,115737.45,115737.45,115737.45,0.00495
2025-09-20 10:32:16+03:00,115737.45,115737.45,115737.45,115737.45,0.00136
2025-09-20 10:32:17+03:00,115737.45,115737.46,115737.45,115737.46,0.00473
2025-09-20 10:32:18+03:00,115737.46,115746.47,115737.45,115746.47,1.07219
2025-09-20 10:32:19+03:00,115746.47,115746.47,115746.46,115746.46,0.00401
2025-09-20 10:32:20+03:00,115746.46,115746.47,115746.46,115746.46,0.00263
2025-09-20 10:32:21+03:00,115746.47,115746.47,115746.46,115746.46,0.01199
2025-09-20 10:32:22+03:00,115746.47,115746.47,115746.46,115746.46,0.00048
2025-09-20 10:32:23+03:00,115746.46,115746.47,115746.46,115746.46,0.00119
2025-09-20 10:32:24+03:00,115746.47,115746.47,115746.46,115746.46,0.00609
2025-09-20 10:32:25+03:00,115746.46,115746.47,115746.46,115746.46,0.0015
2025-09-20 10:32:26+03:00,115746.46,115746.46,115746.46,115746.46,0.00046
2025-09-20 10:32:27+03:00,115746.46,115746.46,115746.46,115746.46,0.00024
2025-09-20 10:32:28+03:00,115746.47,115746.47,115746.46,115746.46,0.0053
2025-09-20 10:32:29+03:00,115746.46,115746.47,115746.46,115746.47,0.00036
2025-09-20 10:32:30+03:00,115746.46,115746.47,115746.46,115746.46,0.00405
2025-09-20 10:32:31+03:00,115746.46,115746.47,115746.46,115746.46,0.00332
2025-09-20 10:32:32+03:00,115746.46,115746.47,115746.46,115746.47,0.00184
2025-09-20 10:32:33+03:00,115746.46,115746.46,115746.46,115746.46,0.00053
2025-09-20 10:32:34+03:00,115746.46,115746.46,115746.46,115746.46,0.06112
2025-09-20 10:32:35+03:00,115746.46,115746.47,115746.46,115746.46,0.3898
2025-09-20 10:32:36+03:00,115746.46,115746.47,115746.46,115746.46,0.00765
2025-09-20 10:32:37+03:00,115746.46,115746.47,115746.46,115746.47,0.00449
2025-09-20 10:32:38+03:00,115746.46,115746.46,115746.46,115746.46,0.00067
2025-09-20 10:32:39+03:00,115746.46,115746.46,115746.46,115746.46,0.00069
2025-09-20 10:32:40+03:00,115746.46,115746.46,115746.46,115746.46,0.00237
2025-09-20 10:32:41+03:00,115746.46,115746.46,115746.46,115746.46,0.00048
2025-09-20 10:32:42+03:00,115746.46,115746.46,115746.46,115746.46,0.05424
2025-09-20 10:32:43+03:00,115746.46,115746.47,115746.46,115746.46,0.0026
2025-09-20 10:32:44+03:00,115746.46,115746.47,115746.46,115746.46,0.00044
2025-09-20 10:32:45+03:00,115746.46,115746.47,115746.46,115746.46,0.00621
2025-09-20 10:32:46+03:00,115746.46,115746.47,115746.46,115746.46,0.00185
2025-09-20 10:32:47+03:00,115746.46,115746.46,115746.46,115746.46,0.00057
2025-09-20 10:32:48+03:00,115746.46,115746.47,115746.46,115746.46,0.00582
2025-09-20 10:32:49+03:00,115746.46,115746.47,115746.46,115746.46,0.00153
2025-09-20 10:32:50+03:00,115746.46,115746.46,115746.46,115746.46,0.0002
2025-09-20 10:32:51+03:00,115746.46,115746.46,115746.46,115746.46,0.0003
2025-09-20 10:32:52+03:00,115746.47,115746.47,115746.46,115746.47,0.03245
2025-09-20 10:32:53+03:00,115746.47,115746.47,115746.46,115746.47,0.30258
2025-09-20 10:32:54+03:00,115746.46,115746.47,115746.46,115746.46,0.01074
2025-09-20 10:32:55+03:00,115746.46,115746.46,115746.46,115746.46,0.00041
2025-09-20 10:32:56+03:00,115746.46,115746.47,115746.46,115746.46,0.00166
2025-09-20 10:32:57+03:00,115746.46,115746.47,115746.46,115746.46,0.00119
2025-09-20 10:32:58+03:00,115746.46,115750.02,115746.46,115750.02,0.37545
2025-09-20 10:32:59+03:00,115750.01,115750.02,115750.01,115750.01,0.36985
2025-09-20 10:33:00+03:00,115750.01,115751.11,115750.01,115751.11,0.21411
2025-09-20 10:33:01+03:00,115751.11,115751.12,115751.11,115751.11,0.01547
2025-09-20 10:33:02+03:00,115751.11,115751.12,115751.11,115751.11,0.01285
2025-09-20 10:33:03+03:00,115751.11,115751.12,115751.11,115751.12,0.01387
2025-09-20 10:33:04+03:00,115751.12,115751.12,115751.11,115751.11,0.0011
2025-09-20 10:33:05+03:00,115751.11,115751.11,115751.11,115751.11,0.00193
2025-09-20 10:33:06+03:00,115751.11,115751.12,115751.11,115751.11,0.00376
2025-09-20 10:33:07+03:00,115751.11,115751.11,115751.11,115751.11,0.01426
2025-09-20 10:33:08+03:00,115751.11,115751.12,115751.11,115751.11,0.01486
2025-09-20 10:33:09+03:00,115751.11,115751.11,115751.11,115751.11,0.0305
2025-09-20 10:33:10+03:00,115751.11,115751.11,115751.11,115751.11,0.00066
2025-09-20 10:33:11+03:00,115751.11,115751.12,115751.11,115751.12,0.00515
2025-09-20 10:33:12+03:00,115751.11,115751.11,115751.11,115751.11,0.00428
2025-09-20 10:33:13+03:00,115751.11,115751.11,115751.11,115751.11,0.00054
2025-09-20 10:33:14+03:00,115751.12,115751.12,115751.11,115751.11,0.00084
2025-09-20 10:33:15+03:00,115751.11,115751.12,115751.11,115751.12,0.00493
2025-09-20 10:33:16+03:00,115751.11,115751.12,115751.11,115751.11,0.00237
2025-09-20 10:33:17+03:00,115751.11,115751.11,115751.11,115751.11,0.00048
2025-09-20 10:33:18+03:00,115751.11,115751.12,115751.11,115751.11,0.04408
2025-09-20 10:33:19+03:00,115751.11,115751.12,115751.11,115751.11,0.07658
2025-09-20 10:33:20+03:00,115751.11,115751.12,115751.11,115751.12,0.00154
2025-09-20 10:33:21+03:00,115751.11,115751.11,115751.11,115751.11,0.00119
2025-09-20 10:33:22+03:00,115751.11,115760.58,115751.11,115760.58,0.73139
2025-09-20 10:33:23+03:00,115760.57,115760.57,115760.57,115760.57,0.0004
2025-09-20 10:33:24+03:00,115760.57,115760.58,115760.57,115760.57,0.00538
2025-09-20 10:33:25+03:00,115760.57,115760.57,115760.57,115760.57,0.00212
2025-09-20 10:33:26+03:00,115760.57,115760.58,115760.57,115760.57,0.00287
2025-09-20 10:33:27+03:00,115760.58,115760.58,115760.57,115760.57,0.0347
2025-09-20 10:33:28+03:00,115760.58,115760.58,115760.58,115760.58,0.00041
2025-09-20 10:33:29+03:00,115760.57,115760.58,115760.57,115760.57,0.00176
2025-09-20 10:33:30+03:00,115760.57,115760.57,115760.57,115760.57,0.00093
2025-09-20 10:33:31+03:00,115760.57,115760.58,115760.57,115760.58,0.00474
2025-09-20 10:33:32+03:00,115760.57,115760.57,115760.57,115760.57,0.00148
2025-09-20 10:33:33+03:00,115760.57,115760.58,115760.57,115760.58,0.00147
2025-09-20 10:33:34+03:00,115760.57,115760.57,115760.57,115760.57,0.06912
2025-09-20 10:33:35+03:00,115760.57,115760.57,115760.57,115760.57,0.00036
2025-09-20 10:33:36+03:00,115760.57,115760.57,115760.57,115760.57,0.00056
2025-09-20 10:33:37+03:00,115760.58,115760.58,115760.57,115760.57,0.00116
2025-09-20 10:33:38+03:00,115760.57,115760.57,115760.57,115760.57,0.00052
2025-09-20 10:33:39+03:00,115760.57,115760.57,115760.57,115760.57,0.00065
2025-09-20 10:33:40+03:00,115760.58,115760.58,115760.57,115760.57,0.04311
2025-09-20 10:33:41+03:00,115760.57,115760.58,115760.57,115760.57,0.00566
2025-09-20 10:33:42+03:00,115760.57,115760.58,115760.57,115760.57,0.09493
2025-09-20 10:33:43+03:00,115760.57,115760.58,115760.57,115760.58,0.00098
2025-09-20 10:33:44+03:00,115760.57,115760.58,115760.57,115760.57,0.00156
2025-09-20 10:33:45+03:00,115760.57,115760.58,115760.57,115760.57,0.00109
2025-09-20 10:33:46+03:00,115760.57,115760.58,115760.57,115760.57,0.0005
2025-09-20 10:33:47+03:00,115760.57,115760.58,115760.57,115760.57,0.01079
2025-09-20 10:33:48+03:00,115760.57,115760.57,115760.57,115760.57,0.01043
2025-09-20 10:33:49+03:00,115760.57,115760.58,115760.57,115760.57,0.00159
2025-09-20 10:33:50+03:00,115760.57,115760.58,115760.57,115760.57,0.00623
2025-09-20 10:33:51+03:00,115760.58,115760.58,115760.57,115760.57,0.00115
2025-09-20 10:33:52+03:00,115760.58,115760.58,115760.57,115760.58,0.03457
2025-09-20 10:33:53+03:00,115760.57,115760.57,115760.57,115760.57,0.00386
2025-09-20 10:33:54+03:00,115760.58,115760.58,115760.58,115760.58,0.01007
2025-09-20 10:33:55+03:00,115760.58,115760.58,115760.57,115760.57,0.00141
2025-09-20 10:33:56+03:00,115760.58,115760.58,115760.58,115760.58,0.00063
2025-09-20 10:33:57+03:00,115760.57,115760.57,115760.57,115760.57,0.00098
2025-09-20 10:33:58+03:00,115760.58,115760.58,115760.57,115760.57,0.07522
2025-09-20 10:33:59+03:00,115760.58,115760.58,115760.57,115760.57,0.03144
2025-09-20 10:34:00+03:00,115760.57,115760.58,115760.57,115760.57,0.08122
2025-09-20 10:34:01+03:00,115760.57,115760.58,115760.57,115760.57,0.03221
2025-09-20 10:34:02+03:00,115760.57,115760.58,115760.57,115760.57,0.01159
2025-09-20 10:34:03+03:00,115760.57,115760.58,115760.57,115760.57,0.00565
2025-09-20 10:34:04+03:00,115760.57,115760.58,115760.57,115760.58,0.00065
2025-09-20 10:34:05+03:00,115760.57,115760.57,115760.57,115760.57,0.00041
2025-09-20 10:34:06+03:00,115760.57,115760.57,115760.57,115760.57,0.01053
2025-09-20 10:34:07+03:00,115760.57,115760.58,115760.57,115760.58,0.00874
2025-09-20 10:34:08+03:00,115760.57,115760.57,115760.57,115760.57,0.0021
2025-09-20 10:34:09+03:00,115760.57,115760.57,115760.57,115760.57,0.04345
2025-09-20 10:34:10+03:00,115760.57,115760.57,115760.57,115760.57,0.00479
2025-09-20 10:34:11+03:00,115760.57,115760.57,115760.57,115760.57,0.0
2025-09-20 10:34:12+03:00,115760.57,115760.58,115760.57,115760.58,0.00307
2025-09-20 10:34:13+03:00,115760.58,115760.58,115760.57,115760.57,0.00112
2025-09-20 10:34:14+03:00,115760.57,115760.57,115760.57,115760.57,0.00038
2025-09-20 10:34:15+03:00,115760.57,115760.58,115760.57,115760.57,0.23953
2025-09-20 10:34:16+03:00,115760.57,115760.57,115760.57,115760.57,0.00051
2025-09-20 10:34:17+03:00,115760.57,115760.58,115760.57,115760.58,0.01049
2025-09-20 10:34:18+03:00,115760.57,115760.58,115760.57,115760.57,0.02204
2025-09-20 10:34:19+03:00,115760.57,115760.57,115760.57,115760.57,0.00067
2025-09-20 10:34:20+03:00,115760.58,115760.58,115760.57,115760.58,0.29361
2025-09-20 10:34:21+03:00,115760.57,115760.58,115760.57,115760.58,0.00848
2025-09-20 10:34:22+03:00,115760.57,115760.58,115760.57,115760.57,0.00168
2025-09-20 10:34:23+03:00,115760.57,115760.57,115760.57,115760.57,0.00056
2025-09-20 10:34:24+03:00,115760.57,115760.58,115760.57,115760.57,0.07765
2025-09-20 10:34:25+03:00,115760.57,115760.58,115760.57,115760.57,0.03107
2025-09-20 10:34:26+03:00,115760.57,115760.57,115760.57,115760.57,0.00037
2025-09-20 10:34:27+03:00,115760.57,115760.57,115760.57,115760.57,0.00807
2025-09-20 10:34:28+03:00,115760.58,115760.58,115760.57,115760.57,0.00199
2025-09-20 10:34:29+03:00,115760.57,115760.57,115760.57,115760.57,0.00074
2025-09-20 10:34:30+03:00,115760.57,115760.58,115760.57,115760.57,0.00262
2025-09-20 10:34:31+03:00,115760.57,115760.57,115760.57,115760.57,0.00104
2025-09-20 10:34:32+03:00,115760.57,115760.57,115760.57,115760.57,0.01449
2025-09-20 10:34:33+03:00,115760.57,115760.58,115760.57,115760.57,0.02457
2025-09-20 10:34:34+03:00,115760.57,115760.57,115760.57,115760.57,0.00051
2025-09-20 10:34:35+03:00,115760.57,115760.58,115760.57,115760.58,0.00922
2025-09-20 10:34:36+03:00,115760.57,115760.58,115760.57,115760.58,0.00108
2025-09-20 10:34:37+03:00,115760.57,115760.57,115760.57,115760.57,0.00049
2025-09-20 10:34:38+03:00,115760.57,115760.57,115760.57,115760.57,0.00158
2025-09-20 10:34:39+03:00,115760.57,115760.58,115760.57,115760.57,0.09351
2025-09-20 10:34:40+03:00,115760.57,115760.58,115760.57,115760.57,0.00151
2025-09-20 10:34:41+03:00,115760.57,115760.58,115760.57,115760.58,0.00156
2025-09-20 10:34:42+03:00,115760.57,115760.58,115760.57,115760.58,0.00076
2025-09-20 10:34:43+03:00,115760.57,115760.58,115760.57,115760.57,0.00792
2025-09-20 10:34:44+03:00,115760.57,115760.57,115760.57,115760.57,0.00269
2025-09-20 10:34:45+03:00,115760.57,115760.58,115760.57,115760.58,0.00069
2025-09-20 10:34:46+03:00,115760.57,115760.58,115760.57,115760.57,0.00202
2025-09-20 10:34:47+03:00,115760.57,115760.58,115760.57,115760.58,0.00437
2025-09-20 10:34:48+03:00,115760.57,115760.57,115760.57,115760.57,0.00132
2025-09-20 10:34:49+03:00,115760.57,115760.58,115760.57,115760.58,0.00046
2025-09-20 10:34:50+03:00,115760.57,115760.58,115760.57,115760.57,0.03812
2025-09-20 10:34:51+03:00,115760.57,115760.57,115760.57,115760.57,0.00041
2025-09-20 10:34:52+03:00,115760.57,115760.58,115760.57,115760.58,0.00133
2025-09-20 10:34:53+03:00,115760.57,115760.57,115760.57,115760.57,0.00022
2025-09-20 10:34:54+03:00,115760.57,115760.58,115760.57,115760.57,0.01317
2025-09-20 10:34:55+03:00,115760.57,115760.57,115760.57,115760.57,0.00064
2025-09-20 10:34:56+03:00,115760.57,115760.58,115760.57,115760.58,0.00099
2025-09-20 10:34:57+03:00,115760.57,115760.57,115760.57,115760.57,0.00172
2025-09-20 10:34:58+03:00,115760.57,115760.57,115760.57,115760.57,0.00057
2025-09-20 10:34:59+03:00,115760.57,115760.58,115760.57,115760.58,0.0004
2025-09-20 10:35:00+03:00,115760.58,115765.67,115760.57,115765.67,0.45111
2025-09-20 10:35:01+03:00,115765.68,115765.68,115765.67,115765.68,0.00217
2025-09-20 10:35:02+03:00,115765.67,115765.68,115765.67,115765.68,0.00316
2025-09-20 10:35:03+03:00,115765.68,115765.68,115765.68,115765.68,0.0
2025-09-20 10:35:04+03:00,115765.67,115769.94,115765.67,115769.94,1.03161
2025-09-20 10:35:05+03:00,115769.94,115771.94,115769.94,115771.93,0.62397
2025-09-20 10:35:06+03:00,115771.94,115781.27,115771.94,115781.26,0.7148
2025-09-20 10:35:07+03:00,115781.26,115781.26,115781.26,115781.26,0.04063
2025-09-20 10:35:08+03:00,115781.27,115784.0,115781.27,115783.99,0.79659
2025-09-20 10:35:09+03:00,115783.99,115784.0,115783.99,115784.0,0.02527
2025-09-20 10:35:10+03:00,115783.99,115784.0,115783.99,115783.99,0.05429
2025-09-20 10:35:11+03:00,115783.99,115783.99,115783.99,115783.99,0.50558
2025-09-20 10:35:12+03:00,115784.0,115784.0,115783.99,115783.99,0.00615
2025-09-20 10:35:13+03:00,115783.99,115784.0,115783.99,115783.99,0.03642
2025-09-20 10:35:14+03:00,115784.0,115784.0,115783.99,115784.0,0.00094
2025-09-20 10:35:15+03:00,115784.0,115784.0,115783.99,115784.0,0.00393
2025-09-20 10:35:16+03:00,115783.99,115784.0,115783.99,115783.99,0.05602
2025-09-20 10:35:17+03:00,115783.99,115784.0,115783.99,115783.99,0.00135
2025-09-20 10:35:18+03:00,115784.0,115784.0,115783.99,115783.99,0.00311
2025-09-20 10:35:19+03:00,115784.0,115784.0,115783.99,115783.99,0.00114
2025-09-20 10:35:20+03:00,115784.0,115784.0,115783.99,115784.0,0.00404
2025-09-20 10:35:21+03:00,115784.0,115784.0,115783.99,115783.99,0.0042
2025-09-20 10:35:22+03:00,115783.99,115784.0,115783.99,115783.99,0.0008
2025-09-20 10:35:23+03:00,115783.99,115784.0,115783.99,115784.0,0.00181
2025-09-20 10:35:24+03:00,115784.0,115784.0,115783.99,115783.99,0.00106
2025-09-20 10:35:25+03:00,115784.0,115784.0,115783.99,115783.99,0.00524
2025-09-20 10:35:26+03:00,115783.99,115784.0,115783.99,115784.0,0.00057
2025-09-20 10:35:27+03:00,115784.0,115784.0,115783.99,115784.0,0.00075
2025-09-20 10:35:28+03:00,115783.99,115784.0,115783.99,115783.99,0.00494
2025-09-20 10:35:29+03:00,115784.0,115784.0,115783.99,115783.99,0.0027
2025-09-20 10:35:30+03:00,115784.0,115784.0,115783.99,115783.99,0.00095
2025-09-20 10:35:31+03:00,115784.0,115784.0,115783.99,115784.0,0.01025
2025-09-20 10:35:32+03:00,115783.99,115784.0,115783.99,115783.99,0.00479
2025-09-20 10:35:33+03:00,115783.99,115784.0,115783.99,115783.99,0.00824
2025-09-20 10:35:34+03:00,115783.99,115784.0,115783.99,115783.99,0.00133
2025-09-20 10:35:35+03:00,115783.99,115784.0,115783.99,115784.0,0.00731
2025-09-20 10:35:36+03:00,115784.0,115784.0,115783.99,115784.0,0.00138
2025-09-20 10:35:37+03:00,115784.0,115784.16,115783.99,115784.16,0.56777
2025-09-20 10:35:38+03:00,115784.16,115789.63,115784.16,115789.63,0.13597
2025-09-20 10:35:39+03:00,115789.63,115789.63,115789.62,115789.62,0.00214
2025-09-20 10:35:40+03:00,115789.62,115789.63,115789.62,115789.62,0.01847
2025-09-20 10:35:41+03:00,115789.63,115789.63,115789.62,115789.62,0.02493
2025-09-20 10:35:42+03:00,115789.63,115789.63,115789.62,115789.62,0.0015
2025-09-20 10:35:43+03:00,115789.63,115789.63,115789.62,115789.62,0.00149
2025-09-20 10:35:44+03:00,115789.63,115789.63,115789.62,115789.62,0.00087
2025-09-20 10:35:45+03:00,115789.63,115789.63,115789.62,115789.63,0.01393
2025-09-20 10:35:46+03:00,115789.62,115789.63,115789.62,115789.62,0.00082
2025-09-20 10:35:47+03:00,115789.62,115789.63,115789.62,115789.63,0.0009
2025-09-20 10:35:48+03:00,115789.63,115789.63,115789.62,115789.62,0.00243
2025-09-20 10:35:49+03:00,115789.63,115789.63,115789.62,115789.62,0.00789
2025-09-20 10:35:50+03:00,115789.63,115789.63,115789.62,115789.62,0.03292
2025-09-20 10:35:51+03:00,115789.62,115789.62,115789.62,115789.62,0.00036
2025-09-20 10:35:52+03:00,115789.62,115789.63,115789.62,115789.62,0.00176
2025-09-20 10:35:53+03:00,115789.62,115789.62,115789.62,115789.62,0.00054
2025-09-20 10:35:54+03:00,115789.63,115789.63,115789.62,115789.62,0.01069
2025-09-20 10:35:55+03:00,115789.62,115789.63,115789.62,115789.62,0.00084
2025-09-20 10:35:56+03:00,115789.62,115789.63,115789.62,115789.63,0.24733
2025-09-20 10:35:57+03:00,115789.63,115795.85,115789.62,115795.85,1.71404
2025-09-20 10:35:58+03:00,115795.85,115795.86,115795.85,115795.85,0.00885
2025-09-20 10:35:59+03:00,115795.85,115795.85,115795.85,115795.85,0.00099
2025-09-20 10:36:00+03:00,115795.85,115795.86,115795.85,115795.85,0.00495
2025-09-20 10:36:01+03:00,115795.85,115795.86,115795.85,115795.85,0.00331
2025-09-20 10:36:02+03:00,115795.85,115795.86,115795.85,115795.86,0.08282
2025-09-20 10:36:03+03:00,115795.85,115795.86,115795.85,115795.86,0.00066
2025-09-20 10:36:04+03:00,115795.86,115795.86,115795.85,115795.85,0.0015
2025-09-20 10:36:05+03:00,115795.85,115800.0,115795.85,115800.0,7.48933
2025-09-20 10:36:06+03:00,115800.0,115803.56,115799.99,115803.56,0.49956
2025-09-20 10:36:07+03:00,115803.55,115803.55,115803.55,115803.55,0.00159
2025-09-20 10:36:08+03:00,115803.55,115803.55,115803.55,115803.55,0.00063
2025-09-20 10:36:09+03:00,115803.55,115816.54,115803.55,115816.53,1.71744
2025-09-20 10:36:10+03:00,115816.53,115816.54,115816.53,115816.53,0.01275
2025-09-20 10:36:11+03:00,115816.53,115816.54,115816.53,115816.54,0.07926
2025-09-20 10:36:12+03:00,115816.53,115816.53,115816.53,115816.53,0.00606
2025-09-20 10:36:13+03:00,115816.53,115816.53,115816.53,115816.53,0.00479
2025-09-20 10:36:14+03:00,115816.54,115816.54,115816.53,115816.53,0.00929
2025-09-20 10:36:15+03:00,115816.53,115816.53,115816.53,115816.53,0.00604
2025-09-20 10:36:16+03:00,115816.53,115816.54,115816.53,115816.53,0.0905
2025-09-20 10:36:17+03:00,115816.53,115816.54,115816.53,115816.54,0.01302
2025-09-20 10:36:18+03:00,115816.53,115816.53,115816.53,115816.53,0.00076
2025-09-20 10:36:19+03:00,115816.53,115816.53,115816.53,115816.53,0.00105
2025-09-20 10:36:20+03:00,115816.53,115816.54,115816.53,115816.54,0.04527
2025-09-20 10:36:21+03:00,115816.53,115816.54,115816.53,115816.53,0.00078
2025-09-20 10:36:22+03:00,115816.53,115816.54,115816.53,115816.53,0.00485
2025-09-20 10:36:23+03:00,115816.53,115816.54,115816.53,115816.54,0.00257
2025-09-20 10:36:24+03:00,115816.53,115816.54,115816.53,115816.53,0.00336
2025-09-20 10:36:25+03:00,115816.53,115816.54,115816.53,115816.53,0.00166
2025-09-20 10:36:26+03:00,115816.53,115816.53,115816.53,115816.53,0.00058
2025-09-20 10:36:27+03:00,115816.54,115816.54,115816.53,115816.53,0.00737
2025-09-20 10:36:28+03:00,115816.54,115816.54,115816.53,115816.54,0.00295
2025-09-20 10:36:29+03:00,115816.53,115816.54,115816.53,115816.53,0.00148
2025-09-20 10:36:30+03:00,115816.53,115816.54,115816.53,115816.53,0.01849
2025-09-20 10:36:31+03:00,115816.53,115816.53,115814.23,115814.23,1.98686
2025-09-20 10:36:32+03:00,115814.23,115814.23,115814.23,115814.23,0.02854
2025-09-20 10:36:33+03:00,115814.23,115814.23,115814.23,115814.23,0.00745
2025-09-20 10:36:34+03:00,115814.23,115814.24,115814.23,115814.23,0.08809
2025-09-20 10:36:35+03:00,115814.23,115814.24,115814.23,115814.24,0.00744
2025-09-20 10:36:36+03:00,115814.24,115814.24,115814.23,115814.23,0.03339
2025-09-20 10:36:37+03:00,115814.24,115814.24,115814.23,115814.23,0.00086
2025-09-20 10:36:38+03:00,115814.23,115814.23,115814.23,115814.23,0.00126
2025-09-20 10:36:39+03:00,115814.23,115814.24,115814.23,115814.23,0.00145
2025-09-20 10:36:40+03:00,115814.24,115814.24,115814.23,115814.23,0.00256
2025-09-20 10:36:41+03:00,115814.23,115814.24,115814.23,115814.24,0.00482
2025-09-20 10:36:42+03:00,115814.24,115814.24,115814.23,115814.23,0.00163
2025-09-20 10:36:43+03:00,115814.23,115814.23,115814.23,115814.23,0.00205
2025-09-20 10:36:44+03:00,115814.23,115814.24,115814.23,115814.23,0.00265
2025-09-20 10:36:45+03:00,115814.23,115814.23,115814.23,115814.23,0.00516
2025-09-20 10:36:46+03:00,115814.24,115814.24,115814.23,115814.24,0.00048
2025-09-20 10:36:47+03:00,115814.23,115814.23,115814.23,115814.23,0.00144
2025-09-20 10:36:48+03:00,115814.23,115814.23,115814.23,115814.23,0.00278
2025-09-20 10:36:49+03:00,115814.23,115814.23,115814.23,115814.23,0.00031
2025-09-20 10:36:50+03:00,115814.24,115814.24,115814.23,115814.23,0.13953
2025-09-20 10:36:51+03:00,115814.23,115814.23,115814.23,115814.23,0.00638
2025-09-20 10:36:52+03:00,115814.23,115814.23,115814.23,115814.23,0.00161
2025-09-20 10:36:53+03:00,115814.23,115814.23,115814.23,115814.23,2.09937
2025-09-20 10:36:54+03:00,115814.24,115814.24,115814.23,115814.23,0.01968
2025-09-20 10:36:55+03:00,115814.23,115814.24,115814.23,115814.23,0.00384
2025-09-20 10:36:56+03:00,115814.23,115814.24,115814.23,115814.24,0.00358
2025-09-20 10:36:57+03:00,115814.24,115814.24,115814.23,115814.23,0.11267
2025-09-20 10:36:58+03:00,115814.24,115814.24,115814.23,115814.24,0.00169
2025-09-20 10:36:59+03:00,115814.23,115814.24,115814.23,115814.24,0.02969
2025-09-20 10:37:00+03:00,115814.23,115814.24,115814.23,115814.24,0.06553
2025-09-20 10:37:01+03:00,115814.23,115814.23,115814.23,115814.23,0.01269
2025-09-20 10:37:02+03:00,115814.23,115814.23,115814.23,115814.23,0.00071
2025-09-20 10:37:03+03:00,115814.23,115814.24,115814.23,115814.23,0.01258
2025-09-20 10:37:04+03:00,115814.23,115814.24,115814.23,115814.24,0.04324
2025-09-20 10:37:05+03:00,115814.23,115814.24,115814.23,115814.24,0.02563
2025-09-20 10:37:06+03:00,115814.23,115814.24,115814.23,115814.24,0.07977
2025-09-20 10:37:07+03:00,115814.24,115814.24,115814.23,115814.23,0.00351
2025-09-20 10:37:08+03:00,115814.23,115814.24,115814.23,115814.24,0.01382
2025-09-20 10:37:09+03:00,115814.23,115814.24,115814.23,115814.24,0.00522
2025-09-20 10:37:10+03:00,115814.23,115814.23,115814.23,115814.23,0.00403
2025-09-20 10:37:11+03:00,115814.23,115814.24,115814.23,115814.23,0.05821
2025-09-20 10:37:12+03:00,115814.23,115814.24,115814.23,115814.23,0.01282
2025-09-20 10:37:13+03:00,115814.23,115814.24,115814.23,115814.23,0.00231
2025-09-20 10:37:14+03:00,115814.24,115814.24,115814.23,115814.23,0.0008
2025-09-20 10:37:15+03:00,115814.24,115814.24,115814.23,115814.23,0.00065
2025-09-20 10:37:16+03:00,115814.23,115814.24,115814.23,115814.23,0.00257
2025-09-20 10:37:17+03:00,115814.23,115814.24,115814.23,115814.23,0.02865
2025-09-20 10:37:18+03:00,115814.23,115814.23,115814.23,115814.23,0.00243
2025-09-20 10:37:19+03:00,115814.23,115814.24,115814.23,115814.23,1.79167
2025-09-20 10:37:20+03:00,115814.24,115814.24,115814.23,115814.23,0.00539
2025-09-20 10:37:21+03:00,115814.24,115814.24,115814.23,115814.24,0.02607
2025-09-20 10:37:22+03:00,115814.24,115814.24,115814.23,115814.24,0.00712
2025-09-20 10:37:23+03:00,115814.23,115814.24,115814.23,115814.23,0.00157
2025-09-20 10:37:24+03:00,115814.23,115814.24,115814.23,115814.24,0.00079
2025-09-20 10:37:25+03:00,115814.23,115814.24,115814.23,115814.23,0.00169
2025-09-20 10:37:26+03:00,115814.23,115814.23,115814.23,115814.23,0.00181
2025-09-20 10:37:27+03:00,115814.23,115814.24,115814.23,115814.23,0.0005
2025-09-20 10:37:28+03:00,115814.23,115814.24,115814.23,115814.24,0.0035
2025-09-20 10:37:29+03:00,115814.23,115814.24,115814.23,115814.23,0.00076
2025-09-20 10:37:30+03:00,115814.24,115814.24,115814.23,115814.23,0.01848
2025-09-20 10:37:31+03:00,115814.23,115814.23,115814.23,115814.23,0.00038
2025-09-20 10:37:32+03:00,115814.23,115814.24,115814.23,115814.24,0.00902
2025-09-20 10:37:33+03:00,115814.24,115814.24,115814.24,115814.24,0.0009
2025-09-20 10:37:34+03:00,115814.24,115814.24,115814.23,115814.23,0.00027
2025-09-20 10:37:35+03:00,115814.23,115814.23,115814.23,115814.23,0.01214
2025-09-20 10:37:36+03:00,115814.23,115814.24,115814.23,115814.24,0.00152
2025-09-20 10:37:37+03:00,115814.24,115814.24,115814.23,115814.23,0.00321
2025-09-20 10:37:38+03:00,115814.23,115814.24,115814.23,115814.24,0.00082
2025-09-20 10:37:39+03:00,115814.23,115814.24,115814.23,115814.24,0.02432
2025-09-20 10:37:40+03:00,115814.23,115814.24,115814.23,115814.23,0.00103
2025-09-20 10:37:41+03:00,115814.23,115814.23,115814.23,115814.23,0.00043
2025-09-20 10:37:42+03:00,115814.23,115814.24,115814.23,115814.23,0.00447
2025-09-20 10:37:43+03:00,115814.23,115819.96,115814.23,115819.96,0.26865
2025-09-20 10:37:44+03:00,115819.96,115824.76,115819.96,115824.76,0.62366
2025-09-20 10:37:45+03:00,115824.76,115825.0,115824.75,115824.99,0.88889
2025-09-20 10:37:46+03:00,115824.99,115825.0,115824.99,115824.99,0.00503
2025-09-20 10:37:47+03:00,115825.0,115825.0,115824.99,115824.99,0.0007
2025-09-20 10:37:48+03:00,115824.99,115825.0,115824.99,115824.99,0.00254
2025-09-20 10:37:49+03:00,115825.0,115825.0,115824.99,115825.0,0.04376
2025-09-20 10:37:50+03:00,115824.99,115825.0,115824.99,115825.0,0.00124
2025-09-20 10:37:51+03:00,115824.99,115825.0,115824.99,115824.99,0.00467
2025-09-20 10:37:52+03:00,115825.0,115825.0,115824.99,115825.0,0.01979
2025-09-20 10:37:53+03:00,115824.99,115833.42,115824.99,115833.41,1.72008
2025-09-20 10:37:54+03:00,115833.41,115833.42,115833.41,115833.41,0.04649
2025-09-20 10:37:55+03:00,115833.42,115833.42,115833.41,115833.41,0.02396
2025-09-20 10:37:56+03:00,115833.41,115833.42,115833.41,115833.41,0.00369
2025-09-20 10:37:57+03:00,115833.42,115833.42,115833.41,115833.41,0.00072
2025-09-20 10:37:58+03:00,115833.42,115833.42,115833.41,115833.41,0.00175
2025-09-20 10:37:59+03:00,115833.41,115833.41,115833.41,115833.41,0.00112
2025-09-20 10:38:00+03:00,115833.41,115833.42,115833.41,115833.41,0.03399
2025-09-20 10:38:01+03:00,115833.42,115842.49,115833.42,115842.49,0.92902
2025-09-20 10:38:02+03:00,115842.49,115842.49,115842.49,115842.49,0.00111
2025-09-20 10:38:03+03:00,115842.49,115842.5,115842.49,115842.5,0.00126
2025-09-20 10:38:04+03:00,115842.49,115842.5,115842.49,115842.5,0.03127
2025-09-20 10:38:05+03:00,115842.49,115842.5,115842.49,115842.5,0.00295
2025-09-20 10:38:06+03:00,115842.49,115842.5,115842.49,115842.5,0.00089
2025-09-20 10:38:07+03:00,115842.49,115842.5,115842.49,115842.49,0.01499
2025-09-20 10:38:08+03:00,115842.49,115842.5,115842.49,115842.5,0.04398
2025-09-20 10:38:09+03:00,115842.49,115842.5,115842.49,115842.49,0.00103
2025-09-20 10:38:10+03:00,115842.5,115842.5,115842.49,115842.49,0.0011
2025-09-20 10:38:11+03:00,115842.5,115842.5,115842.5,115842.5,0.03597
2025-09-20 10:38:12+03:00,115842.5,115842.5,115842.49,115842.49,0.00651
2025-09-20 10:38:13+03:00,115842.5,115842.5,115842.49,115842.49,0.00027
2025-09-20 10:38:14+03:00,115842.5,115842.5,115842.5,115842.5,0.00082
2025-09-20 10:38:15+03:00,115842.5,115842.5,115842.5,115842.5,0.00329
2025-09-20 10:38:16+03:00,115842.5,115842.5,115842.49,115842.49,0.02201
2025-09-20 10:38:17+03:00,115842.49,115842.5,115842.49,115842.49,0.07089
2025-09-20 10:38:18+03:00,115842.5,115842.5,115842.49,115842.5,0.15965
2025-09-20 10:38:19+03:00,115842.49,115842.5,115842.49,115842.49,0.00969
2025-09-20 10:38:20+03:00,115842.5,115842.5,115842.49,115842.5,0.00487
2025-09-20 10:38:21+03:00,115842.5,115842.5,115842.5,115842.5,0.00984
2025-09-20 10:38:22+03:00,115842.5,115842.5,115842.49,115842.49,0.00113
2025-09-20 10:38:23+03:00,115842.5,115842.5,115842.49,115842.5,0.02649
2025-09-20 10:38:24+03:00,115842.49,115842.5,115842.49,115842.5,0.01399
2025-09-20 10:38:25+03:00,115842.5,115842.5,115842.49,115842.49,0.00146
2025-09-20 10:38:26+03:00,115842.5,115842.5,115842.49,115842.5,0.00602
2025-09-20 10:38:27+03:00,115842.5,115842.5,115842.5,115842.5,0.0004
2025-09-20 10:38:28+03:00,115842.49,115842.49,115828.42,115828.43,3.24619
2025-09-20 10:38:29+03:00,115828.43,115828.43,115828.42,115828.42,0.01256
2025-09-20 10:38:30+03:00,115828.42,115828.42,115828.42,115828.42,0.00086
2025-09-20 10:38:31+03:00,115828.43,115828.43,115828.42,115828.43,0.01271
2025-09-20 10:38:32+03:00,115828.42,115828.42,115828.42,115828.42,0.2188
2025-09-20 10:38:33+03:00,115828.43,115828.43,115828.42,115828.42,0.03557
2025-09-20 10:38:34+03:00,115828.42,115828.42,115828.42,115828.42,0.00338
2025-09-20 10:38:35+03:00,115828.42,115828.43,115828.42,115828.43,0.00121
2025-09-20 10:38:36+03:00,115828.43,115828.43,115828.43,115828.43,0.00021
2025-09-20 10:38:37+03:00,115828.42,115828.43,115828.42,115828.42,0.00101
2025-09-20 10:38:38+03:00,115828.43,115828.43,115828.42,115828.42,0.00233
2025-09-20 10:38:39+03:00,115828.43,115828.43,115828.43,115828.43,0.00432
2025-09-20 10:38:40+03:00,115828.43,115828.43,115828.43,115828.43,0.00057
2025-09-20 10:38:41+03:00,115828.43,115828.43,115828.42,115828.43,0.0017
2025-09-20 10:38:42+03:00,115828.42,115828.43,115828.42,115828.43,0.39611
2025-09-20 10:38:43+03:00,115828.42,115828.42,115828.42,115828.42,0.0121
2025-09-20 10:38:44+03:00,115828.43,115828.43,115828.43,115828.43,0.00178
2025-09-20 10:38:45+03:00,115828.43,115828.43,115828.42,115828.42,0.00094
2025-09-20 10:38:46+03:00,115828.43,115828.43,115828.43,115828.43,0.00057
2025-09-20 10:38:47+03:00,115828.43,115828.43,115828.42,115828.42,0.00017
2025-09-20 10:38:48+03:00,115828.42,115828.42,115828.42,115828.42,0.0
2025-09-20 10:38:49+03:00,115828.43,115828.43,115828.42,115828.43,0.00039
2025-09-20 10:38:50+03:00,115828.43,115828.43,115828.42,115828.43,0.03172
2025-09-20 10:38:51+03:00,115828.42,115828.43,115828.42,115828.43,0.00114
2025-09-20 10:38:52+03:00,115828.42,115828.43,115816.84,115816.85,2.19612
2025-09-20 10:38:53+03:00,115816.84,115816.85,115816.84,115816.84,0.03171
2025-09-20 10:38:54+03:00,115816.85,115816.85,115816.85,115816.85,0.01504
2025-09-20 10:38:55+03:00,115816.85,115816.85,115816.85,115816.85,0.00715
2025-09-20 10:38:56+03:00,115816.84,115816.85,115816.84,115816.85,0.005
2025-09-20 10:38:57+03:00,115816.85,115816.85,115816.84,115816.84,0.00726
2025-09-20 10:38:58+03:00,115816.84,115816.84,115816.84,115816.84,0.00017
2025-09-20 10:38:59+03:00,115816.85,115816.85,115816.85,115816.85,0.00152
2025-09-20 10:39:00+03:00,115816.85,115816.85,115816.84,115816.85,0.00652
2025-09-20 10:39:01+03:00,115816.84,115816.85,115816.84,115816.85,0.01221
2025-09-20 10:39:02+03:00,115816.85,115816.85,115816.84,115816.84,0.10173
2025-09-20 10:39:03+03:00,115816.85,115816.85,115816.85,115816.85,0.01416
2025-09-20 10:39:04+03:00,115816.85,115816.85,115816.84,115816.85,0.00847
2025-09-20 10:39:05+03:00,115816.85,115816.85,115816.84,115816.85,0.03867
2025-09-20 10:39:06+03:00,115816.85,115816.85,115816.85,115816.85,0.00533
2025-09-20 10:39:07+03:00,115816.85,115816.85,115816.84,115816.85,0.00092
2025-09-20 10:39:08+03:00,115816.85,115816.85,115816.85,115816.85,0.13805
2025-09-20 10:39:09+03:00,115816.84,115816.85,115816.84,115816.84,0.00207
2025-09-20 10:39:10+03:00,115816.85,115816.85,115816.84,115816.85,0.60238
2025-09-20 10:39:11+03:00,115816.85,115816.85,115816.84,115816.85,0.00188
2025-09-20 10:39:12+03:00,115816.85,115816.85,115816.85,115816.85,6e-05
2025-09-20 10:39:13+03:00,115816.85,115816.85,115816.85,115816.85,0.00015
2025-09-20 10:39:14+03:00,115816.84,115816.84,115816.84,115816.84,0.03773
2025-09-20 10:39:15+03:00,115816.85,115816.85,115816.84,115816.84,0.00123
2025-09-20 10:39:16+03:00,115816.85,115816.85,115816.84,115816.84,0.08725
2025-09-20 10:39:17+03:00,115816.85,115816.85,115816.85,115816.85,0.00023
2025-09-20 10:39:18+03:00,115816.84,115816.85,115816.84,115816.85,0.0077
2025-09-20 10:39:19+03:00,115816.85,115816.85,115816.84,115816.85,0.00201
2025-09-20 10:39:20+03:00,115816.85,115816.85,115816.84,115816.85,0.39219
2025-09-20 10:39:21+03:00,115816.85,115822.26,115816.84,115822.25,0.47356
2025-09-20 10:39:22+03:00,115822.25,115828.42,115822.25,115828.41,0.36323
2025-09-20 10:39:23+03:00,115828.41,115828.41,115828.41,115828.41,0.00075
2025-09-20 10:39:24+03:00,115828.41,115828.42,115828.41,115828.42,0.00015
2025-09-20 10:39:25+03:00,115828.42,115828.42,115828.41,115828.41,0.00025
2025-09-20 10:39:26+03:00,115828.42,115828.42,115828.42,115828.42,7e-05
2025-09-20 10:39:27+03:00,115828.42,115828.42,115828.42,115828.42,7e-05
2025-09-20 10:39:28+03:00,115828.42,115836.97,115828.41,115836.97,0.27285
2025-09-20 10:39:29+03:00,115836.98,115836.98,115836.97,115836.97,0.00406
2025-09-20 10:39:30+03:00,115836.97,115836.97,115836.97,115836.97,0.01026
2025-09-20 10:39:31+03:00,115836.97,115836.97,115836.97,115836.97,0.00103
2025-09-20 10:39:32+03:00,115836.97,115836.98,115836.97,115836.98,0.00093
2025-09-20 10:39:33+03:00,115836.98,115836.98,115836.98,115836.98,0.00996
2025-09-20 10:39:34+03:00,115836.97,115836.98,115836.97,115836.97,0.00297
2025-09-20 10:39:35+03:00,115836.98,115836.98,115836.98,115836.98,0.00014
2025-09-20 10:39:36+03:00,115836.98,115836.98,115836.97,115836.97,0.00535
2025-09-20 10:39:37+03:00,115836.97,115836.97,115836.97,115836.97,0.0
2025-09-20 10:39:38+03:00,115836.97,115836.98,115836.97,115836.98,0.00264
2025-09-20 10:39:39+03:00,115836.97,115836.98,115836.97,115836.97,0.00664
2025-09-20 10:39:40+03:00,115836.98,115836.98,115836.97,115836.97,0.00063
2025-09-20 10:39:41+03:00,115836.98,115836.98,115836.98,115836.98,0.00044
2025-09-20 10:39:42+03:00,115836.97,115836.98,115836.97,115836.98,0.00653
2025-09-20 10:39:43+03:00,115836.98,115836.98,115836.97,115836.97,0.03274
2025-09-20 10:39:44+03:00,115836.97,115836.98,115836.97,115836.98,0.00198
2025-09-20 10:39:45+03:00,115836.97,115836.98,115836.97,115836.98,0.00229
2025-09-20 10:39:46+03:00,115836.98,115836.98,115836.98,115836.98,0.0002
2025-09-20 10:39:47+03:00,115836.98,115836.98,115836.97,115836.97,0.01599
2025-09-20 10:39:48+03:00,115836.97,115836.98,115836.97,115836.97,0.00206
2025-09-20 10:39:49+03:00,115836.97,115836.97,115836.97,115836.97,0.0
2025-09-20 10:39:50+03:00,115836.98,115836.98,115836.98,115836.98,0.03257
2025-09-20 10:39:51+03:00,115836.97,115836.98,115836.97,115836.98,0.00288
2025-09-20 10:39:52+03:00,115836.98,115836.98,115836.98,115836.98,0.0151
2025-09-20 10:39:53+03:00,115836.97,115836.98,115836.97,115836.97,0.00602
2025-09-20 10:39:54+03:00,115836.97,115836.98,115836.97,115836.97,0.05159
2025-09-20 10:39:55+03:00,115836.97,115836.97,115836.97,115836.97,0.0
2025-09-20 10:39:56+03:00,115836.98,115836.98,115836.97,115836.97,0.00072
2025-09-20 10:39:57+03:00,115836.97,115836.97,115836.97,115836.97,9e-05
2025-09-20 10:39:58+03:00,115836.98,115839.99,115836.98,115839.99,1.19232
2025-09-20 10:39:59+03:00,115839.99,115839.99,115839.99,115839.99,0.03524
2025-09-20 10:40:00+03:00,115839.99,115844.36,115839.99,115844.36,0.27704
2025-09-20 10:40:01+03:00,115844.36,115844.36,115844.35,115844.35,0.00665
2025-09-20 10:40:02+03:00,115844.36,115844.36,115844.35,115844.35,0.00024
2025-09-20 10:40:03+03:00,115844.35,115844.36,115844.35,115844.36,0.00563
2025-09-20 10:40:04+03:00,115844.35,115844.35,115844.35,115844.35,0.01036
2025-09-20 10:40:05+03:00,115844.35,115844.36,115844.35,115844.36,0.00398
2025-09-20 10:40:06+03:00,115844.36,115844.36,115844.35,115844.35,0.00063
2025-09-20 10:40:07+03:00,115844.35,115844.35,115844.35,115844.35,0.0
2025-09-20 10:40:08+03:00,115844.35,115844.36,115844.35,115844.35,0.66949
2025-09-20 10:40:09+03:00,115844.35,115844.35,115836.99,115837.0,1.21927
2025-09-20 10:40:10+03:00,115836.99,115837.0,115836.99,115836.99,1.12109
2025-09-20 10:40:11+03:00,115837.0,115837.0,115836.99,115837.0,0.0235
2025-09-20 10:40:12+03:00,115836.99,115837.0,115836.99,115837.0,0.01418
2025-09-20 10:40:13+03:00,115837.0,115837.0,115836.99,115836.99,0.00973
2025-09-20 10:40:14+03:00,115836.99,115837.0,115836.99,115836.99,0.00896
2025-09-20 10:40:15+03:00,115837.0,115837.0,115836.99,115836.99,0.00361
2025-09-20 10:40:16+03:00,115837.0,115837.0,115837.0,115837.0,0.08325
2025-09-20 10:40:17+03:00,115837.0,115837.0,115836.99,115837.0,0.01285
2025-09-20 10:40:18+03:00,115836.99,115837.0,115836.99,115837.0,0.00731
2025-09-20 10:40:19+03:00,115837.0,115837.0,115837.0,115837.0,0.0
2025-09-20 10:40:20+03:00,115837.0,115837.0,115836.99,115836.99,0.01589
2025-09-20 10:40:21+03:00,115836.99,115837.0,115836.99,115836.99,0.00637
2025-09-20 10:40:22+03:00,115836.99,115837.0,115836.99,115836.99,0.00048
2025-09-20 10:40:23+03:00,115837.0,115837.0,115836.99,115837.0,0.00896
2025-09-20 10:40:24+03:00,115837.0,115837.0,115836.99,115836.99,0.01264
2025-09-20 10:40:25+03:00,115837.0,115837.0,115836.99,115837.0,0.00247
2025-09-20 10:40:26+03:00,115836.99,115837.0,115836.99,115836.99,0.00072
2025-09-20 10:40:27+03:00,115836.99,115837.0,115836.99,115837.0,0.00047
2025-09-20 10:40:28+03:00,115837.0,115837.0,115836.99,115836.99,0.00973
2025-09-20 10:40:29+03:00,115837.0,115837.0,115836.99,115837.0,0.00673
2025-09-20 10:40:30+03:00,115836.99,115837.0,115836.99,115837.0,0.00405
2025-09-20 10:40:31+03:00,115836.99,115836.99,115836.99,115836.99,0.00086
2025-09-20 10:40:32+03:00,115836.99,115837.0,115836.99,115837.0,0.00051
2025-09-20 10:40:33+03:00,115837.0,115837.0,115836.99,115837.0,0.00196
2025-09-20 10:40:34+03:00,115837.0,115837.0,115837.0,115837.0,9e-05
2025-09-20 10:40:35+03:00,115837.0,115837.0,115836.99,115836.99,0.00328
2025-09-20 10:40:36+03:00,115837.0,115837.0,115836.99,115837.0,0.0135
2025-09-20 10:40:37+03:00,115837.0,115837.0,115837.0,115837.0,0.00237
2025-09-20 10:40:38+03:00,115836.99,115837.0,115836.99,115837.0,0.00262
2025-09-20 10:40:39+03:00,115837.0,115837.0,115837.0,115837.0,0.0175
2025-09-20 10:40:40+03:00,115837.0,115837.0,115836.99,115836.99,0.011
2025-09-20 10:40:41+03:00,115836.99,115837.0,115836.99,115837.0,0.00125
2025-09-20 10:40:42+03:00,115837.0,115837.0,115837.0,115837.0,0.00243
2025-09-20 10:40:43+03:00,115837.0,115837.0,115836.99,115837.0,0.00069
2025-09-20 10:40:44+03:00,115837.0,115837.0,115837.0,115837.0,9e-05
2025-09-20 10:40:45+03:00,115837.0,115837.0,115836.99,115836.99,0.00062
2025-09-20 10:40:46+03:00,115837.0,115837.0,115836.99,115837.0,0.13497
2025-09-20 10:40:47+03:00,115837.0,115837.0,115836.99,115837.0,0.00199
2025-09-20 10:40:48+03:00,115837.0,115837.0,115836.99,115836.99,0.00045
2025-09-20 10:40:49+03:00,115837.0,115879.77,115837.0,115879.11,4.59455
2025-09-20 10:40:50+03:00,115879.11,115879.11,115879.1,115879.11,0.08463
2025-09-20 10:40:51+03:00,115879.1,115879.11,115879.1,115879.11,0.37873
2025-09-20 10:40:52+03:00,115879.11,115887.42,115879.11,115887.41,0.40123
2025-09-20 10:40:53+03:00,115887.42,115887.42,115887.41,115887.42,0.0174
2025-09-20 10:40:54+03:00,115887.41,115887.42,115887.41,115887.41,0.01096
2025-09-20 10:40:55+03:00,115887.41,115887.42,115887.41,115887.42,0.00014
2025-09-20 10:40:56+03:00,115887.41,115887.42,115887.41,115887.42,0.0007
2025-09-20 10:40:57+03:00,115887.41,115887.42,115887.41,115887.42,0.01056
2025-09-20 10:40:58+03:00,115887.41,115887.41,115887.41,115887.41,0.13902
2025-09-20 10:40:59+03:00,115887.41,115887.41,115887.41,115887.41,0.00364
2025-09-20 10:41:00+03:00,115887.42,115887.42,115887.41,115887.41,0.01906
2025-09-20 10:41:01+03:00,115887.41,115887.42,115887.41,115887.42,0.09758
2025-09-20 10:41:02+03:00,115887.41,115887.42,115887.41,115887.42,0.00549
2025-09-20 10:41:03+03:00,115887.41,115887.42,115887.41,115887.41,1.00472
2025-09-20 10:41:04+03:00,115887.41,115887.42,115887.41,115887.41,0.00938
2025-09-20 10:41:05+03:00,115887.41,115887.41,115887.41,115887.41,0.0095
2025-09-20 10:41:06+03:00,115887.42,115887.42,115887.42,115887.42,0.00023
2025-09-20 10:41:07+03:00,115887.41,115887.42,115887.41,115887.42,0.01632
2025-09-20 10:41:08+03:00,115887.41,115887.41,115887.41,115887.41,0.0048
2025-09-20 10:41:09+03:00,115887.41,115887.42,115887.41,115887.41,0.24117
2025-09-20 10:41:10+03:00,115887.41,115887.41,115887.41,115887.41,0.00382
2025-09-20 10:41:11+03:00,115887.42,115887.42,115887.41,115887.42,0.00898
2025-09-20 10:41:12+03:00,115887.41,115887.42,115887.41,115887.41,0.01259
2025-09-20 10:41:13+03:00,115887.42,115887.42,115887.42,115887.42,0.00028
2025-09-20 10:41:14+03:00,115887.41,115887.41,115887.41,115887.41,0.00205
2025-09-20 10:41:15+03:00,115887.41,115887.42,115887.41,115887.42,0.00064
2025-09-20 10:41:16+03:00,115887.41,115887.41,115887.41,115887.41,0.00776
2025-09-20 10:41:17+03:00,115887.42,115887.42,115887.41,115887.41,0.00979
2025-09-20 10:41:18+03:00,115887.42,115887.42,115887.41,115887.42,0.01184
2025-09-20 10:41:19+03:00,115887.41,115887.42,115887.41,115887.42,0.00153
2025-09-20 10:41:20+03:00,115887.41,115887.42,115887.41,115887.42,0.01222
2025-09-20 10:41:21+03:00,115887.41,115887.42,115887.41,115887.41,0.00224
2025-09-20 10:41:22+03:00,115887.41,115887.41,115887.41,115887.41,0.0024
2025-09-20 10:41:23+03:00,115887.42,115887.42,115887.41,115887.42,0.00484
2025-09-20 10:41:24+03:00,115887.42,115887.42,115887.41,115887.42,0.01228
2025-09-20 10:41:25+03:00,115887.41,115887.42,115887.41,115887.41,0.0025
2025-09-20 10:41:26+03:00,115887.41,115887.41,115887.41,115887.41,0.0002
2025-09-20 10:41:27+03:00,115887.42,115887.42,115887.41,115887.41,0.00035
2025-09-20 10:41:28+03:00,115887.41,115887.42,115887.41,115887.41,0.00317
2025-09-20 10:41:29+03:00,115887.41,115887.41,115887.41,115887.41,0.0051
2025-09-20 10:41:30+03:00,115887.42,115887.42,115887.42,115887.42,0.00028
2025-09-20 10:41:31+03:00,115887.41,115887.42,115887.41,115887.42,0.00601
2025-09-20 10:41:32+03:00,115887.42,115887.42,115887.41,115887.41,0.00076
2025-09-20 10:41:33+03:00,115887.41,115887.41,115887.41,115887.41,0.0
2025-09-20 10:41:34+03:00,115887.42,115887.42,115887.42,115887.42,0.00107
2025-09-20 10:41:35+03:00,115887.41,115887.41,115887.41,115887.41,9e-05
2025-09-20 10:41:36+03:00,115887.41,115887.42,115887.41,115887.42,0.00093
2025-09-20 10:41:37+03:00,115887.42,115887.42,115887.42,115887.42,0.0
2025-09-20 10:41:38+03:00,115887.41,115887.42,115887.41,115887.42,0.03667
2025-09-20 10:41:39+03:00,115887.42,115887.42,115887.42,115887.42,6e-05
2025-09-20 10:41:40+03:00,115887.42,115887.42,115887.41,115887.41,0.02226
2025-09-20 10:41:41+03:00,115887.41,115887.42,115887.41,115887.42,0.01599
2025-09-20 10:41:42+03:00,115887.41,115887.42,115887.41,115887.41,0.00413
2025-09-20 10:41:43+03:00,115887.41,115887.42,115887.41,115887.42,0.00172
2025-09-20 10:41:44+03:00,115887.42,115887.42,115887.42,115887.42,0.0
2025-09-20 10:41:45+03:00,115887.41,115887.41,115887.41,115887.41,0.00061
2025-09-20 10:41:46+03:00,115887.42,115887.42,115887.42,115887.42,0.0017
2025-09-20 10:41:47+03:00,115887.42,115887.42,115887.41,115887.41,0.00249
2025-09-20 10:41:48+03:00,115887.41,115887.42,115887.41,115887.42,0.00526
2025-09-20 10:41:49+03:00,115887.42,115887.42,115887.42,115887.42,0.0
2025-09-20 10:41:50+03:00,115887.41,115887.42,115887.41,115887.42,0.0028
2025-09-20 10:41:51+03:00,115887.41,115887.41,115887.41,115887.41,6e-05
2025-09-20 10:41:52+03:00,115887.41,115887.41,115887.41,115887.41,0.00302
2025-09-20 10:41:53+03:00,115887.41,115887.41,115887.41,115887.41,0.0009
2025-09-20 10:41:54+03:00,115887.42,115887.42,115887.42,115887.42,0.01006
2025-09-20 10:41:55+03:00,115887.41,115887.42,115887.41,115887.42,0.51536
2025-09-20 10:41:56+03:00,115887.41,115887.42,115887.41,115887.41,0.00217
2025-09-20 10:41:57+03:00,115887.42,115897.57,115887.42,115897.57,1.02442
2025-09-20 10:41:58+03:00,115897.58,115899.0,115897.58,115899.0,0.11769
2025-09-20 10:41:59+03:00,115898.99,115899.0,115898.99,115898.99,0.01223
2025-09-20 10:42:00+03:00,115899.0,115899.0,115898.99,115898.99,0.07407
2025-09-20 10:42:01+03:00,115899.0,115899.0,115898.99,115898.99,0.00705
2025-09-20 10:42:02+03:00,115898.99,115899.0,115898.99,115899.0,0.00799
2025-09-20 10:42:03+03:00,115898.99,115899.0,115898.99,115899.0,0.00023
2025-09-20 10:42:04+03:00,115898.99,115899.0,115898.99,115898.99,0.03151
2025-09-20 10:42:05+03:00,115898.99,115899.0,115898.99,115898.99,0.00775
2025-09-20 10:42:06+03:00,115899.0,115899.0,115898.99,115899.0,0.00484
2025-09-20 10:42:07+03:00,115898.99,115899.0,115898.99,115899.0,0.02125
2025-09-20 10:42:08+03:00,115899.0,115899.0,115899.0,115899.0,0.0796
2025-09-20 10:42:09+03:00,115898.99,115899.0,115898.99,115899.0,0.00453
2025-09-20 10:42:10+03:00,115899.0,115899.0,115899.0,115899.0,0.00183
2025-09-20 10:42:11+03:00,115899.0,115899.0,115899.0,115899.0,0.00245
2025-09-20 10:42:12+03:00,115899.0,115899.0,115898.99,115899.0,0.02194
2025-09-20 10:42:13+03:00,115898.99,115899.0,115898.99,115899.0,0.012
2025-09-20 10:42:14+03:00,115899.0,115899.0,115898.99,115898.99,0.43781
2025-09-20 10:42:15+03:00,115899.0,115899.0,115899.0,115899.0,0.00018
2025-09-20 10:42:16+03:00,115899.0,115899.0,115898.99,115898.99,0.00976
2025-09-20 10:42:17+03:00,115898.99,115899.0,115898.99,115899.0,0.0007
2025-09-20 10:42:18+03:00,115899.0,115899.0,115898.99,115898.99,0.00361
2025-09-20 10:42:19+03:00,115898.99,115899.0,115898.99,115899.0,0.00043
2025-09-20 10:42:20+03:00,115898.99,115899.0,115898.99,115898.99,0.00477
2025-09-20 10:42:21+03:00,115899.0,115899.0,115899.0,115899.0,0.00594
2025-09-20 10:42:22+03:00,115899.0,115899.0,115898.99,115899.0,0.00454
2025-09-20 10:42:23+03:00,115899.0,115899.0,115898.99,115898.99,0.00078
2025-09-20 10:42:24+03:00,115899.0,115899.0,115898.99,115899.0,0.00307
2025-09-20 10:42:25+03:00,115899.0,115899.0,115898.99,115899.0,0.00328
2025-09-20 10:42:26+03:00,115899.0,115899.0,115899.0,115899.0,9e-05
2025-09-20 10:42:27+03:00,115899.0,115899.0,115898.99,115899.0,0.00071
2025-09-20 10:42:28+03:00,115899.0,115899.0,115899.0,115899.0,0.0002
2025-09-20 10:42:29+03:00,115898.99,115899.0,115898.99,115899.0,0.01315
2025-09-20 10:42:30+03:00,115898.99,115898.99,115898.99,115898.99,0.00028
2025-09-20 10:42:31+03:00,115899.0,115899.0,115898.99,115899.0,0.0012
2025-09-20 10:42:32+03:00,115898.99,115899.0,115898.99,115899.0,0.00597
2025-09-20 10:42:33+03:00,115898.99,115899.0,115898.99,115898.99,0.00397
2025-09-20 10:42:34+03:00,115898.99,115898.99,115898.99,115898.99,7e-05
2025-09-20 10:42:35+03:00,115899.0,115899.0,115898.99,115898.99,0.01285
2025-09-20 10:42:36+03:00,115899.0,115899.0,115898.99,115898.99,0.00172
2025-09-20 10:42:37+03:00,115899.0,115899.0,115898.99,115898.99,0.00033
2025-09-20 10:42:38+03:00,115899.0,115899.0,115898.99,115898.99,0.00369
2025-09-20 10:42:39+03:00,115898.99,115899.0,115898.99,115898.99,0.00366
2025-09-20 10:42:40+03:00,115899.0,115899.0,115898.99,115898.99,0.00374
2025-09-20 10:42:41+03:00,115899.0,115899.0,115898.99,115899.0,0.00066
2025-09-20 10:42:42+03:00,115898.99,115899.0,115898.99,115898.99,0.00189
2025-09-20 10:42:43+03:00,115899.0,115899.0,115898.99,115898.99,0.00078
2025-09-20 10:42:44+03:00,115899.0,115899.0,115898.99,115899.0,0.00062
2025-09-20 10:42:45+03:00,115899.0,115899.0,115898.99,115899.0,0.00236
2025-09-20 10:42:46+03:00,115898.99,115899.0,115898.99,115898.99,0.00077
2025-09-20 10:42:47+03:00,115898.99,115899.0,115898.99,115899.0,0.00127
2025-09-20 10:42:48+03:00,115899.0,115899.0,115898.99,115898.99,0.00056
2025-09-20 10:42:49+03:00,115899.0,115899.0,115898.99,115899.0,0.00041
2025-09-20 10:42:50+03:00,115899.0,115899.0,115898.99,115899.0,0.03396
2025-09-20 10:42:51+03:00,115899.0,115899.0,115898.99,115898.99,0.00037
2025-09-20 10:42:52+03:00,115899.0,115899.0,115898.99,115898.99,0.00754
2025-09-20 10:42:53+03:00,115899.0,115899.0,115899.0,115899.0,9e-05
2025-09-20 10:42:54+03:00,115899.0,115899.0,115899.0,115899.0,0.01031
2025-09-20 10:42:55+03:00,115899.0,115899.0,115899.0,115899.0,0.00373
2025-09-20 10:42:56+03:00,115898.99,115899.0,115898.99,115899.0,0.0004
2025-09-20 10:42:57+03:00,115899.0,115899.0,115899.0,115899.0,9e-05
2025-09-20 10:42:58+03:00,115899.0,115899.0,115898.99,115899.0,0.0025
2025-09-20 10:42:59+03:00,115899.0,115899.0,115898.99,115899.0,0.00061
2025-09-20 10:43:00+03:00,115898.99,115899.0,115898.99,115898.99,0.01808
2025-09-20 10:43:01+03:00,115899.0,115899.0,115898.99,115899.0,0.00199
2025-09-20 10:43:02+03:00,115899.0,115899.0,115898.99,115898.99,0.00122
2025-09-20 10:43:03+03:00,115898.99,115899.0,115898.99,115899.0,0.09954
2025-09-20 10:43:04+03:00,115898.99,115899.0,115898.99,115899.0,0.0491
2025-09-20 10:43:05+03:00,115898.99,115899.0,115898.99,115899.0,0.00044
2025-09-20 10:43:06+03:00,115899.0,115899.0,115898.99,115898.99,0.00043
2025-09-20 10:43:07+03:00,115899.0,115899.0,115899.0,115899.0,0.00239
2025-09-20 10:43:08+03:00,115899.0,115899.0,115898.99,115899.0,0.00061
2025-09-20 10:43:09+03:00,115898.99,115899.0,115898.99,115899.0,0.0007
2025-09-20 10:43:10+03:00,115898.99,115899.0,115898.99,115899.0,0.00328
2025-09-20 10:43:11+03:00,115899.0,115899.0,115899.0,115899.0,0.00016
2025-09-20 10:43:12+03:00,115899.0,115899.0,115899.0,115899.0,0.00477
2025-09-20 10:43:13+03:00,115899.0,115899.0,115898.99,115899.0,0.00036
2025-09-20 10:43:14+03:00,115899.0,115899.0,115898.99,115898.99,0.04721
2025-09-20 10:43:15+03:00,115898.99,115899.0,115898.99,115899.0,0.00525
2025-09-20 10:43:16+03:00,115899.0,115899.0,115898.99,115899.0,0.00256
2025-09-20 10:43:17+03:00,115899.0,115899.0,115898.99,115899.0,0.01751
2025-09-20 10:43:18+03:00,115899.0,115899.0,115899.0,115899.0,0.0002
2025-09-20 10:43:19+03:00,115898.99,115899.0,115898.99,115898.99,0.06657
2025-09-20 10:43:20+03:00,115898.99,115899.0,115898.99,115899.0,0.00272
2025-09-20 10:43:21+03:00,115899.0,115899.0,115898.99,115899.0,0.00686
2025-09-20 10:43:22+03:00,115899.0,115899.0,115898.99,115898.99,0.00097
2025-09-20 10:43:23+03:00,115898.99,115899.0,115898.99,115899.0,0.03489
2025-09-20 10:43:24+03:00,115898.99,115899.0,115898.99,115899.0,0.0008
2025-09-20 10:43:25+03:00,115899.0,115904.8,115899.0,115904.79,0.48999
2025-09-20 10:43:26+03:00,115904.79,115904.8,115904.79,115904.79,0.017
2025-09-20 10:43:27+03:00,115904.79,115904.8,115904.79,115904.79,0.04623
2025-09-20 10:43:28+03:00,115904.8,115904.8,115904.79,115904.79,0.00025
2025-09-20 10:43:29+03:00,115904.8,115904.8,115904.79,115904.8,0.00157
2025-09-20 10:43:30+03:00,115904.8,115904.8,115904.79,115904.79,0.00092
2025-09-20 10:43:31+03:00,115904.79,115904.79,115904.79,115904.79,0.00019
2025-09-20 10:43:32+03:00,115904.8,115904.8,115904.8,115904.8,0.0001
2025-09-20 10:43:33+03:00,115904.8,115904.8,115904.79,115904.8,0.00024
2025-09-20 10:43:34+03:00,115904.8,115904.8,115904.8,115904.8,0.08409
2025-09-20 10:43:35+03:00,115904.79,115904.79,115904.79,115904.79,0.0174
2025-09-20 10:43:36+03:00,115904.79,115904.79,115904.79,115904.79,0.00035
2025-09-20 10:43:37+03:00,115904.8,115904.8,115904.79,115904.79,0.01283
2025-09-20 10:43:38+03:00,115904.79,115904.79,115904.79,115904.79,0.0
2025-09-20 10:43:39+03:00,115904.79,115904.79,115904.79,115904.79,0.00142
2025-09-20 10:43:40+03:00,115904.8,115904.8,115904.79,115904.79,0.0102
2025-09-20 10:43:41+03:00,115904.79,115904.8,115904.79,115904.8,0.01318
2025-09-20 10:43:42+03:00,115904.8,115904.8,115904.8,115904.8,0.0006
2025-09-20 10:43:43+03:00,115904.8,115904.8,115904.8,115904.8,0.00513
2025-09-20 10:43:44+03:00,115904.79,115904.8,115904.79,115904.8,0.00095
2025-09-20 10:43:45+03:00,115904.79,115910.91,115904.79,115910.9,1.28257
2025-09-20 10:43:46+03:00,115910.9,115910.9,115910.9,115910.9,0.14408
2025-09-20 10:43:47+03:00,115910.9,115910.91,115910.9,115910.91,0.00703
2025-09-20 10:43:48+03:00,115910.9,115916.99,115910.9,115916.99,0.70822
2025-09-20 10:43:49+03:00,115916.99,115925.67,115916.99,115925.66,0.10248
2025-09-20 10:43:50+03:00,115925.67,115925.67,115925.67,115925.67,0.03334
2025-09-20 10:43:51+03:00,115925.66,115925.67,115925.66,115925.66,0.00863
2025-09-20 10:43:52+03:00,115925.67,115925.67,115925.66,115925.66,0.00011
2025-09-20 10:43:53+03:00,115925.66,115925.67,115925.66,115925.66,0.01991
2025-09-20 10:43:54+03:00,115925.66,115925.67,115925.66,115925.66,0.01066
2025-09-20 10:43:55+03:00,115925.66,115925.66,115925.66,115925.66,0.00086
2025-09-20 10:43:56+03:00,115925.66,115925.66,115925.66,115925.66,0.00079
2025-09-20 10:43:57+03:00,115925.67,115925.67,115925.67,115925.67,0.02625
2025-09-20 10:43:58+03:00,115925.66,115925.66,115925.66,115925.66,0.00039
2025-09-20 10:43:59+03:00,115925.66,115925.66,115925.66,115925.66,0.0
2025-09-20 10:44:00+03:00,115925.67,115925.67,115925.66,115925.66,0.01227
2025-09-20 10:44:01+03:00,115925.67,115925.67,115925.67,115925.67,0.00042
2025-09-20 10:44:02+03:00,115925.66,115925.66,115925.66,115925.66,0.00406
2025-09-20 10:44:03+03:00,115925.67,115925.67,115925.67,115925.67,0.26422
2025-09-20 10:44:04+03:00,115925.66,115925.67,115925.66,115925.67,0.50107
2025-09-20 10:44:05+03:00,115925.67,115925.67,115925.66,115925.66,0.00245
2025-09-20 10:44:06+03:00,115925.67,115925.67,115925.66,115925.66,0.00387
2025-09-20 10:44:07+03:00,115925.67,115925.67,115925.66,115925.66,0.19161
2025-09-20 10:44:08+03:00,115925.66,115925.66,115925.66,115925.66,0.00261
2025-09-20 10:44:09+03:00,115925.67,115925.67,115925.66,115925.66,0.00646
2025-09-20 10:44:10+03:00,115925.66,115925.67,115925.66,115925.66,0.06703
2025-09-20 10:44:11+03:00,115925.67,115925.67,115925.67,115925.67,0.02126
2025-09-20 10:44:12+03:00,115925.67,115925.67,115925.67,115925.67,0.0049
2025-09-20 10:44:13+03:00,115925.67,115925.67,115925.66,115925.66,0.51311
2025-09-20 10:44:14+03:00,115925.66,115925.66,115925.66,115925.66,0.00162
2025-09-20 10:44:15+03:00,115925.66,115925.67,115925.66,115925.66,0.02347
2025-09-20 10:44:16+03:00,115925.67,115925.67,115925.67,115925.67,0.00102
2025-09-20 10:44:17+03:00,115925.67,115925.67,115925.67,115925.67,0.00236
2025-09-20 10:44:18+03:00,115925.66,115925.67,115925.66,115925.67,0.0002
2025-09-20 10:44:19+03:00,115925.66,115925.67,115925.66,115925.67,0.01837
2025-09-20 10:44:20+03:00,115925.67,115925.67,115925.66,115925.67,0.07164
2025-09-20 10:44:21+03:00,115925.67,115925.67,115925.66,115925.67,0.04012
2025-09-20 10:44:22+03:00,115925.67,115925.67,115925.66,115925.66,0.00087
2025-09-20 10:44:23+03:00,115925.67,115925.67,115925.66,115925.66,0.01243
2025-09-20 10:44:24+03:00,115925.66,115925.66,115925.66,115925.66,0.0
2025-09-20 10:44:25+03:00,115925.66,115925.66,115925.66,115925.66,0.02079
2025-09-20 10:44:26+03:00,115925.66,115925.66,115925.66,115925.66,0.00093
2025-09-20 10:44:27+03:00,115925.67,115925.67,115925.67,115925.67,0.01066
2025-09-20 10:44:28+03:00,115925.66,115925.66,115925.66,115925.66,0.00016
2025-09-20 10:44:29+03:00,115925.66,115925.66,115925.66,115925.66,0.0
2025-09-20 10:44:30+03:00,115925.66,115925.66,115925.66,115925.66,0.07781
2025-09-20 10:44:31+03:00,115925.66,115925.67,115925.66,115925.67,0.10064
2025-09-20 10:44:32+03:00,115925.66,115925.67,115925.66,115925.67,0.06635
2025-09-20 10:44:33+03:00,115925.67,115925.67,115925.67,115925.67,0.00034
2025-09-20 10:44:34+03:00,115925.66,115925.67,115925.66,115925.67,0.76568
2025-09-20 10:44:35+03:00,115925.66,115925.66,115925.66,115925.66,0.00941
2025-09-20 10:44:36+03:00,115925.66,115925.66,115925.66,115925.66,0.00286
2025-09-20 10:44:37+03:00,115925.67,115925.67,115925.66,115925.66,0.00283
2025-09-20 10:44:38+03:00,115925.66,115925.67,115925.66,115925.66,0.01107
2025-09-20 10:44:39+03:00,115925.66,115925.66,115925.66,115925.66,0.00018
2025-09-20 10:44:40+03:00,115925.66,115925.66,115925.66,115925.66,0.0
2025-09-20 10:44:41+03:00,115925.66,115925.66,115925.66,115925.66,0.0
2025-09-20 10:44:42+03:00,115925.66,115925.67,115925.66,115925.67,0.00108
2025-09-20 10:44:43+03:00,115925.66,115925.66,115925.66,115925.66,0.013
2025-09-20 10:44:44+03:00,115925.66,115925.66,115925.66,115925.66,0.03981
2025-09-20 10:44:45+03:00,115925.66,115925.66,115925.66,115925.66,0.00805
2025-09-20 10:44:46+03:00,115925.67,115925.67,115925.66,115925.66,0.00031
2025-09-20 10:44:47+03:00,115925.67,115925.67,115925.67,115925.67,7e-05
2025-09-20 10:44:48+03:00,115925.67,115925.67,115925.66,115925.66,0.30998
2025-09-20 10:44:49+03:00,115925.66,115925.66,115925.66,115925.66,0.0
2025-09-20 10:44:50+03:00,115925.67,115925.67,115925.66,115925.66,0.0342
2025-09-20 10:44:51+03:00,115925.66,115925.67,115925.66,115925.66,0.00671
2025-09-20 10:44:52+03:00,115925.66,115925.67,115925.66,115925.67,0.0261
2025-09-20 10:44:53+03:00,115925.66,115925.66,115925.66,115925.66,6e-05
2025-09-20 10:44:54+03:00,115925.67,115925.67,115925.66,115925.66,0.01874
2025-09-20 10:44:55+03:00,115925.66,115925.66,115925.66,115925.66,0.00023
2025-09-20 10:44:56+03:00,115925.66,115925.66,115925.66,115925.66,0.00228
2025-09-20 10:44:57+03:00,115925.66,115925.66,115925.66,115925.66,0.01421
2025-09-20 10:44:58+03:00,115925.66,115925.67,115925.66,115925.67,0.00019
2025-09-20 10:44:59+03:00,115925.67,115925.67,115925.66,115925.66,0.0022
2025-09-20 10:45:00+03:00,115925.67,115925.67,115925.66,115925.67,0.06491
2025-09-20 10:45:01+03:00,115925.66,115925.66,115909.53,115909.53,2.79801
2025-09-20 10:45:02+03:00,115909.53,115909.54,115902.85,115902.85,0.56511
2025-09-20 10:45:03+03:00,115902.85,115902.85,115902.84,115902.84,0.0058
2025-09-20 10:45:04+03:00,115902.85,115902.85,115902.84,115902.84,0.00475
2025-09-20 10:45:05+03:00,115902.84,115902.84,115902.84,115902.84,0.00126
2025-09-20 10:45:06+03:00,115902.85,115902.85,115902.84,115902.84,0.00485
2025-09-20 10:45:07+03:00,115902.85,115902.85,115902.84,115902.84,0.00222
2025-09-20 10:45:08+03:00,115902.84,115902.85,115902.84,115902.84,0.01746
2025-09-20 10:45:09+03:00,115902.85,115902.85,115902.85,115902.85,0.00712
2025-09-20 10:45:10+03:00,115902.84,115902.85,115902.84,115902.85,0.02172
2025-09-20 10:45:11+03:00,115902.85,115902.85,115902.84,115902.85,0.09
2025-09-20 10:45:12+03:00,115902.84,115902.85,115902.84,115902.85,0.00034
2025-09-20 10:45:13+03:00,115902.85,115902.85,115902.85,115902.85,0.00622
2025-09-20 10:45:14+03:00,115902.84,115902.84,115902.84,115902.84,0.19009
2025-09-20 10:45:15+03:00,115902.85,115902.85,115902.84,115902.85,0.00063
2025-09-20 10:45:16+03:00,115902.84,115902.84,115902.84,115902.84,0.00054
2025-09-20 10:45:17+03:00,115902.84,115902.85,115902.84,115902.85,0.07983
2025-09-20 10:45:18+03:00,115902.84,115902.85,115902.84,115902.85,0.04387
2025-09-20 10:45:19+03:00,115902.84,115902.84,115902.84,115902.84,0.00062
2025-09-20 10:45:20+03:00,115902.84,115902.85,115902.84,115902.84,0.01633
2025-09-20 10:45:21+03:00,115902.84,115902.84,115902.84,115902.84,0.00356
2025-09-20 10:45:22+03:00,115902.84,115902.84,115902.84,115902.84,0.00038
2025-09-20 10:45:23+03:00,115902.84,115902.85,115902.84,115902.85,0.02306
2025-09-20 10:45:24+03:00,115902.85,115902.85,115902.84,115902.85,0.00348
2025-09-20 10:45:25+03:00,115902.84,115902.84,115902.84,115902.84,0.00483
2025-09-20 10:45:26+03:00,115902.84,115902.85,115902.84,115902.84,0.01854
2025-09-20 10:45:27+03:00,115902.84,115902.85,115902.84,115902.85,0.02394
2025-09-20 10:45:28+03:00,115902.84,115902.85,115902.84,115902.85,0.02059
2025-09-20 10:45:29+03:00,115902.84,115902.84,115902.84,115902.84,0.2501
2025-09-20 10:45:30+03:00,115902.84,115902.85,115902.84,115902.84,0.00525
2025-09-20 10:45:31+03:00,115902.85,115902.85,115902.84,115902.84,0.03209
2025-09-20 10:45:32+03:00,115902.84,115902.84,115902.84,115902.84,0.0
2025-09-20 10:45:33+03:00,115902.84,115902.84,115902.84,115902.84,0.0005
2025-09-20 10:45:34+03:00,115902.84,115902.85,115902.84,115902.84,0.37643
2025-09-20 10:45:35+03:00,115902.84,115902.84,115902.84,115902.84,0.0
2025-09-20 10:45:36+03:00,115902.85,115902.85,115902.84,115902.85,0.00051
2025-09-20 10:45:37+03:00,115902.85,115902.85,115902.85,115902.85,0.00172
2025-09-20 10:45:38+03:00,115902.84,115902.85,115902.84,115902.85,0.00063
2025-09-20 10:45:39+03:00,115902.84,115902.84,115902.84,115902.84,0.00131
2025-09-20 10:45:40+03:00,115902.84,115902.84,115902.84,115902.84,0.0
2025-09-20 10:45:41+03:00,115902.84,115902.84,115902.84,115902.84,0.0
2025-09-20 10:45:42+03:00,115902.84,115902.85,115902.84,115902.84,0.01962
2025-09-20 10:45:43+03:00,115902.84,115902.84,115902.84,115902.84,0.00012
2025-09-20 10:45:44+03:00,115902.84,115902.84,115902.84,115902.84,0.00178
2025-09-20 10:45:45+03:00,115902.84,115902.84,115902.84,115902.84,0.00359
2025-09-20 10:45:46+03:00,115902.84,115902.85,115902.84,115902.85,0.02275
2025-09-20 10:45:47+03:00,115902.85,115902.85,115902.84,115902.85,0.00344
2025-09-20 10:45:48+03:00,115902.85,115902.85,115902.84,115902.84,0.02291
2025-09-20 10:45:49+03:00,115902.85,115902.85,115902.85,115902.85,0.0002
2025-09-20 10:45:50+03:00,115902.84,115902.85,115902.84,115902.85,0.03243
2025-09-20 10:45:51+03:00,115902.85,115902.85,115902.84,115902.84,0.02993
2025-09-20 10:45:52+03:00,115902.84,115902.85,115902.84,115902.84,0.00135
2025-09-20 10:45:53+03:00,115902.85,115902.85,115902.85,115902.85,0.01808
2025-09-20 10:45:54+03:00,115902.84,115902.85,115902.84,115902.85,0.66695
2025-09-20 10:45:55+03:00,115902.84,115902.84,115902.84,115902.84,0.1975
2025-09-20 10:45:56+03:00,115902.85,115902.85,115902.84,115902.84,0.00055
2025-09-20 10:45:57+03:00,115902.84,115902.84,115902.84,115902.84,0.00244
2025-09-20 10:45:58+03:00,115902.84,115902.84,115902.84,115902.84,0.0069
2025-09-20 10:45:59+03:00,115902.85,115902.85,115902.85,115902.85,0.00311
2025-09-20 10:46:00+03:00,115902.84,115902.85,115902.84,115902.85,0.00444
2025-09-20 10:46:01+03:00,115902.84,115902.85,115902.84,115902.85,0.00063
2025-09-20 10:46:02+03:00,115902.85,115902.85,115902.85,115902.85,0.0
2025-09-20 10:46:03+03:00,115902.84,115902.85,115902.84,115902.85,0.0011
2025-09-20 10:46:04+03:00,115902.85,115902.85,115902.85,115902.85,0.00029
2025-09-20 10:46:05+03:00,115902.85,115902.85,115902.85,115902.85,0.00301
2025-09-20 10:46:06+03:00,115902.85,115902.85,115902.85,115902.85,0.00405
2025-09-20 10:46:07+03:00,115902.85,115902.85,115902.84,115902.84,0.00897
2025-09-20 10:46:08+03:00,115902.84,115902.84,115902.84,115902.84,0.01515
2025-09-20 10:46:09+03:00,115902.84,115902.85,115902.84,115902.85,0.00697
2025-09-20 10:46:10+03:00,115902.85,115902.85,115902.85,115902.85,0.0
2025-09-20 10:46:11+03:00,115902.85,115902.85,115902.85,115902.85,0.00032
2025-09-20 10:46:12+03:00,115902.85,115902.85,115902.85,115902.85,0.0
2025-09-20 10:46:13+03:00,115902.85,115902.85,115902.85,115902.85,0.00868
2025-09-20 10:46:14+03:00,115902.85,115902.85,115902.85,115902.85,0.0
2025-09-20 10:46:15+03:00,115902.84,115902.85,115902.84,115902.84,0.00834
2025-09-20 10:46:16+03:00,115902.85,115902.85,115902.85,115902.85,5e-05
2025-09-20 10:46:17+03:00,115902.85,115902.85,115902.85,115902.85,0.00432
2025-09-20 10:46:18+03:00,115902.85,115902.85,115902.84,115902.84,0.00974
2025-09-20 10:46:19+03:00,115902.85,115902.85,115902.85,115902.85,0.01818
2025-09-20 10:46:20+03:00,115902.85,115902.85,115902.85,115902.85,7e-05
2025-09-20 10:46:21+03:00,115902.85,115902.85,115902.84,115902.85,0.0189
2025-09-20 10:46:22+03:00,115902.84,115902.85,115902.84,115902.85,0.00254
2025-09-20 10:46:23+03:00,115902.85,115902.85,115902.84,115902.84,0.00542
2025-09-20 10:46:24+03:00,115902.85,115902.85,115902.84,115902.84,0.03775
2025-09-20 10:46:25+03:00,115902.84,115902.85,115902.84,115902.84,0.00107
2025-09-20 10:46:26+03:00,115902.84,115902.85,115902.84,115902.85,0.01555
2025-09-20 10:46:27+03:00,115902.85,115902.85,115902.85,115902.85,0.0
2025-09-20 10:46:28+03:00,115902.85,115902.85,115902.85,115902.85,0.00022
2025-09-20 10:46:29+03:00,115902.85,115902.85,115902.84,115902.84,0.02823
2025-09-20 10:46:30+03:00,115902.84,115902.84,115902.84,115902.84,0.00011
2025-09-20 10:46:31+03:00,115902.84,115902.84,115902.84,115902.84,0.00086
2025-09-20 10:46:32+03:00,115902.84,115902.85,115902.84,115902.85,0.00818
2025-09-20 10:46:33+03:00,115902.85,115902.85,115902.85,115902.85,0.0
2025-09-20 10:46:34+03:00,115902.85,115902.85,115902.84,115902.84,0.00775
2025-09-20 10:46:35+03:00,115902.85,115902.85,115902.84,115902.85,0.0297
2025-09-20 10:46:36+03:00,115902.84,115902.84,115902.84,115902.84,5e-05
2025-09-20 10:46:37+03:00,115902.84,115902.85,115902.84,115902.84,0.02015
2025-09-20 10:46:38+03:00,115902.85,115902.85,115902.84,115902.84,0.00952
2025-09-20 10:46:39+03:00,115902.84,115902.85,115902.84,115902.85,0.00317
2025-09-20 10:46:40+03:00,115902.85,115902.85,115902.84,115902.84,0.01108
2025-09-20 10:46:41+03:00,115902.84,115902.84,115902.84,115902.84,0.0
2025-09-20 10:46:42+03:00,115902.85,115902.85,115902.84,115902.85,0.01761
2025-09-20 10:46:43+03:00,115902.84,115902.84,115902.84,115902.84,0.01793
2025-09-20 10:46:44+03:00,115902.84,115902.84,115902.84,115902.84,0.00011
2025-09-20 10:46:45+03:00,115902.85,115902.85,115902.85,115902.85,7e-05
2025-09-20 10:46:46+03:00,115902.85,115902.85,115902.85,115902.85,0.00396
2025-09-20 10:46:47+03:00,115902.85,115902.85,115902.85,115902.85,0.00018
2025-09-20 10:46:48+03:00,115902.84,115902.84,115902.84,115902.84,0.02449
2025-09-20 10:46:49+03:00,115902.84,115902.85,115902.84,115902.85,0.52163
2025-09-20 10:46:50+03:00,115902.85,115902.85,115902.84,115902.84,0.11112
2025-09-20 10:46:51+03:00,115902.84,115902.84,115902.84,115902.84,0.00092
2025-09-20 10:46:52+03:00,115902.85,115902.85,115902.85,115902.85,0.00247
2025-09-20 10:46:53+03:00,115902.85,115902.85,115902.85,115902.85,8e-05
2025-09-20 10:46:54+03:00,115902.84,115902.85,115902.84,115902.85,0.06257
2025-09-20 10:46:55+03:00,115902.85,115902.85,115902.85,115902.85,0.00046
2025-09-20 10:46:56+03:00,115902.84,115902.84,115902.84,115902.84,0.00376
2025-09-20 10:46:57+03:00,115902.84,115902.84,115902.84,115902.84,0.00679
2025-09-20 10:46:58+03:00,115902.84,115902.85,115902.84,115902.84,0.00526
2025-09-20 10:46:59+03:00,115902.85,115902.85,115902.84,115902.84,0.00786
2025-09-20 10:47:00+03:00,115902.85,115902.85,115902.85,115902.85,0.01107
2025-09-20 10:47:01+03:00,115902.85,115902.85,115902.84,115902.84,0.1998
2025-09-20 10:47:02+03:00,115902.84,115902.85,115902.84,115902.84,0.00591
2025-09-20 10:47:03+03:00,115902.85,115902.85,115894.95,115894.95,3.21212
2025-09-20 10:47:04+03:00,115894.95,115894.96,115894.95,115894.96,0.01116
2025-09-20 10:47:05+03:00,115894.95,115894.95,115881.49,115881.49,0.55137
2025-09-20 10:47:06+03:00,115881.5,115881.5,115881.49,115881.5,0.00978
2025-09-20 10:47:07+03:00,115881.49,115881.49,115881.09,115881.1,0.01092
2025-09-20 10:47:08+03:00,115881.09,115881.09,115877.78,115877.78,0.30314
2025-09-20 10:47:09+03:00,115877.78,115877.78,115877.78,115877.78,0.00057
2025-09-20 10:47:10+03:00,115877.77,115877.78,115877.77,115877.78,0.19476
2025-09-20 10:47:11+03:00,115877.77,115877.78,115877.77,115877.78,0.02232
2025-09-20 10:47:12+03:00,115877.78,115877.78,115877.78,115877.78,0.00057
2025-09-20 10:47:13+03:00,115877.78,115877.78,115877.78,115877.78,0.0
2025-09-20 10:47:14+03:00,115877.78,115877.78,115877.78,115877.78,5e-05
2025-09-20 10:47:15+03:00,115877.77,115877.77,115877.77,115877.77,0.01108
2025-09-20 10:47:16+03:00,115877.78,115877.78,115877.78,115877.78,0.00112
2025-09-20 10:47:17+03:00,115877.78,115877.78,115877.77,115877.77,0.03344
2025-09-20 10:47:18+03:00,115877.78,115877.78,115877.77,115877.77,0.58141
2025-09-20 10:47:19+03:00,115877.78,115918.63,115877.77,115918.63,6.66371
2025-09-20 10:47:20+03:00,115918.63,115918.63,115918.63,115918.63,0.0001
2025-09-20 10:47:21+03:00,115918.63,115918.63,115918.63,115918.63,0.0
2025-09-20 10:47:22+03:00,115918.63,115918.63,115918.62,115918.62,0.32604
2025-09-20 10:47:23+03:00,115918.62,115923.87,115918.62,115923.87,0.72784
2025-09-20 10:47:24+03:00,115923.87,115923.87,115923.86,115923.86,0.0039
2025-09-20 10:47:25+03:00,115923.87,115923.87,115923.87,115923.87,0.00013
2025-09-20 10:47:26+03:00,115923.86,115923.87,115923.86,115923.86,0.00168
2025-09-20 10:47:27+03:00,115923.86,115923.86,115923.86,115923.86,0.05546
2025-09-20 10:47:28+03:00,115923.86,115923.87,115923.86,115923.87,0.00064
2025-09-20 10:47:29+03:00,115923.87,115926.11,115923.87,115926.1,0.6015
2025-09-20 10:47:30+03:00,115926.11,115926.11,115926.11,115926.11,0.00018
2025-09-20 10:47:31+03:00,115926.1,115926.1,115926.1,115926.1,0.00033
2025-09-20 10:47:32+03:00,115926.1,115926.1,115926.1,115926.1,0.0
2025-09-20 10:47:33+03:00,115926.1,115926.1,115926.1,115926.1,0.00182
2025-09-20 10:47:34+03:00,115926.11,115926.11,115926.11,115926.11,0.00153
2025-09-20 10:47:35+03:00,115926.1,115926.1,115926.1,115926.1,0.0012
2025-09-20 10:47:36+03:00,115926.1,115926.1,115926.1,115926.1,6e-05
2025-09-20 10:47:37+03:00,115926.1,115926.1,115926.1,115926.1,0.0
2025-09-20 10:47:38+03:00,115926.1,115926.11,115926.1,115926.1,0.00519
2025-09-20 10:47:39+03:00,115926.11,115926.11,115926.1,115926.11,0.00074
2025-09-20 10:47:40+03:00,115926.11,115926.11,115926.11,115926.11,7e-05
2025-09-20 10:47:41+03:00,115926.11,115926.11,115926.11,115926.11,0.0093
2025-09-20 10:47:42+03:00,115926.1,115926.11,115926.1,115926.11,0.00093
2025-09-20 10:47:43+03:00,115926.11,115926.11,115926.11,115926.11,0.0
2025-09-20 10:47:44+03:00,115926.1,115926.11,115926.1,115926.11,0.00321
2025-09-20 10:47:45+03:00,115926.11,115926.11,115926.1,115926.1,0.00285
2025-09-20 10:47:46+03:00,115926.11,115932.46,115926.11,115932.46,0.34424
2025-09-20 10:47:47+03:00,115932.46,115932.46,115932.46,115932.46,0.01639
2025-09-20 10:47:48+03:00,115932.46,115932.46,115932.46,115932.46,0.03821
2025-09-20 10:47:49+03:00,115932.45,115932.45,115932.45,115932.45,0.02986
2025-09-20 10:47:50+03:00,115932.46,115932.46,115932.45,115932.46,0.0757
2025-09-20 10:47:51+03:00,115932.46,115932.46,115932.46,115932.46,0.00314
2025-09-20 10:47:52+03:00,115932.45,115932.45,115932.45,115932.45,0.00181
2025-09-20 10:47:53+03:00,115932.45,115932.45,115932.45,115932.45,0.0
2025-09-20 10:47:54+03:00,115932.46,115932.46,115932.45,115932.45,0.06793
2025-09-20 10:47:55+03:00,115932.46,115932.46,115932.45,115932.45,0.00437
2025-09-20 10:47:56+03:00,115932.45,115932.45,115932.45,115932.45,0.00332
2025-09-20 10:47:57+03:00,115932.45,115932.45,115932.45,115932.45,5e-05
2025-09-20 10:47:58+03:00,115932.46,115932.46,115932.45,115932.45,0.12031
2025-09-20 10:47:59+03:00,115932.46,115932.46,115932.46,115932.46,0.00083
2025-09-20 10:48:00+03:00,115932.46,115932.46,115932.45,115932.45,0.00696
2025-09-20 10:48:01+03:00,115932.46,115932.46,115932.46,115932.46,0.00436
2025-09-20 10:48:02+03:00,115932.45,115932.46,115932.45,115932.46,0.0058
2025-09-20 10:48:03+03:00,115932.46,115932.46,115932.46,115932.46,0.00015
2025-09-20 10:48:04+03:00,115932.45,115932.46,115932.45,115932.46,0.00619
2025-09-20 10:48:05+03:00,115932.45,115932.45,115932.45,115932.45,9e-05
2025-09-20 10:48:06+03:00,115932.45,115932.46,115932.45,115932.46,0.02621
2025-09-20 10:48:07+03:00,115932.45,115932.46,115932.45,115932.46,0.01365
2025-09-20 10:48:08+03:00,115932.45,115932.46,115932.45,115932.45,0.01449
2025-09-20 10:48:09+03:00,115932.45,115932.46,115932.45,115932.46,0.00591
2025-09-20 10:48:10+03:00,115932.45,115932.46,115932.45,115932.46,0.06239
2025-09-20 10:48:11+03:00,115932.46,115932.46,115932.46,115932.46,9e-05
2025-09-20 10:48:12+03:00,115932.46,115932.46,115932.46,115932.46,7e-05
2025-09-20 10:48:13+03:00,115932.45,115932.46,115932.45,115932.46,0.00408
2025-09-20 10:48:14+03:00,115932.45,115932.46,115932.45,115932.46,0.00441
2025-09-20 10:48:15+03:00,115932.46,115932.46,115932.46,115932.46,0.00031
2025-09-20 10:48:16+03:00,115932.45,115932.46,115928.53,115928.54,3.56629
2025-09-20 10:48:17+03:00,115928.54,115928.54,115928.53,115928.53,0.00799
2025-09-20 10:48:18+03:00,115928.53,115928.54,115928.53,115928.54,0.00768
2025-09-20 10:48:19+03:00,115928.54,115928.54,115928.53,115928.54,0.00018
2025-09-20 10:48:20+03:00,115928.54,115928.54,115928.53,115928.54,0.00427
2025-09-20 10:48:21+03:00,115928.54,115928.54,115928.54,115928.54,0.0049
2025-09-20 10:48:22+03:00,115928.54,115928.54,115928.53,115928.54,0.0009
2025-09-20 10:48:23+03:00,115928.54,115928.54,115928.53,115928.54,0.00603
2025-09-20 10:48:24+03:00,115928.54,115928.54,115928.54,115928.54,0.01601
2025-09-20 10:48:25+03:00,115928.54,115928.54,115928.53,115928.54,0.00683
2025-09-20 10:48:26+03:00,115928.53,115928.54,115928.53,115928.54,0.00012
2025-09-20 10:48:27+03:00,115928.54,115928.54,115928.53,115928.53,0.00472
2025-09-20 10:48:28+03:00,115928.54,115928.54,115928.53,115928.53,0.00058
2025-09-20 10:48:29+03:00,115928.53,115928.53,115928.53,115928.53,0.00146
2025-09-20 10:48:30+03:00,115928.54,115928.54,115928.53,115928.53,0.0003
2025-09-20 10:48:31+03:00,115928.54,115928.54,115923.87,115923.87,0.59945
2025-09-20 10:48:32+03:00,115923.87,115923.87,115921.1,115921.11,0.59324
2025-09-20 10:48:33+03:00,115921.1,115921.1,115921.1,115921.1,0.05486
2025-09-20 10:48:34+03:00,115921.1,115921.1,115921.1,115921.1,0.0
2025-09-20 10:48:35+03:00,115921.11,115921.11,115921.1,115921.11,0.0021
2025-09-20 10:48:36+03:00,115921.1,115921.1,115921.1,115921.1,0.003
2025-09-20 10:48:37+03:00,115921.11,115921.11,115921.11,115921.11,7e-05
2025-09-20 10:48:38+03:00,115921.1,115921.1,115921.1,115921.1,0.00576
2025-09-20 10:48:39+03:00,115921.11,115921.11,115921.11,115921.11,0.00155
2025-09-20 10:48:40+03:00,115921.11,115921.11,115921.11,115921.11,0.00094
2025-09-20 10:48:41+03:00,115921.1,115921.11,115921.1,115921.11,0.00498
2025-09-20 10:48:42+03:00,115921.11,115921.11,115921.11,115921.11,0.00015
2025-09-20 10:48:43+03:00,115921.1,115921.1,115921.1,115921.1,0.03624
2025-09-20 10:48:44+03:00,115921.11,115921.11,115921.1,115921.1,0.00185
2025-09-20 10:48:45+03:00,115921.1,115921.1,115921.1,115921.1,0.14613
2025-09-20 10:48:46+03:00,115921.11,115921.11,115921.11,115921.11,0.0002
2025-09-20 10:48:47+03:00,115921.1,115921.1,115921.1,115921.1,0.00206
2025-09-20 10:48:48+03:00,115921.11,115921.11,115921.1,115921.1,0.00845
2025-09-20 10:48:49+03:00,115921.11,115921.11,115921.11,115921.11,6e-05
2025-09-20 10:48:50+03:00,115921.11,115921.11,115921.1,115921.1,0.03299
2025-09-20 10:48:51+03:00,115921.11,115921.11,115921.1,115921.11,0.00085
2025-09-20 10:48:52+03:00,115921.11,115921.11,115921.11,115921.11,0.0
2025-09-20 10:48:53+03:00,115921.11,115921.11,115921.1,115921.1,0.00068
2025-09-20 10:48:54+03:00,115921.11,115921.11,115921.1,115921.1,0.01083
2025-09-20 10:48:55+03:00,115921.1,115921.11,115921.1,115921.11,0.08556
2025-09-20 10:48:56+03:00,115921.11,115921.11,115921.11,115921.11,7e-05
2025-09-20 10:48:57+03:00,115921.1,115921.11,115921.1,115921.11,0.04709
2025-09-20 10:48:58+03:00,115921.1,115921.1,115921.1,115921.1,0.00022
2025-09-20 10:48:59+03:00,115921.11,115921.11,115921.1,115921.1,0.00242
2025-09-20 10:49:00+03:00,115921.11,115921.11,115921.1,115921.11,0.01354
2025-09-20 10:49:01+03:00,115921.1,115921.11,115921.1,115921.11,0.00027
2025-09-20 10:49:02+03:00,115921.11,115921.11,115921.11,115921.11,0.00051
2025-09-20 10:49:03+03:00,115921.1,115921.1,115921.1,115921.1,0.00027
2025-09-20 10:49:04+03:00,115921.1,115921.11,115921.1,115921.11,0.00012
2025-09-20 10:49:05+03:00,115921.1,115921.11,115921.1,115921.1,0.00206
2025-09-20 10:49:06+03:00,115921.1,115921.11,115921.1,115921.11,0.00147
2025-09-20 10:49:07+03:00,115921.1,115921.1,115921.1,115921.1,0.0002
2025-09-20 10:49:08+03:00,115921.11,115921.11,115921.11,115921.11,0.00044
2025-09-20 10:49:09+03:00,115921.1,115921.11,115921.1,115921.1,0.00406
2025-09-20 10:49:10+03:00,115921.1,115921.11,115921.1,115921.11,0.00292
2025-09-20 10:49:11+03:00,115921.11,115928.53,115921.11,115928.53,0.67682
2025-09-20 10:49:12+03:00,115928.53,115928.53,115928.53,115928.53,0.00372
2025-09-20 10:49:13+03:00,115928.53,115928.53,115928.53,115928.53,7e-05
2025-09-20 10:49:14+03:00,115928.53,115934.03,115928.53,115934.03,0.21335
2025-09-20 10:49:15+03:00,115934.02,115934.02,115934.02,115934.02,0.00296
2025-09-20 10:49:16+03:00,115934.03,115934.03,115934.03,115934.03,0.01294
2025-09-20 10:49:17+03:00,115934.03,115934.11,115934.02,115934.11,0.178
2025-09-20 10:49:18+03:00,115934.1,115934.1,115934.1,115934.1,0.0014
2025-09-20 10:49:19+03:00,115934.11,115934.11,115934.11,115934.11,0.00598
2025-09-20 10:49:20+03:00,115934.1,115934.1,115934.1,115934.1,0.00311
2025-09-20 10:49:21+03:00,115934.1,115934.1,115934.1,115934.1,0.00561
2025-09-20 10:49:22+03:00,115934.1,115934.1,115934.1,115934.1,0.00495
2025-09-20 10:49:23+03:00,115934.11,115934.11,115934.11,115934.11,7e-05
2025-09-20 10:49:24+03:00,115934.11,115934.11,115934.1,115934.1,0.00357
2025-09-20 10:49:25+03:00,115934.1,115934.1,115934.1,115934.1,0.00409
2025-09-20 10:49:26+03:00,115934.11,115934.11,115934.1,115934.1,0.0003
2025-09-20 10:49:27+03:00,115934.1,115934.11,115934.1,115934.1,0.00913
2025-09-20 10:49:28+03:00,115934.1,115934.1,115934.1,115934.1,0.0
2025-09-20 10:49:29+03:00,115934.1,115934.11,115934.1,115934.11,0.00011
2025-09-20 10:49:30+03:00,115934.11,115934.11,115934.1,115934.1,0.0044
2025-09-20 10:49:31+03:00,115934.11,115934.11,115934.1,115934.11,0.00035
2025-09-20 10:49:32+03:00,115934.1,115934.11,115934.1,115934.1,0.00072
2025-09-20 10:49:33+03:00,115934.11,115934.11,115934.11,115934.11,0.03464
2025-09-20 10:49:34+03:00,115934.1,115934.1,115934.1,115934.1,6e-05
2025-09-20 10:49:35+03:00,115934.1,115934.1,115934.1,115934.1,0.03665
2025-09-20 10:49:36+03:00,115934.1,115934.11,115934.1,115934.11,0.00093
2025-09-20 10:49:37+03:00,115934.11,115934.11,115934.11,115934.11,0.00071
2025-09-20 10:49:38+03:00,115934.11,115934.11,115934.11,115934.11,0.00956
2025-09-20 10:49:39+03:00,115934.1,115934.11,115934.1,115934.11,0.02862
2025-09-20 10:49:40+03:00,115934.11,115934.11,115934.1,115934.11,0.00776
2025-09-20 10:49:41+03:00,115934.11,115934.11,115934.1,115934.1,0.03113
2025-09-20 10:49:42+03:00,115934.1,115934.11,115934.1,115934.11,0.00177
2025-09-20 10:49:43+03:00,115934.11,115938.93,115934.11,115938.93,1.35681
2025-09-20 10:49:44+03:00,115938.93,115940.24,115938.93,115940.24,0.63182
2025-09-20 10:49:45+03:00,115940.23,115940.97,115940.23,115940.97,0.17371
2025-09-20 10:49:46+03:00,115940.98,115945.1,115940.98,115945.1,0.57265
2025-09-20 10:49:47+03:00,115945.1,115945.1,115945.09,115945.09,0.00093
2025-09-20 10:49:48+03:00,115945.1,115945.1,115945.09,115945.09,0.00308
2025-09-20 10:49:49+03:00,115945.1,115945.1,115945.09,115945.1,0.00378
2025-09-20 10:49:50+03:00,115945.1,115945.1,115945.09,115945.1,0.03268
2025-09-20 10:49:51+03:00,115945.09,115945.1,115945.09,115945.1,0.00484
2025-09-20 10:49:52+03:00,115945.09,115945.1,115945.09,115945.09,0.00445
2025-09-20 10:49:53+03:00,115945.1,115945.1,115945.1,115945.1,0.00141
2025-09-20 10:49:54+03:00,115945.1,115945.1,115945.09,115945.1,0.01313
2025-09-20 10:49:55+03:00,115945.1,115945.1,115945.09,115945.09,0.00603
2025-09-20 10:49:56+03:00,115945.1,115945.1,115945.1,115945.1,0.00017
2025-09-20 10:49:57+03:00,115945.09,115945.1,115945.09,115945.1,0.00564
2025-09-20 10:49:58+03:00,115945.1,115945.1,115945.1,115945.1,0.00275
2025-09-20 10:49:59+03:00,115945.1,115945.1,115945.09,115945.09,0.02654
2025-09-20 10:50:00+03:00,115945.1,115945.1,115945.1,115945.1,0.00409
2025-09-20 10:50:01+03:00,115945.09,115945.1,115940.33,115940.33,1.44048
2025-09-20 10:50:02+03:00,115940.33,115940.33,115940.33,115940.33,0.00096
2025-09-20 10:50:03+03:00,115940.33,115940.33,115940.32,115940.33,0.33935
2025-09-20 10:50:04+03:00,115940.32,115940.33,115940.32,115940.33,0.00472
2025-09-20 10:50:05+03:00,115940.33,115940.33,115940.32,115940.33,0.02024
2025-09-20 10:50:06+03:00,115940.33,115940.33,115940.33,115940.33,0.0
2025-09-20 10:50:07+03:00,115940.33,115940.33,115940.32,115940.32,0.0044
2025-09-20 10:50:08+03:00,115940.33,115940.33,115940.33,115940.33,0.00021
2025-09-20 10:50:09+03:00,115940.32,115940.33,115940.32,115940.33,0.00038
2025-09-20 10:50:10+03:00,115940.32,115940.33,115940.32,115940.32,0.12201
2025-09-20 10:50:11+03:00,115940.33,115940.33,115940.33,115940.33,0.00018
2025-09-20 10:50:12+03:00,115940.33,115940.33,115940.33,115940.33,0.00503
2025-09-20 10:50:13+03:00,115940.33,115940.33,115940.32,115940.33,0.00899
2025-09-20 10:50:14+03:00,115940.33,115940.33,115940.33,115940.33,0.0028
2025-09-20 10:50:15+03:00,115940.33,115940.33,115940.33,115940.33,7e-05
2025-09-20 10:50:16+03:00,115940.32,115940.33,115940.32,115940.33,0.40462
2025-09-20 10:50:17+03:00,115940.32,115940.33,115940.32,115940.33,0.00136
2025-09-20 10:50:18+03:00,115940.32,115940.32,115940.32,115940.32,0.002
2025-09-20 10:50:19+03:00,115940.32,115940.32,115940.32,115940.32,0.00817
2025-09-20 10:50:20+03:00,115940.32,115940.33,115940.32,115940.32,0.00171
2025-09-20 10:50:21+03:00,115940.32,115940.33,115940.32,115940.33,0.00232
2025-09-20 10:50:22+03:00,115940.33,115940.33,115940.32,115940.33,0.00928
2025-09-20 10:50:23+03:00,115940.33,115940.33,115940.33,115940.33,0.04084
2025-09-20 10:50:24+03:00,115940.33,115940.33,115940.33,115940.33,0.00036
2025-09-20 10:50:25+03:00,115940.32,115940.33,115940.32,115940.32,0.10865
2025-09-20 10:50:26+03:00,115940.33,115940.33,115940.33,115940.33,0.00975
2025-09-20 10:50:27+03:00,115940.33,115940.33,115940.33,115940.33,0.03436
2025-09-20 10:50:28+03:00,115940.33,115940.33,115940.32,115940.32,0.09817
2025-09-20 10:50:29+03:00,115940.32,115940.33,115940.32,115940.33,0.00099
2025-09-20 10:50:30+03:00,115940.32,115940.33,115940.32,115940.33,0.10336
2025-09-20 10:50:31+03:00,115940.33,115940.33,115940.33,115940.33,0.0091
2025-09-20 10:50:32+03:00,115940.32,115940.33,115940.32,115940.33,0.02407
2025-09-20 10:50:33+03:00,115940.33,115940.33,115940.32,115940.32,0.01333
2025-09-20 10:50:34+03:00,115940.33,115940.33,115940.32,115940.33,0.0044
2025-09-20 10:50:35+03:00,115940.32,115940.32,115940.32,115940.32,0.00345
2025-09-20 10:50:36+03:00,115940.33,115950.87,115940.33,115950.87,1.83072
2025-09-20 10:50:37+03:00,115950.86,115950.87,115950.86,115950.87,0.07805
2025-09-20 10:50:38+03:00,115950.87,115950.87,115950.86,115950.86,0.00404
2025-09-20 10:50:39+03:00,115950.86,115950.86,115950.86,115950.86,0.01882
2025-09-20 10:50:40+03:00,115950.86,115950.87,115950.86,115950.87,0.01219
2025-09-20 10:50:41+03:00,115950.86,115950.87,115950.86,115950.86,0.00457
2025-09-20 10:50:42+03:00,115950.86,115950.86,115950.86,115950.86,0.00035
2025-09-20 10:50:43+03:00,115950.87,115950.87,115950.87,115950.87,0.0024
2025-09-20 10:50:44+03:00,115950.87,115950.87,115950.86,115950.87,0.0636
2025-09-20 10:50:45+03:00,115950.87,115950.87,115950.86,115950.86,0.00108
2025-09-20 10:50:46+03:00,115950.87,115950.87,115950.87,115950.87,0.00094
2025-09-20 10:50:47+03:00,115950.86,115950.87,115950.86,115950.86,0.00385
2025-09-20 10:50:48+03:00,115950.87,115950.87,115950.87,115950.87,0.00355
2025-09-20 10:50:49+03:00,115950.87,115950.87,115950.87,115950.87,0.0
2025-09-20 10:50:50+03:00,115950.87,115950.87,115950.86,115950.86,0.09524
2025-09-20 10:50:51+03:00,115950.87,115950.87,115950.87,115950.87,0.00042
2025-09-20 10:50:52+03:00,115950.87,115950.87,115950.87,115950.87,7e-05
2025-09-20 10:50:53+03:00,115950.87,115950.87,115950.86,115950.87,0.15742
2025-09-20 10:50:54+03:00,115950.86,115950.87,115950.86,115950.87,0.027
2025-09-20 10:50:55+03:00,115950.86,115950.87,115950.86,115950.87,0.00056
2025-09-20 10:50:56+03:00,115950.86,115950.87,115950.86,115950.86,0.00038
2025-09-20 10:50:57+03:00,115950.86,115950.86,115950.86,115950.86,0.6
2025-09-20 10:50:58+03:00,115950.87,115950.87,115950.87,115950.87,0.17948
2025-09-20 10:50:59+03:00,115950.87,115950.87,115950.86,115950.86,0.00255
2025-09-20 10:51:00+03:00,115950.86,115950.87,115950.86,115950.87,0.00878
2025-09-20 10:51:01+03:00,115950.87,115950.87,115950.86,115950.86,0.00123
2025-09-20 10:51:02+03:00,115950.86,115950.87,115950.86,115950.87,0.00331
2025-09-20 10:51:03+03:00,115950.86,115950.86,115950.86,115950.86,0.00031
2025-09-20 10:51:04+03:00,115950.86,115950.87,115950.86,115950.87,0.00346
2025-09-20 10:51:05+03:00,115950.86,115950.86,115950.86,115950.86,5.71234
2025-09-20 10:51:06+03:00,115950.86,115950.86,115950.86,115950.86,0.00191
2025-09-20 10:51:07+03:00,115950.86,115950.86,115950.86,115950.86,0.00019
2025-09-20 10:51:08+03:00,115950.86,115950.87,115950.86,115950.87,0.00054
2025-09-20 10:51:09+03:00,115950.86,115950.87,115950.86,115950.86,0.00687
2025-09-20 10:51:10+03:00,115950.86,115950.86,115950.86,115950.86,0.00049
2025-09-20 10:51:11+03:00,115950.86,115950.86,115950.86,115950.86,0.00102
2025-09-20 10:51:12+03:00,115950.86,115950.87,115950.86,115950.87,0.01802
2025-09-20 10:51:13+03:00,115950.87,115950.87,115950.86,115950.86,0.0026
2025-09-20 10:51:14+03:00,115950.86,115950.87,115950.86,115950.87,0.0069
2025-09-20 10:51:15+03:00,115950.86,115950.87,115950.86,115950.87,0.01101
2025-09-20 10:51:16+03:00,115950.87,115950.87,115950.86,115950.87,0.01382
2025-09-20 10:51:17+03:00,115950.87,115950.87,115950.87,115950.87,0.0
2025-09-20 10:51:18+03:00,115950.86,115950.86,115950.86,115950.86,0.00606
2025-09-20 10:51:19+03:00,115950.87,115950.87,115950.86,115950.87,0.01687
2025-09-20 10:51:20+03:00,115950.86,115950.86,115950.86,115950.86,0.00266
2025-09-20 10:51:21+03:00,115950.87,115950.87,115950.86,115950.87,0.05043
2025-09-20 10:51:22+03:00,115950.86,115950.87,115950.86,115950.86,0.00123
2025-09-20 10:51:23+03:00,115950.86,115950.86,115950.86,115950.86,0.00019
2025-09-20 10:51:24+03:00,115950.87,115950.87,115950.86,115950.87,0.09282
2025-09-20 10:51:25+03:00,115950.86,115950.87,115950.86,115950.87,0.01139
2025-09-20 10:51:26+03:00,115950.87,115950.87,115950.87,115950.87,0.00169
2025-09-20 10:51:27+03:00,115950.86,115950.87,115950.86,115950.87,0.01133
2025-09-20 10:51:28+03:00,115950.86,115950.86,115950.86,115950.86,0.00014
2025-09-20 10:51:29+03:00,115950.86,115950.86,115950.86,115950.86,0.00012
2025-09-20 10:51:30+03:00,115950.87,115950.87,115950.86,115950.86,0.00646
2025-09-20 10:51:31+03:00,115950.86,115950.87,115950.86,115950.87,0.00164
2025-09-20 10:51:32+03:00,115950.86,115950.87,115950.86,115950.87,0.00072
2025-09-20 10:51:33+03:00,115950.87,115950.87,115950.86,115950.86,0.00892
2025-09-20 10:51:34+03:00,115950.87,115950.87,115950.86,115950.86,0.00119
2025-09-20 10:51:35+03:00,115950.87,115950.87,115950.87,115950.87,0.00018
2025-09-20 10:51:36+03:00,115950.87,115950.87,115950.87,115950.87,7e-05
2025-09-20 10:51:37+03:00,115950.87,115950.87,115950.86,115950.87,0.00059
2025-09-20 10:51:38+03:00,115950.87,115950.87,115950.86,115950.86,0.00041
2025-09-20 10:51:39+03:00,115950.86,115950.87,115950.86,115950.87,0.03217
2025-09-20 10:51:40+03:00,115950.87,115950.87,115950.87,115950.87,0.00056
2025-09-20 10:51:41+03:00,115950.87,115950.87,115950.86,115950.86,0.00244
2025-09-20 10:51:42+03:00,115950.86,115950.86,115950.86,115950.86,0.00158
2025-09-20 10:51:43+03:00,115950.86,115950.86,115950.86,115950.86,6e-05
2025-09-20 10:51:44+03:00,115950.87,115950.87,115950.87,115950.87,4e-05
2025-09-20 10:51:45+03:00,115950.86,115950.87,115950.86,115950.86,0.01817
2025-09-20 10:51:46+03:00,115950.87,115950.87,115950.86,115950.86,0.00201
2025-09-20 10:51:47+03:00,115950.86,115950.87,115950.86,115950.87,0.08571
2025-09-20 10:51:48+03:00,115950.86,115950.87,115950.86,115950.87,0.00044
2025-09-20 10:51:49+03:00,115950.87,115950.87,115950.87,115950.87,0.00459
2025-09-20 10:51:50+03:00,115950.87,115950.87,115950.86,115950.87,0.04027
2025-09-20 10:51:51+03:00,115950.86,115950.86,115950.86,115950.86,0.00067
2025-09-20 10:51:52+03:00,115950.86,115950.87,115950.86,115950.86,0.01353
2025-09-20 10:51:53+03:00,115950.86,115950.86,115950.86,115950.86,0.0
2025-09-20 10:51:54+03:00,115950.86,115950.87,115950.86,115950.87,0.02698
2025-09-20 10:51:55+03:00,115950.87,115950.87,115950.86,115950.86,0.01017
2025-09-20 10:51:56+03:00,115950.86,115950.86,115950.86,115950.86,0.00016
2025-09-20 10:51:57+03:00,115950.87,115950.87,115950.87,115950.87,0.0004
2025-09-20 10:51:58+03:00,115950.86,115950.86,115950.86,115950.86,0.02589
2025-09-20 10:51:59+03:00,115950.86,115950.86,115950.86,115950.86,0.0
2025-09-20 10:52:00+03:00,115950.87,115950.87,115950.86,115950.87,0.02753
2025-09-20 10:52:01+03:00,115950.87,115950.87,115950.86,115950.86,0.017
2025-09-20 10:52:02+03:00,115950.87,115950.87,115950.86,115950.87,0.00035
2025-09-20 10:52:03+03:00,115950.87,115950.87,115950.87,115950.87,0.0
2025-09-20 10:52:04+03:00,115950.87,115950.87,115950.86,115950.86,0.08082
2025-09-20 10:52:05+03:00,115950.87,115950.87,115950.86,115950.86,0.00129
2025-09-20 10:52:06+03:00,115950.86,115950.86,115950.86,115950.86,0.0
2025-09-20 10:52:07+03:00,115950.87,115950.87,115950.86,115950.87,0.00718
2025-09-20 10:52:08+03:00,115950.86,115950.86,115950.86,115950.86,0.00113
2025-09-20 10:52:09+03:00,115950.86,115950.87,115950.86,115950.86,0.001
2025-09-20 10:52:10+03:00,115950.86,115950.87,115950.86,115950.87,0.50076
2025-09-20 10:52:11+03:00,115950.86,115950.86,115950.86,115950.86,0.00035
2025-09-20 10:52:12+03:00,115950.86,115950.87,115950.86,115950.87,0.01541
2025-09-20 10:52:13+03:00,115950.87,115950.87,115950.87,115950.87,0.0
2025-09-20 10:52:14+03:00,115950.86,115950.87,115950.86,115950.87,0.01007
2025-09-20 10:52:15+03:00,115950.87,115950.87,115950.87,115950.87,0.00285
2025-09-20 10:52:16+03:00,115950.87,115950.87,115950.87,115950.87,6e-05
2025-09-20 10:52:17+03:00,115950.87,115950.87,115950.86,115950.86,0.00054
2025-09-20 10:52:18+03:00,115950.87,115950.87,115950.86,115950.87,0.00041
2025-09-20 10:52:19+03:00,115950.86,115950.86,115950.86,115950.86,0.121
2025-09-20 10:52:20+03:00,115950.87,115950.87,115950.86,115950.87,0.03212
2025-09-20 10:52:21+03:00,115950.87,115950.87,115950.86,115950.87,0.00123
2025-09-20 10:52:22+03:00,115950.87,115950.87,115950.86,115950.86,0.00172
2025-09-20 10:52:23+03:00,115950.87,115950.87,115950.86,115950.86,0.00167
2025-09-20 10:52:24+03:00,115950.87,115950.87,115950.87,115950.87,0.00012
2025-09-20 10:52:25+03:00,115950.86,115950.87,115950.86,115950.87,0.00273
2025-09-20 10:52:26+03:00,115950.87,115950.87,115950.87,115950.87,0.0
2025-09-20 10:52:27+03:00,115950.87,115950.87,115950.86,115950.86,0.00422
2025-09-20 10:52:28+03:00,115950.86,115950.86,115950.86,115950.86,0.00162
2025-09-20 10:52:29+03:00,115950.87,115950.87,115950.86,115950.87,0.005
2025-09-20 10:52:30+03:00,115950.87,115950.87,115950.87,115950.87,0.0
2025-09-20 10:52:31+03:00,115950.86,115950.87,115950.86,115950.87,0.01731
2025-09-20 10:52:32+03:00,115950.86,115950.86,115950.86,115950.86,0.00031
2025-09-20 10:52:33+03:00,115950.86,115950.86,115950.86,115950.86,0.00042
2025-09-20 10:52:34+03:00,115950.86,115950.87,115950.86,115950.87,0.00111
2025-09-20 10:52:35+03:00,115950.87,115950.87,115950.86,115950.86,0.00798
2025-09-20 10:52:36+03:00,115950.87,115950.87,115950.87,115950.87,0.00014
2025-09-20 10:52:37+03:00,115950.86,115950.87,115950.86,115950.87,0.0014
2025-09-20 10:52:38+03:00,115950.86,115950.87,115950.86,115950.87,0.11131
2025-09-20 10:52:39+03:00,115950.86,115950.86,115950.86,115950.86,0.0009
2025-09-20 10:52:40+03:00,115950.87,115950.87,115950.86,115950.87,0.00854
2025-09-20 10:52:41+03:00,115950.86,115950.86,115950.86,115950.86,0.01102
2025-09-20 10:52:42+03:00,115950.87,115950.87,115950.87,115950.87,0.00283
2025-09-20 10:52:43+03:00,115950.87,115950.87,115950.86,115950.86,0.01498
2025-09-20 10:52:44+03:00,115950.86,115950.87,115950.86,115950.87,0.04699
2025-09-20 10:52:45+03:00,115950.86,115950.86,115950.86,115950.86,0.00185
2025-09-20 10:52:46+03:00,115950.87,115950.87,115950.87,115950.87,0.00039
2025-09-20 10:52:47+03:00,115950.86,115950.87,115950.86,115950.87,0.02137
2025-09-20 10:52:48+03:00,115950.86,115950.86,115950.86,115950.86,0.00234
2025-09-20 10:52:49+03:00,115950.86,115950.86,115950.86,115950.86,0.00214
2025-09-20 10:52:50+03:00,115950.86,115950.87,115950.86,115950.87,0.03197
2025-09-20 10:52:51+03:00,115950.87,115950.87,115950.86,115950.86,0.01636
2025-09-20 10:52:52+03:00,115950.86,115950.86,115950.86,115950.86,0.0
2025-09-20 10:52:53+03:00,115950.87,115950.87,115950.86,115950.86,0.00974
2025-09-20 10:52:54+03:00,115950.87,115950.87,115950.86,115950.87,0.12707
2025-09-20 10:52:55+03:00,115950.86,115950.86,115950.86,115950.86,0.00014
2025-09-20 10:52:56+03:00,115950.86,115950.86,115950.86,115950.86,0.04463
2025-09-20 10:52:57+03:00,115950.86,115950.87,115950.86,115950.87,0.00155
2025-09-20 10:52:58+03:00,115950.86,115950.87,115950.86,115950.87,0.01321
2025-09-20 10:52:59+03:00,115950.87,115950.87,115950.87,115950.87,0.0
2025-09-20 10:53:00+03:00,115950.87,115950.87,115950.87,115950.87,0.00376
2025-09-20 10:53:01+03:00,115950.87,115950.87,115950.86,115950.87,0.00104
2025-09-20 10:53:02+03:00,115950.86,115950.86,115950.86,115950.86,0.00026
2025-09-20 10:53:03+03:00,115950.86,115950.86,115950.86,115950.86,0.00012
2025-09-20 10:53:04+03:00,115950.86,115950.87,115950.86,115950.86,0.00544
2025-09-20 10:53:05+03:00,115950.86,115950.86,115950.86,115950.86,0.0
2025-09-20 10:53:06+03:00,115950.86,115950.86,115950.86,115950.86,0.0
2025-09-20 10:53:07+03:00,115950.86,115950.86,115950.86,115950.86,0.00299
2025-09-20 10:53:08+03:00,115950.86,115950.86,115950.86,115950.86,0.0
2025-09-20 10:53:09+03:00,115950.86,115950.86,115950.86,115950.86,0.00098
2025-09-20 10:53:10+03:00,115950.86,115950.86,115950.86,115950.86,0.00012
2025-09-20 10:53:11+03:00,115950.86,115950.86,115950.86,115950.86,0.01034
2025-09-20 10:53:12+03:00,115950.86,115950.86,115950.86,115950.86,0.00867
2025-09-20 10:53:13+03:00,115950.87,115950.87,115950.86,115950.86,0.02775
2025-09-20 10:53:14+03:00,115950.86,115950.87,115950.86,115950.87,0.0081
2025-09-20 10:53:15+03:00,115950.87,115950.87,115950.87,115950.87,0.00172
2025-09-20 10:53:16+03:00,115950.86,115950.87,115950.86,115950.86,0.08321
2025-09-20 10:53:17+03:00,115950.86,115950.87,115950.86,115950.87,0.00405
2025-09-20 10:53:18+03:00,115950.86,115950.86,115950.86,115950.86,0.00086
2025-09-20 10:53:19+03:00,115950.86,115950.86,115950.86,115950.86,0.0
2025-09-20 10:53:20+03:00,115950.87,115950.87,115950.86,115950.86,0.01087
2025-09-20 10:53:21+03:00,115950.86,115950.86,115950.86,115950.86,0.00742
2025-09-20 10:53:22+03:00,115950.87,115950.87,115950.86,115950.86,0.00054
2025-09-20 10:53:23+03:00,115950.86,115950.86,115950.86,115950.86,0.5362
2025-09-20 10:53:24+03:00,115950.86,115950.86,115950.86,115950.86,0.00056
2025-09-20 10:53:25+03:00,115950.86,115950.87,115950.86,115950.86,0.00846
2025-09-20 10:53:26+03:00,115950.86,115950.87,115950.86,115950.87,0.00083
2025-09-20 10:53:27+03:00,115950.86,115950.86,115950.86,115950.86,7e-05
2025-09-20 10:53:28+03:00,115950.86,115950.86,115950.86,115950.86,0.00425
2025-09-20 10:53:29+03:00,115950.87,115950.87,115950.87,115950.87,0.00468
2025-09-20 10:53:30+03:00,115950.87,115950.87,115950.87,115950.87,0.0
2025-09-20 10:53:31+03:00,115950.87,115950.87,115950.86,115950.86,0.01086
2025-09-20 10:53:32+03:00,115950.86,115950.86,115932.86,115932.87,1.95521
2025-09-20 10:53:33+03:00,115932.86,115932.87,115932.86,115932.86,0.25855
2025-09-20 10:53:34+03:00,115932.87,115932.87,115932.86,115932.86,0.00333
2025-09-20 10:53:35+03:00,115932.87,115932.87,115932.87,115932.87,0.05174
2025-09-20 10:53:36+03:00,115932.87,115932.87,115932.86,115932.86,0.00742
2025-09-20 10:53:37+03:00,115932.86,115932.86,115932.86,115932.86,0.12906
2025-09-20 10:53:38+03:00,115932.86,115932.87,115932.86,115932.87,0.02405
2025-09-20 10:53:39+03:00,115932.87,115932.87,115932.87,115932.87,0.0
2025-09-20 10:53:40+03:00,115932.86,115932.86,115932.86,115932.86,0.04631
2025-09-20 10:53:41+03:00,115932.86,115932.87,115932.86,115932.87,0.03796
2025-09-20 10:53:42+03:00,115932.87,115932.87,115932.86,115932.87,0.01238
2025-09-20 10:53:43+03:00,115932.86,115932.86,115932.86,115932.86,0.00416
2025-09-20 10:53:44+03:00,115932.86,115932.87,115932.86,115932.87,0.00173
2025-09-20 10:53:45+03:00,115932.86,115932.86,115932.86,115932.86,0.00877
2025-09-20 10:53:46+03:00,115932.87,115932.87,115932.86,115932.86,0.05413
2025-09-20 10:53:47+03:00,115932.87,115932.87,115932.87,115932.87,6e-05
2025-09-20 10:53:48+03:00,115932.87,115943.84,115932.87,115943.84,1.77808
2025-09-20 10:53:49+03:00,115943.83,115943.84,115943.83,115943.84,0.00119
2025-09-20 10:53:50+03:00,115943.83,115943.84,115943.83,115943.84,0.03191
2025-09-20 10:53:51+03:00,115943.83,115943.84,115943.83,115943.84,0.00402
2025-09-20 10:53:52+03:00,115943.83,115943.84,115943.83,115943.84,0.00274
2025-09-20 10:53:53+03:00,115943.83,115943.83,115943.83,115943.83,0.0001
2025-09-20 10:53:54+03:00,115943.84,115943.84,115943.84,115943.84,0.01007
2025-09-20 10:53:55+03:00,115943.84,115943.84,115943.84,115943.84,0.0
2025-09-20 10:53:56+03:00,115943.83,115943.83,115943.83,115943.83,0.00136
2025-09-20 10:53:57+03:00,115943.83,115943.83,115943.83,115943.83,6e-05
2025-09-20 10:53:58+03:00,115943.83,115943.83,115943.83,115943.83,0.0014
2025-09-20 10:53:59+03:00,115943.84,115943.84,115943.84,115943.84,0.17257
2025-09-20 10:54:00+03:00,115943.84,115943.84,115943.83,115943.83,1.59968
2025-09-20 10:54:01+03:00,115943.84,115948.33,115943.84,115948.32,0.26194
2025-09-20 10:54:02+03:00,115948.32,115948.33,115948.32,115948.33,0.06905
2025-09-20 10:54:03+03:00,115948.33,115948.33,115948.33,115948.33,0.00083
2025-09-20 10:54:04+03:00,115948.32,115948.33,115948.32,115948.33,0.00078
2025-09-20 10:54:05+03:00,115948.33,115948.33,115948.33,115948.33,0.0
2025-09-20 10:54:06+03:00,115948.33,115948.33,115948.32,115948.32,0.01014
2025-09-20 10:54:07+03:00,115948.33,115948.33,115948.33,115948.33,0.0019
2025-09-20 10:54:08+03:00,115948.33,115948.33,115948.33,115948.33,0.0001
2025-09-20 10:54:09+03:00,115948.33,115948.33,115948.33,115948.33,0.00053
2025-09-20 10:54:10+03:00,115948.33,115948.33,115948.33,115948.33,0.0
2025-09-20 10:54:11+03:00,115948.33,115948.33,115948.32,115948.33,0.00333
2025-09-20 10:54:12+03:00,115948.32,115948.33,115948.32,115948.33,0.00226
2025-09-20 10:54:13+03:00,115948.32,115948.32,115948.32,115948.32,0.00052
2025-09-20 10:54:14+03:00,115948.32,115948.33,115948.32,115948.33,0.00876
2025-09-20 10:54:15+03:00,115948.33,115948.33,115948.32,115948.32,0.00541
2025-09-20 10:54:16+03:00,115948.32,115948.32,115948.32,115948.32,0.05766
2025-09-20 10:54:17+03:00,115948.33,115948.33,115948.32,115948.32,0.00153
2025-09-20 10:54:18+03:00,115948.32,115948.32,115948.32,115948.32,0.0
2025-09-20 10:54:19+03:00,115948.32,115948.33,115948.32,115948.32,0.00206
2025-09-20 10:54:20+03:00,115948.32,115948.33,115948.32,115948.33,0.45244
2025-09-20 10:54:21+03:00,115948.33,115948.33,115948.32,115948.33,0.00238
2025-09-20 10:54:22+03:00,115948.33,115948.33,115948.32,115948.33,0.00395
2025-09-20 10:54:23+03:00,115948.33,115948.33,115948.32,115948.32,0.00184
2025-09-20 10:54:24+03:00,115948.32,115948.32,115948.32,115948.32,0.0
2025-09-20 10:54:25+03:00,115948.32,115948.33,115948.32,115948.32,0.00852
2025-09-20 10:54:26+03:00,115948.33,115948.33,115948.33,115948.33,0.6635
2025-09-20 10:54:27+03:00,115948.33,115950.0,115948.32,115950.0,1.28794
2025-09-20 10:54:28+03:00,115950.01,115950.01,115950.01,115950.01,0.00026
2025-09-20 10:54:29+03:00,115950.01,115950.01,115950.01,115950.01,9e-05
2025-09-20 10:54:30+03:00,115950.0,115950.0,115950.0,115950.0,0.05811
2025-09-20 10:54:31+03:00,115950.01,115950.86,115950.01,115950.85,0.44592
2025-09-20 10:54:32+03:00,115950.85,115981.27,115950.85,115981.26,5.02381
2025-09-20 10:54:33+03:00,115981.26,115981.26,115981.26,115981.26,0.03466
2025-09-20 10:54:34+03:00,115981.26,115981.27,115981.26,115981.27,0.0252
2025-09-20 10:54:35+03:00,115981.26,115981.27,115981.26,115981.26,0.00056
2025-09-20 10:54:36+03:00,115981.27,115981.27,115981.26,115981.26,0.0254
2025-09-20 10:54:37+03:00,115981.26,115981.27,115981.26,115981.27,0.01736
2025-09-20 10:54:38+03:00,115981.26,115981.27,115981.26,115981.27,0.01131
2025-09-20 10:54:39+03:00,115981.26,115981.27,115981.26,115981.27,0.02426
2025-09-20 10:54:40+03:00,115981.27,115981.27,115981.27,115981.27,0.0
2025-09-20 10:54:41+03:00,115981.26,115981.26,115964.99,115966.47,0.90558
2025-09-20 10:54:42+03:00,115966.47,115966.48,115966.47,115966.48,0.01541
2025-09-20 10:54:43+03:00,115966.47,115966.47,115966.47,115966.47,0.00318
2025-09-20 10:54:44+03:00,115966.48,115966.48,115966.47,115966.47,0.00885
2025-09-20 10:54:45+03:00,115966.48,115966.48,115966.48,115966.48,0.00051
2025-09-20 10:54:46+03:00,115966.47,115966.47,115966.47,115966.47,0.02159
2025-09-20 10:54:47+03:00,115966.47,115966.47,115966.47,115966.47,5e-05
2025-09-20 10:54:48+03:00,115966.48,115966.48,115966.48,115966.48,0.00531
2025-09-20 10:54:49+03:00,115966.47,115966.47,115966.47,115966.47,8e-05
2025-09-20 10:54:50+03:00,115966.47,115966.48,115966.47,115966.48,0.03225
2025-09-20 10:54:51+03:00,115966.48,115966.48,115966.48,115966.48,6e-05
2025-09-20 10:54:52+03:00,115966.47,115966.47,115966.47,115966.47,0.00978
2025-09-20 10:54:53+03:00,115966.48,115966.48,115966.48,115966.48,0.00172
2025-09-20 10:54:54+03:00,115966.47,115966.48,115966.47,115966.47,0.02756
2025-09-20 10:54:55+03:00,115966.47,115966.47,115966.47,115966.47,0.0
2025-09-20 10:54:56+03:00,115966.47,115966.48,115966.47,115966.47,0.00111
2025-09-20 10:54:57+03:00,115966.47,115966.47,115962.43,115962.43,1.24129
2025-09-20 10:54:58+03:00,115962.42,115962.42,115962.42,115962.42,0.00308
2025-09-20 10:54:59+03:00,115962.42,115962.43,115962.42,115962.43,0.01272
2025-09-20 10:55:00+03:00,115962.43,115962.43,115962.42,115962.42,0.09537
2025-09-20 10:55:01+03:00,115962.42,115962.42,115962.42,115962.42,0.01038
2025-09-20 10:55:02+03:00,115962.42,115962.42,115962.42,115962.42,0.0
2025-09-20 10:55:03+03:00,115962.43,115962.43,115962.42,115962.42,0.00942
2025-09-20 10:55:04+03:00,115962.43,115962.43,115962.43,115962.43,0.00041
2025-09-20 10:55:05+03:00,115962.42,115962.43,115962.42,115962.42,0.02843
2025-09-20 10:55:06+03:00,115962.42,115962.42,115962.42,115962.42,0.00496
2025-09-20 10:55:07+03:00,115962.43,115962.43,115962.43,115962.43,0.00172
2025-09-20 10:55:08+03:00,115962.42,115962.42,115962.42,115962.42,0.00086
2025-09-20 10:55:09+03:00,115962.42,115962.43,115962.42,115962.43,0.00248
2025-09-20 10:55:10+03:00,115962.42,115962.42,115959.98,115959.98,0.1122
2025-09-20 10:55:11+03:00,115959.98,115959.98,115956.57,115956.58,0.02407
2025-09-20 10:55:12+03:00,115956.57,115956.58,115956.57,115956.57,0.07241
2025-09-20 10:55:18+03:00,115956.58,115956.58,115956.57,115956.57,0.02953
2025-09-20 10:55:19+03:00,115956.57,115956.57,115956.57,115956.57,0.0017
2025-09-20 10:55:20+03:00,115956.57,115956.58,115956.57,115956.58,0.06673
2025-09-20 10:55:21+03:00,115956.58,115956.58,115956.57,115956.58,0.00154
2025-09-20 10:55:22+03:00,115956.57,115956.58,115956.57,115956.58,0.00098
2025-09-20 10:55:23+03:00,115956.58,115956.58,115956.58,115956.58,0.00111
2025-09-20 10:55:24+03:00,115956.57,115956.58,115956.57,115956.58,0.0105
2025-09-20 10:55:25+03:00,115956.58,115956.58,115956.58,115956.58,5e-05
2025-09-20 10:55:26+03:00,115956.57,115956.57,115956.57,115956.57,0.00086
2025-09-20 10:55:27+03:00,115956.57,115956.57,115956.57,115956.57,0.00076
