timestamp,open,high,low,close,volume
2025-09-20 08:02:23+03:00,115554.65,115554.65,115554.65,115554.65,0.00096
2025-09-20 08:02:24+03:00,115554.64,115554.64,115554.64,115554.64,0.00146
2025-09-20 08:02:25+03:00,115554.65,115554.65,115554.65,115554.65,0.00024
2025-09-20 08:02:26+03:00,115554.65,115554.65,115554.64,115554.64,0.00138
2025-09-20 08:02:27+03:00,115554.65,115554.65,115554.64,115554.65,0.00386
2025-09-20 08:02:28+03:00,115554.65,115554.65,115554.64,115554.64,0.00073
2025-09-20 08:02:29+03:00,115554.65,115554.65,115554.65,115554.65,5e-05
2025-09-20 08:02:30+03:00,115554.65,115554.65,115554.64,115554.64,0.00478
2025-09-20 08:02:31+03:00,115554.64,115554.65,115554.64,115554.64,0.03057
2025-09-20 08:02:32+03:00,115554.64,115554.64,115554.64,115554.64,0.01001
2025-09-20 08:02:33+03:00,115554.65,115554.65,115554.65,115554.65,0.00125
2025-09-20 08:02:34+03:00,115554.64,115554.65,115554.64,115554.65,0.00101
2025-09-20 08:02:35+03:00,115554.65,115554.65,115554.65,115554.65,0.00442
2025-09-20 08:02:36+03:00,115554.64,115554.64,115554.64,115554.64,0.00355
2025-09-20 08:02:37+03:00,115554.64,115554.64,115554.64,115554.64,0.01124
2025-09-20 08:02:38+03:00,115554.64,115554.64,115554.64,115554.64,0.0
2025-09-20 08:02:39+03:00,115554.64,115554.64,115554.64,115554.64,0.00125
2025-09-20 08:02:40+03:00,115554.64,115554.65,115554.64,115554.65,0.02747
2025-09-20 08:02:41+03:00,115554.65,115554.65,115554.65,115554.65,0.00022
2025-09-20 08:02:42+03:00,115554.65,115554.65,115554.65,115554.65,0.00064
2025-09-20 08:02:43+03:00,115554.65,115554.65,115554.65,115554.65,0.0
2025-09-20 08:02:44+03:00,115554.65,115554.65,115548.06,115548.06,0.51084
2025-09-20 08:02:45+03:00,115548.07,115548.07,115548.06,115548.06,0.00044
2025-09-20 08:02:46+03:00,115548.07,115548.07,115548.06,115548.06,0.49469
2025-09-20 08:02:47+03:00,115548.06,115548.06,115548.06,115548.06,0.00057
2025-09-20 08:02:48+03:00,115548.06,115548.06,115548.06,115548.06,0.00172
2025-09-20 08:02:49+03:00,115548.07,115548.07,115548.07,115548.07,0.00024
2025-09-20 08:02:50+03:00,115548.07,115548.07,115548.07,115548.07,0.00474
2025-09-20 08:02:51+03:00,115548.07,115548.07,115548.07,115548.07,0.03163
2025-09-20 08:02:52+03:00,115548.06,115548.06,115540.0,115540.0,1.64076
2025-09-20 08:02:53+03:00,115540.0,115540.0,115540.0,115540.0,0.00083
2025-09-20 08:02:54+03:00,115540.0,115540.0,115540.0,115540.0,0.00129
2025-09-20 08:02:55+03:00,115540.01,115540.01,115540.0,115540.0,0.01123
2025-09-20 08:02:56+03:00,115540.0,115540.0,115540.0,115540.0,5e-05
2025-09-20 08:02:57+03:00,115540.0,115540.0,115540.0,115540.0,0.00276
2025-09-20 08:02:58+03:00,115540.01,115540.01,115540.01,115540.01,0.00057
2025-09-20 08:02:59+03:00,115540.01,115540.01,115540.01,115540.01,0.01218
2025-09-20 08:03:00+03:00,115540.01,115540.01,115540.01,115540.01,0.00962
2025-09-20 08:03:01+03:00,115540.0,115540.0,115540.0,115540.0,0.00159
2025-09-20 08:03:02+03:00,115540.01,115540.01,115540.0,115540.0,0.05016
2025-09-20 08:03:03+03:00,115540.01,115540.01,115540.0,115540.0,0.02408
2025-09-20 08:03:04+03:00,115540.01,115540.01,115535.17,115535.17,0.25703
2025-09-20 08:03:05+03:00,115535.17,115535.17,115535.17,115535.17,0.01618
2025-09-20 08:03:06+03:00,115535.17,115535.18,115535.17,115535.18,0.00104
2025-09-20 08:03:07+03:00,115535.18,115535.18,115535.17,115535.17,0.00206
2025-09-20 08:03:08+03:00,115535.17,115535.18,115535.17,115535.18,0.00423
2025-09-20 08:03:09+03:00,115535.18,115535.18,115535.17,115535.17,0.00384
2025-09-20 08:03:10+03:00,115535.18,115535.18,115535.17,115535.17,0.00095
2025-09-20 08:03:11+03:00,115535.17,115535.18,115535.17,115535.17,0.01032
2025-09-20 08:03:12+03:00,115535.17,115535.17,115535.17,115535.17,0.02021
2025-09-20 08:03:13+03:00,115535.18,115535.18,115535.17,115535.17,0.00243
2025-09-20 08:03:14+03:00,115535.17,115535.18,115535.17,115535.18,0.03024
2025-09-20 08:03:15+03:00,115535.17,115535.18,115535.17,115535.18,0.00101
2025-09-20 08:03:16+03:00,115535.17,115535.17,115535.17,115535.17,0.00022
2025-09-20 08:03:17+03:00,115535.18,115535.18,115535.18,115535.18,0.00043
2025-09-20 08:03:18+03:00,115535.17,115535.17,115531.52,115531.52,0.10639
2025-09-20 08:03:19+03:00,115531.52,115531.52,115527.21,115527.21,1.62523
2025-09-20 08:03:20+03:00,115527.21,115527.21,115522.35,115522.36,0.56954
2025-09-20 08:03:21+03:00,115522.35,115522.35,115522.35,115522.35,0.17
2025-09-20 08:03:22+03:00,115522.35,115522.35,115522.35,115522.35,0.0152
2025-09-20 08:03:23+03:00,115522.35,115522.36,115522.35,115522.35,0.03343
2025-09-20 08:03:24+03:00,115522.35,115522.35,115522.35,115522.35,0.06649
2025-09-20 08:03:25+03:00,115522.36,115522.36,115522.36,115522.36,0.00029
2025-09-20 08:03:26+03:00,115522.35,115522.36,115522.35,115522.36,0.00993
2025-09-20 08:03:27+03:00,115522.35,115522.35,115522.35,115522.35,0.02759
2025-09-20 08:03:28+03:00,115522.35,115522.35,115522.35,115522.35,0.00206
2025-09-20 08:03:29+03:00,115522.35,115522.35,115522.35,115522.35,7e-05
2025-09-20 08:03:30+03:00,115522.35,115522.35,115522.35,115522.35,0.0
2025-09-20 08:03:31+03:00,115522.35,115522.35,115522.35,115522.35,0.0
2025-09-20 08:03:32+03:00,115522.35,115522.36,115522.35,115522.35,0.02745
2025-09-20 08:03:33+03:00,115522.35,115522.35,115522.35,115522.35,0.0
2025-09-20 08:03:34+03:00,115522.36,115522.36,115522.36,115522.36,0.00025
2025-09-20 08:03:35+03:00,115522.36,115522.36,115522.36,115522.36,0.00129
2025-09-20 08:03:36+03:00,115522.36,115522.36,115522.35,115522.35,0.00097
2025-09-20 08:03:37+03:00,115522.35,115522.36,115522.35,115522.36,0.00136
2025-09-20 08:03:38+03:00,115522.36,115522.36,115522.35,115522.35,0.00834
2025-09-20 08:03:39+03:00,115522.35,115522.36,115522.35,115522.36,0.00092
2025-09-20 08:03:40+03:00,115522.35,115522.36,115522.35,115522.36,0.01051
2025-09-20 08:03:41+03:00,115522.36,115522.36,115522.36,115522.36,0.00043
2025-09-20 08:03:42+03:00,115522.36,115522.36,115522.35,115522.36,0.01198
2025-09-20 08:03:43+03:00,115522.36,115522.36,115522.36,115522.36,0.00052
2025-09-20 08:03:44+03:00,115522.36,115522.36,115522.36,115522.36,0.0
2025-09-20 08:03:45+03:00,115522.35,115522.36,115522.35,115522.36,0.00159
2025-09-20 08:03:46+03:00,115522.36,115522.36,115522.36,115522.36,0.00083
2025-09-20 08:03:47+03:00,115522.35,115522.35,115522.35,115522.35,0.02
2025-09-20 08:03:48+03:00,115522.35,115522.35,115522.35,115522.35,0.00066
2025-09-20 08:03:49+03:00,115522.35,115522.35,115522.35,115522.35,0.00077
2025-09-20 08:03:50+03:00,115522.36,115522.36,115522.36,115522.36,0.00056
2025-09-20 08:03:51+03:00,115522.36,115522.36,115522.35,115522.35,0.03146
2025-09-20 08:03:52+03:00,115522.35,115522.35,115522.35,115522.35,0.0
2025-09-20 08:03:53+03:00,115522.35,115522.36,115522.35,115522.35,0.00342
2025-09-20 08:03:54+03:00,115522.35,115522.35,115522.35,115522.35,5e-05
2025-09-20 08:03:55+03:00,115522.35,115522.35,115522.35,115522.35,0.0
2025-09-20 08:03:56+03:00,115522.35,115522.35,115522.35,115522.35,0.0071
2025-09-20 08:03:57+03:00,115522.36,115522.36,115522.35,115522.35,0.06265
2025-09-20 08:03:58+03:00,115522.35,115522.35,115522.35,115522.35,0.0
2025-09-20 08:03:59+03:00,115522.35,115522.35,115522.35,115522.35,0.0
2025-09-20 08:04:00+03:00,115522.35,115522.35,115522.35,115522.35,0.0
2025-09-20 08:04:01+03:00,115522.35,115522.35,115522.35,115522.35,0.0
2025-09-20 08:04:02+03:00,115522.36,115522.36,115522.35,115522.35,0.00219
2025-09-20 08:04:03+03:00,115522.35,115522.35,115522.35,115522.35,0.00355
2025-09-20 08:04:04+03:00,115522.35,115522.35,115522.35,115522.35,0.00891
2025-09-20 08:04:05+03:00,115522.35,115522.35,115522.35,115522.35,0.0
2025-09-20 08:04:06+03:00,115522.35,115522.35,115522.35,115522.35,0.02122
2025-09-20 08:04:07+03:00,115522.35,115522.35,115519.17,115519.17,0.13306
2025-09-20 08:04:08+03:00,115519.18,115519.18,115519.17,115519.17,0.05114
2025-09-20 08:04:09+03:00,115519.17,115519.18,115519.17,115519.18,0.00874
2025-09-20 08:04:10+03:00,115519.18,115519.18,115519.18,115519.18,0.0
2025-09-20 08:04:11+03:00,115519.17,115519.17,115519.17,115519.17,0.00016
2025-09-20 08:04:12+03:00,115519.17,115519.17,115519.17,115519.17,0.0
2025-09-20 08:04:13+03:00,115519.17,115519.18,115519.17,115519.18,0.00214
2025-09-20 08:04:14+03:00,115519.18,115519.18,115519.18,115519.18,0.04328
2025-09-20 08:04:15+03:00,115519.18,115519.18,115519.18,115519.18,5e-05
2025-09-20 08:04:16+03:00,115519.18,115519.18,115519.18,115519.18,0.00212
2025-09-20 08:04:17+03:00,115519.17,115519.17,115519.17,115519.17,0.01223
2025-09-20 08:04:18+03:00,115519.17,115519.17,115519.17,115519.17,0.0
2025-09-20 08:04:19+03:00,115519.17,115519.17,115519.17,115519.17,0.00885
2025-09-20 08:04:20+03:00,115519.17,115519.18,115519.17,115519.18,0.00285
2025-09-20 08:04:21+03:00,115519.17,115519.18,115519.17,115519.18,0.04973
2025-09-20 08:04:22+03:00,115519.18,115519.18,115519.17,115519.18,0.01494
2025-09-20 08:04:23+03:00,115519.18,115519.18,115519.18,115519.18,0.00103
2025-09-20 08:04:24+03:00,115519.18,115519.18,115519.18,115519.18,0.0
2025-09-20 08:04:25+03:00,115519.18,115519.18,115519.18,115519.18,0.0
2025-09-20 08:04:26+03:00,115519.18,115519.18,115519.18,115519.18,0.00277
2025-09-20 08:04:27+03:00,115519.18,115519.18,115519.18,115519.18,0.0
2025-09-20 08:04:28+03:00,115519.17,115519.17,115519.17,115519.17,0.00029
2025-09-20 08:04:29+03:00,115519.17,115519.17,115519.17,115519.17,0.00409
2025-09-20 08:04:30+03:00,115519.18,115519.18,115519.18,115519.18,0.00033
2025-09-20 08:04:31+03:00,115519.17,115519.17,115519.17,115519.17,0.00017
2025-09-20 08:04:32+03:00,115519.18,115519.18,115519.18,115519.18,5e-05
2025-09-20 08:04:33+03:00,115519.17,115519.17,115519.17,115519.17,0.00043
2025-09-20 08:04:34+03:00,115519.17,115519.17,115519.17,115519.17,0.0
2025-09-20 08:04:35+03:00,115519.17,115519.17,115519.17,115519.17,0.0
2025-09-20 08:04:36+03:00,115519.17,115519.17,115519.17,115519.17,0.07682
2025-09-20 08:04:37+03:00,115519.17,115519.17,115519.17,115519.17,0.0
2025-09-20 08:04:38+03:00,115519.17,115519.17,115519.17,115519.17,0.00747
2025-09-20 08:04:39+03:00,115519.18,115519.18,115519.18,115519.18,6e-05
2025-09-20 08:04:40+03:00,115519.17,115519.17,115519.17,115519.17,0.08922
2025-09-20 08:04:41+03:00,115519.17,115519.17,115519.17,115519.17,0.0001
2025-09-20 08:04:42+03:00,115519.18,115519.18,115519.17,115519.17,0.00048
2025-09-20 08:04:43+03:00,115519.17,115519.17,115519.17,115519.17,0.0246
2025-09-20 08:04:44+03:00,115519.17,115519.17,115519.17,115519.17,0.00089
2025-09-20 08:04:45+03:00,115519.17,115519.17,115519.17,115519.17,0.0
2025-09-20 08:04:46+03:00,115519.18,115519.18,115519.18,115519.18,0.0013
2025-09-20 08:04:47+03:00,115519.18,115519.18,115519.18,115519.18,0.00129
2025-09-20 08:04:48+03:00,115519.17,115519.17,115519.17,115519.17,5e-05
2025-09-20 08:04:49+03:00,115519.18,115519.18,115519.18,115519.18,0.00026
2025-09-20 08:04:50+03:00,115519.17,115519.18,115519.17,115519.18,0.00354
2025-09-20 08:04:51+03:00,115519.17,115519.18,115519.17,115519.17,0.05151
2025-09-20 08:04:52+03:00,115519.18,115519.18,115519.17,115519.18,0.00773
2025-09-20 08:04:53+03:00,115519.18,115519.18,115519.18,115519.18,0.0
2025-09-20 08:04:54+03:00,115519.18,115519.18,115519.18,115519.18,0.00634
2025-09-20 08:04:55+03:00,115519.18,115519.18,115519.18,115519.18,0.0
2025-09-20 08:04:56+03:00,115519.18,115519.18,115519.18,115519.18,0.0
2025-09-20 08:04:57+03:00,115519.18,115519.18,115519.17,115519.17,0.03982
2025-09-20 08:04:58+03:00,115519.17,115519.17,115519.17,115519.17,0.0
2025-09-20 08:04:59+03:00,115519.17,115519.18,115519.17,115519.18,0.0007
2025-09-20 08:05:00+03:00,115519.17,115519.18,115519.17,115519.18,0.00019
2025-09-20 08:05:01+03:00,115519.17,115519.17,115519.17,115519.17,7e-05
2025-09-20 08:05:02+03:00,115519.18,115519.18,115519.17,115519.18,0.00637
2025-09-20 08:05:03+03:00,115519.18,115519.18,115519.18,115519.18,0.00065
2025-09-20 08:05:04+03:00,115519.18,115519.18,115519.18,115519.18,0.0
2025-09-20 08:05:05+03:00,115519.17,115519.17,115519.17,115519.17,8e-05
2025-09-20 08:05:06+03:00,115519.18,115519.18,115519.18,115519.18,0.00315
2025-09-20 08:05:07+03:00,115519.17,115519.18,115519.17,115519.18,0.00053
2025-09-20 08:05:08+03:00,115519.18,115519.18,115519.18,115519.18,0.01012
2025-09-20 08:05:09+03:00,115519.17,115519.18,115519.17,115519.18,0.00075
2025-09-20 08:05:10+03:00,115519.18,115519.18,115519.18,115519.18,8e-05
2025-09-20 08:05:11+03:00,115519.18,115519.18,115519.18,115519.18,0.0008
2025-09-20 08:05:12+03:00,115519.18,115519.18,115519.18,115519.18,0.0
2025-09-20 08:05:13+03:00,115519.18,115519.18,115519.18,115519.18,0.0
2025-09-20 08:05:14+03:00,115519.18,115519.18,115519.17,115519.17,0.00813
2025-09-20 08:05:15+03:00,115519.17,115519.17,115519.17,115519.17,0.00222
2025-09-20 08:05:16+03:00,115519.18,115519.18,115519.17,115519.17,0.00845
2025-09-20 08:05:17+03:00,115519.17,115519.17,115519.16,115519.16,0.02
2025-09-20 08:05:18+03:00,115519.16,115519.16,115519.16,115519.16,0.00658
2025-09-20 08:05:19+03:00,115519.17,115519.17,115519.17,115519.17,0.00563
2025-09-20 08:05:20+03:00,115519.16,115519.16,115519.16,115519.16,0.00372
2025-09-20 08:05:21+03:00,115519.16,115519.16,115519.16,115519.16,0.00806
2025-09-20 08:05:22+03:00,115519.16,115519.16,115519.16,115519.16,0.00256
2025-09-20 08:05:23+03:00,115519.16,115519.16,115519.16,115519.16,0.03026
2025-09-20 08:05:24+03:00,115519.17,115519.17,115519.16,115519.17,0.00928
2025-09-20 08:05:25+03:00,115519.17,115519.17,115519.16,115519.16,0.04646
2025-09-20 08:05:26+03:00,115519.17,115519.17,115519.16,115519.16,0.00633
2025-09-20 08:05:27+03:00,115519.16,115519.16,115519.16,115519.16,0.0
2025-09-20 08:05:28+03:00,115519.16,115519.16,115519.16,115519.16,0.00043
2025-09-20 08:05:29+03:00,115519.17,115519.17,115519.16,115519.16,0.02198
2025-09-20 08:05:30+03:00,115519.17,115519.17,115519.17,115519.17,0.0023
2025-09-20 08:05:31+03:00,115519.17,115519.17,115519.17,115519.17,0.0
2025-09-20 08:05:32+03:00,115519.17,115519.17,115519.17,115519.17,0.0022
2025-09-20 08:05:33+03:00,115519.17,115519.17,115519.17,115519.17,0.02233
2025-09-20 08:05:34+03:00,115519.17,115519.17,115519.17,115519.17,0.0
2025-09-20 08:05:35+03:00,115519.16,115519.17,115519.16,115519.17,0.00038
2025-09-20 08:05:36+03:00,115519.17,115519.17,115519.16,115519.17,0.01173
2025-09-20 08:05:37+03:00,115519.17,115519.17,115519.17,115519.17,0.00194
2025-09-20 08:05:38+03:00,115519.16,115519.16,115519.16,115519.16,0.01709
2025-09-20 08:05:39+03:00,115519.16,115519.17,115519.16,115519.17,0.25449
2025-09-20 08:05:40+03:00,115519.16,115519.17,115519.16,115519.17,0.00181
2025-09-20 08:05:41+03:00,115519.16,115519.16,115519.16,115519.16,0.12146
2025-09-20 08:05:42+03:00,115519.17,115519.17,115519.17,115519.17,0.0007
2025-09-20 08:05:43+03:00,115519.16,115519.16,115519.16,115519.16,0.00173
2025-09-20 08:05:44+03:00,115519.16,115519.16,115514.64,115514.65,0.59492
2025-09-20 08:05:45+03:00,115514.65,115514.65,115514.65,115514.65,0.0
2025-09-20 08:05:46+03:00,115514.65,115514.65,115514.64,115514.64,0.00224
2025-09-20 08:05:47+03:00,115514.64,115514.64,115514.64,115514.64,0.0
2025-09-20 08:05:48+03:00,115514.65,115514.65,115514.65,115514.65,0.00133
2025-09-20 08:05:49+03:00,115514.65,115514.65,115514.65,115514.65,0.0
2025-09-20 08:05:50+03:00,115514.65,115514.65,115514.65,115514.65,0.00065
2025-09-20 08:05:51+03:00,115514.64,115514.65,115514.64,115514.64,0.09798
2025-09-20 08:05:52+03:00,115514.65,115514.65,115514.65,115514.65,0.00065
2025-09-20 08:05:53+03:00,115514.64,115514.64,115514.64,115514.64,0.00084
2025-09-20 08:05:54+03:00,115514.64,115514.64,115514.64,115514.64,0.0
2025-09-20 08:05:55+03:00,115514.64,115514.64,115514.64,115514.64,0.00172
2025-09-20 08:05:56+03:00,115514.64,115514.65,115514.64,115514.65,0.01473
2025-09-20 08:05:57+03:00,115514.65,115514.65,115514.64,115514.64,0.01944
2025-09-20 08:05:58+03:00,115514.64,115514.64,115514.64,115514.64,0.00098
2025-09-20 08:05:59+03:00,115514.64,115514.64,115514.64,115514.64,0.0
2025-09-20 08:06:00+03:00,115514.65,115514.65,115514.64,115514.65,0.03643
2025-09-20 08:06:01+03:00,115514.65,115514.65,115514.64,115514.64,0.05102
2025-09-20 08:06:02+03:00,115514.64,115514.64,115514.64,115514.64,0.0
2025-09-20 08:06:03+03:00,115514.65,115514.65,115514.65,115514.65,0.00065
2025-09-20 08:06:04+03:00,115514.65,115514.65,115514.65,115514.65,0.00071
2025-09-20 08:06:05+03:00,115514.65,115514.65,115514.64,115514.64,0.01536
2025-09-20 08:06:06+03:00,115514.64,115514.64,115514.64,115514.64,0.0
2025-09-20 08:06:07+03:00,115514.64,115514.64,115514.64,115514.64,0.01516
2025-09-20 08:06:08+03:00,115514.64,115514.64,115514.64,115514.64,0.0
2025-09-20 08:06:09+03:00,115514.64,115514.64,115514.64,115514.64,0.01417
2025-09-20 08:06:10+03:00,115514.65,115514.65,115514.64,115514.64,0.0409
2025-09-20 08:06:11+03:00,115514.64,115514.65,115514.64,115514.65,0.03842
2025-09-20 08:06:12+03:00,115514.65,115514.65,115514.65,115514.65,0.00044
2025-09-20 08:06:13+03:00,115514.64,115514.65,115514.64,115514.65,0.04649
2025-09-20 08:06:14+03:00,115514.65,115514.65,115514.65,115514.65,0.0
2025-09-20 08:06:15+03:00,115514.65,115514.65,115514.65,115514.65,0.0
2025-09-20 08:06:16+03:00,115514.64,115514.64,115514.64,115514.64,0.00017
2025-09-20 08:06:17+03:00,115514.64,115514.64,115514.64,115514.64,0.0
2025-09-20 08:06:18+03:00,115514.64,115514.64,115514.64,115514.64,0.00017
2025-09-20 08:06:19+03:00,115514.65,115514.65,115514.64,115514.64,0.00048
2025-09-20 08:06:20+03:00,115514.64,115514.65,115514.64,115514.65,0.00055
2025-09-20 08:06:21+03:00,115514.65,115514.65,115514.64,115514.64,0.00171
2025-09-20 08:06:22+03:00,115514.65,115514.65,115514.64,115514.65,0.0071
2025-09-20 08:06:23+03:00,115514.64,115514.65,115514.64,115514.64,0.00233
2025-09-20 08:06:24+03:00,115514.65,115514.65,115514.65,115514.65,9e-05
2025-09-20 08:06:25+03:00,115514.64,115514.64,115514.64,115514.64,0.00016
2025-09-20 08:06:26+03:00,115514.64,115514.64,115514.64,115514.64,0.00032
2025-09-20 08:06:27+03:00,115514.64,115514.64,115514.64,115514.64,0.0
2025-09-20 08:06:28+03:00,115514.65,115514.65,115514.65,115514.65,0.00515
2025-09-20 08:06:29+03:00,115514.64,115514.65,115514.64,115514.64,0.00421
2025-09-20 08:06:30+03:00,115514.64,115514.65,115514.64,115514.65,0.07054
2025-09-20 08:06:31+03:00,115514.64,115514.64,115514.64,115514.64,0.0001
2025-09-20 08:06:32+03:00,115514.65,115514.65,115514.65,115514.65,0.00162
2025-09-20 08:06:33+03:00,115514.65,115514.65,115514.65,115514.65,7e-05
2025-09-20 08:06:34+03:00,115514.64,115514.65,115514.64,115514.65,0.00078
2025-09-20 08:06:35+03:00,115514.65,115514.65,115514.65,115514.65,0.0
2025-09-20 08:06:36+03:00,115514.64,115514.64,115514.64,115514.64,0.00013
2025-09-20 08:06:37+03:00,115514.65,115514.65,115514.65,115514.65,0.00254
2025-09-20 08:06:38+03:00,115514.64,115514.65,115514.64,115514.65,0.00146
2025-09-20 08:06:39+03:00,115514.64,115514.64,115514.64,115514.64,5e-05
2025-09-20 08:06:40+03:00,115514.64,115514.64,115514.64,115514.64,0.00584
2025-09-20 08:06:41+03:00,115514.64,115514.65,115514.64,115514.65,0.00185
2025-09-20 08:06:42+03:00,115514.65,115514.65,115514.64,115514.64,0.01674
2025-09-20 08:06:43+03:00,115514.65,115514.65,115514.65,115514.65,0.0001
2025-09-20 08:06:44+03:00,115514.64,115514.64,115514.64,115514.64,0.00018
2025-09-20 08:06:45+03:00,115514.64,115514.64,115514.64,115514.64,0.01495
2025-09-20 08:06:46+03:00,115514.65,115514.65,115514.65,115514.65,0.00014
2025-09-20 08:06:47+03:00,115514.65,115514.65,115514.64,115514.64,0.00265
2025-09-20 08:06:48+03:00,115514.64,115514.64,115514.64,115514.64,0.0
2025-09-20 08:06:49+03:00,115514.65,115514.65,115514.65,115514.65,4e-05
2025-09-20 08:06:50+03:00,115514.65,115514.65,115514.64,115514.64,0.00228
2025-09-20 08:06:51+03:00,115514.64,115514.64,115514.64,115514.64,0.0
2025-09-20 08:06:52+03:00,115514.65,115514.65,115514.65,115514.65,0.00044
2025-09-20 08:06:53+03:00,115514.65,115514.65,115514.64,115514.64,0.00058
2025-09-20 08:06:54+03:00,115514.65,115514.65,115514.64,115514.64,0.00094
2025-09-20 08:06:55+03:00,115514.64,115514.64,115514.64,115514.64,0.001
2025-09-20 08:06:56+03:00,115514.64,115514.64,115514.64,115514.64,0.0
2025-09-20 08:06:57+03:00,115514.65,115514.65,115514.64,115514.64,0.0187
2025-09-20 08:06:58+03:00,115514.64,115514.64,115514.64,115514.64,0.00091
2025-09-20 08:06:59+03:00,115514.64,115514.64,115514.64,115514.64,0.0
2025-09-20 08:07:00+03:00,115514.65,115514.65,115514.65,115514.65,0.00389
2025-09-20 08:07:01+03:00,115514.65,115514.65,115514.65,115514.65,0.0
2025-09-20 08:07:02+03:00,115514.65,115514.65,115514.65,115514.65,0.00829
2025-09-20 08:07:03+03:00,115514.64,115514.64,115514.64,115514.64,0.0001
2025-09-20 08:07:04+03:00,115514.64,115514.65,115514.64,115514.65,0.01035
2025-09-20 08:07:05+03:00,115514.64,115514.64,115514.64,115514.64,0.00104
2025-09-20 08:07:06+03:00,115514.64,115514.65,115514.64,115514.64,0.00762
2025-09-20 08:07:07+03:00,115514.65,115514.65,115514.65,115514.65,0.00398
2025-09-20 08:07:08+03:00,115514.64,115514.64,115514.64,115514.64,0.005
2025-09-20 08:07:09+03:00,115514.64,115514.64,115514.64,115514.64,0.0
2025-09-20 08:07:10+03:00,115514.64,115514.64,115514.64,115514.64,0.00881
2025-09-20 08:07:11+03:00,115514.65,115514.65,115514.65,115514.65,0.00092
2025-09-20 08:07:12+03:00,115514.65,115514.65,115514.65,115514.65,0.0001
2025-09-20 08:07:13+03:00,115514.65,115514.65,115514.65,115514.65,0.0
2025-09-20 08:07:14+03:00,115514.65,115514.65,115514.65,115514.65,0.0
2025-09-20 08:07:15+03:00,115514.64,115514.64,115514.64,115514.64,0.13668
2025-09-20 08:07:16+03:00,115514.64,115514.64,115514.64,115514.64,0.00307
2025-09-20 08:07:17+03:00,115514.64,115514.65,115514.64,115514.64,0.00651
2025-09-20 08:07:18+03:00,115514.65,115514.65,115514.64,115514.64,0.01034
2025-09-20 08:07:19+03:00,115514.64,115514.64,115514.64,115514.64,0.0
2025-09-20 08:07:20+03:00,115514.65,115514.65,115514.65,115514.65,0.01732
2025-09-20 08:07:21+03:00,115514.64,115514.64,115514.64,115514.64,0.00021
2025-09-20 08:07:22+03:00,115514.65,115514.65,115514.64,115514.65,0.04063
2025-09-20 08:07:23+03:00,115514.64,115514.65,115514.64,115514.64,0.0017
2025-09-20 08:07:24+03:00,115514.64,115514.64,115514.64,115514.64,0.0
2025-09-20 08:07:25+03:00,115514.64,115514.65,115514.64,115514.65,0.00277
2025-09-20 08:07:26+03:00,115514.65,115514.65,115514.64,115514.65,0.03804
2025-09-20 08:07:27+03:00,115514.64,115514.64,115514.64,115514.64,0.00326
2025-09-20 08:07:28+03:00,115514.65,115514.65,115514.65,115514.65,0.00028
2025-09-20 08:07:29+03:00,115514.65,115514.65,115514.65,115514.65,8e-05
2025-09-20 08:07:30+03:00,115514.65,115514.65,115514.65,115514.65,0.00046
2025-09-20 08:07:31+03:00,115514.65,115514.65,115514.64,115514.65,0.01376
2025-09-20 08:07:32+03:00,115514.64,115514.64,115514.64,115514.64,8e-05
2025-09-20 08:07:33+03:00,115514.64,115514.64,115514.64,115514.64,0.00111
2025-09-20 08:07:34+03:00,115514.64,115514.64,115514.64,115514.64,0.00039
2025-09-20 08:07:35+03:00,115514.65,115527.68,115514.65,115527.68,4.63921
2025-09-20 08:07:36+03:00,115527.68,115532.01,115527.68,115532.01,0.13784
2025-09-20 08:07:37+03:00,115532.01,115532.01,115532.01,115532.01,0.06156
2025-09-20 08:07:38+03:00,115532.01,115532.01,115532.01,115532.01,0.00017
2025-09-20 08:07:39+03:00,115532.01,115532.01,115532.01,115532.01,0.0
2025-09-20 08:07:40+03:00,115532.01,115532.01,115532.01,115532.01,6e-05
2025-09-20 08:07:41+03:00,115532.01,115532.01,115532.0,115532.01,0.00225
2025-09-20 08:07:42+03:00,115532.01,115532.01,115532.0,115532.0,0.08971
2025-09-20 08:07:43+03:00,115532.01,115532.01,115532.0,115532.01,0.00047
2025-09-20 08:07:44+03:00,115532.01,115532.01,115532.01,115532.01,0.02507
2025-09-20 08:07:45+03:00,115532.01,115532.01,115532.01,115532.01,0.0
2025-09-20 08:07:46+03:00,115532.01,115532.01,115532.01,115532.01,9e-05
2025-09-20 08:07:47+03:00,115532.01,115532.01,115532.0,115532.01,0.03708
2025-09-20 08:07:48+03:00,115532.0,115532.01,115532.0,115532.01,0.00088
2025-09-20 08:07:49+03:00,115532.01,115532.01,115532.01,115532.01,0.00085
2025-09-20 08:07:50+03:00,115532.0,115532.0,115532.0,115532.0,0.00061
2025-09-20 08:07:51+03:00,115532.01,115532.01,115532.0,115532.0,0.03204
2025-09-20 08:07:52+03:00,115532.0,115532.01,115532.0,115532.0,0.04567
2025-09-20 08:07:53+03:00,115532.01,115532.01,115532.01,115532.01,0.00012
2025-09-20 08:07:54+03:00,115532.01,115532.01,115532.01,115532.01,0.00185
2025-09-20 08:07:55+03:00,115532.01,115532.01,115532.01,115532.01,0.0
2025-09-20 08:07:56+03:00,115532.0,115532.01,115532.0,115532.01,0.00586
2025-09-20 08:07:57+03:00,115532.0,115532.0,115532.0,115532.0,0.05983
2025-09-20 08:07:58+03:00,115532.01,115532.01,115532.0,115532.01,0.00116
2025-09-20 08:07:59+03:00,115532.01,115532.01,115532.01,115532.01,0.001
2025-09-20 08:08:00+03:00,115532.01,115532.01,115532.01,115532.01,0.05573
2025-09-20 08:08:01+03:00,115532.0,115532.0,115526.86,115526.86,0.1597
2025-09-20 08:08:02+03:00,115526.86,115526.86,115512.63,115512.64,0.14258
2025-09-20 08:08:03+03:00,115512.63,115512.63,115512.63,115512.63,8e-05
2025-09-20 08:08:04+03:00,115512.63,115512.63,115512.63,115512.63,0.0
2025-09-20 08:08:05+03:00,115512.64,115512.64,115512.64,115512.64,0.00065
2025-09-20 08:08:06+03:00,115512.64,115512.64,115512.64,115512.64,0.00046
2025-09-20 08:08:07+03:00,115512.63,115512.63,115512.63,115512.63,0.00114
2025-09-20 08:08:08+03:00,115512.63,115512.63,115512.63,115512.63,0.00153
2025-09-20 08:08:09+03:00,115512.63,115512.63,115512.63,115512.63,0.00358
2025-09-20 08:08:10+03:00,115512.64,115512.64,115512.64,115512.64,0.00065
2025-09-20 08:08:11+03:00,115512.63,115512.63,115512.63,115512.63,0.0001
2025-09-20 08:08:12+03:00,115512.63,115512.63,115512.63,115512.63,0.103
2025-09-20 08:08:13+03:00,115512.64,115512.64,115512.63,115512.63,0.00106
2025-09-20 08:08:14+03:00,115512.64,115512.64,115512.64,115512.64,0.00361
2025-09-20 08:08:15+03:00,115512.64,115512.64,115512.64,115512.64,0.00021
2025-09-20 08:08:16+03:00,115512.63,115512.63,115512.63,115512.63,6e-05
2025-09-20 08:08:17+03:00,115512.64,115512.64,115512.64,115512.64,0.00056
2025-09-20 08:08:18+03:00,115512.63,115512.64,115512.63,115512.64,0.005
2025-09-20 08:08:19+03:00,115512.64,115512.64,115512.63,115512.63,0.00156
2025-09-20 08:08:20+03:00,115512.64,115512.64,115512.63,115512.64,0.00083
2025-09-20 08:08:21+03:00,115512.64,115512.64,115512.63,115512.64,0.01782
2025-09-20 08:08:22+03:00,115512.64,115512.64,115512.63,115512.63,0.00703
2025-09-20 08:08:23+03:00,115512.63,115512.63,115512.63,115512.63,0.011
2025-09-20 08:08:24+03:00,115512.63,115512.63,115512.63,115512.63,0.0083
2025-09-20 08:08:25+03:00,115512.63,115512.63,115512.63,115512.63,0.0
2025-09-20 08:08:26+03:00,115512.64,115512.64,115512.64,115512.64,0.00097
2025-09-20 08:08:27+03:00,115512.64,115512.64,115512.64,115512.64,0.00992
2025-09-20 08:08:28+03:00,115512.64,115512.64,115512.63,115512.63,0.00027
2025-09-20 08:08:29+03:00,115512.64,115512.64,115512.64,115512.64,0.00508
2025-09-20 08:08:30+03:00,115512.64,115512.64,115512.64,115512.64,0.00341
2025-09-20 08:08:31+03:00,115512.63,115512.63,115512.63,115512.63,0.0036
2025-09-20 08:08:32+03:00,115512.63,115512.63,115512.63,115512.63,0.0
2025-09-20 08:08:33+03:00,115512.63,115512.63,115512.63,115512.63,0.0
2025-09-20 08:08:34+03:00,115512.63,115512.64,115512.63,115512.63,0.00227
2025-09-20 08:08:35+03:00,115512.64,115512.64,115512.63,115512.63,0.27631
2025-09-20 08:08:36+03:00,115512.63,115512.64,115512.63,115512.64,0.00456
2025-09-20 08:08:37+03:00,115512.64,115512.64,115512.64,115512.64,0.12567
2025-09-20 08:08:38+03:00,115512.64,115512.64,115512.64,115512.64,0.00096
2025-09-20 08:08:39+03:00,115512.64,115512.64,115512.64,115512.64,0.00087
2025-09-20 08:08:40+03:00,115512.64,115512.64,115512.64,115512.64,0.0
2025-09-20 08:08:41+03:00,115512.64,115512.64,115512.64,115512.64,0.03736
2025-09-20 08:08:42+03:00,115512.64,115512.64,115512.64,115512.64,0.0113
2025-09-20 08:08:43+03:00,115512.63,115512.63,115512.63,115512.63,0.005
2025-09-20 08:08:44+03:00,115512.63,115512.63,115512.63,115512.63,0.00022
2025-09-20 08:08:45+03:00,115512.64,115512.64,115512.64,115512.64,0.1738
2025-09-20 08:08:46+03:00,115512.64,115512.64,115512.64,115512.64,0.0
2025-09-20 08:08:47+03:00,115512.64,115512.64,115512.64,115512.64,0.00455
2025-09-20 08:08:48+03:00,115512.64,115512.64,115512.64,115512.64,7e-05
2025-09-20 08:08:49+03:00,115512.64,115512.64,115512.64,115512.64,0.10041
2025-09-20 08:08:50+03:00,115512.64,115512.64,115512.63,115512.63,0.00212
2025-09-20 08:08:51+03:00,115512.64,115512.64,115512.64,115512.64,0.03108
2025-09-20 08:08:52+03:00,115512.63,115512.63,115512.63,115512.63,0.01044
2025-09-20 08:08:53+03:00,115512.64,115512.64,115512.63,115512.64,0.00092
2025-09-20 08:08:54+03:00,115512.63,115512.64,115512.63,115512.64,0.01065
2025-09-20 08:08:55+03:00,115512.64,115512.64,115512.63,115512.63,0.00072
2025-09-20 08:08:56+03:00,115512.63,115512.63,115512.63,115512.63,0.0
2025-09-20 08:08:57+03:00,115512.63,115512.63,115512.63,115512.63,0.0
2025-09-20 08:08:58+03:00,115512.63,115512.64,115512.63,115512.64,0.00145
2025-09-20 08:08:59+03:00,115512.64,115512.64,115512.63,115512.63,0.00037
2025-09-20 08:09:00+03:00,115512.64,115512.64,115512.64,115512.64,0.0014
2025-09-20 08:09:01+03:00,115512.64,115512.64,115512.63,115512.63,0.01885
2025-09-20 08:09:02+03:00,115512.63,115512.63,115512.63,115512.63,0.0003
2025-09-20 08:09:03+03:00,115512.63,115512.64,115512.63,115512.64,0.0024
2025-09-20 08:09:04+03:00,115512.64,115512.64,115512.64,115512.64,7e-05
2025-09-20 08:09:05+03:00,115512.64,115512.64,115512.64,115512.64,0.00087
2025-09-20 08:09:06+03:00,115512.63,115512.63,115512.63,115512.63,0.00012
2025-09-20 08:09:07+03:00,115512.63,115512.63,115512.63,115512.63,0.00867
2025-09-20 08:09:08+03:00,115512.64,115512.64,115512.63,115512.63,0.0006
2025-09-20 08:09:09+03:00,115512.64,115512.64,115512.64,115512.64,0.00664
2025-09-20 08:09:10+03:00,115512.64,115512.64,115512.64,115512.64,0.00086
2025-09-20 08:09:11+03:00,115512.64,115513.8,115512.64,115513.8,1.48212
2025-09-20 08:09:12+03:00,115514.64,115514.64,115514.64,115514.64,0.03624
2025-09-20 08:09:13+03:00,115514.63,115514.64,115514.63,115514.64,0.00099
2025-09-20 08:09:14+03:00,115514.64,115514.64,115514.64,115514.64,0.00044
2025-09-20 08:09:15+03:00,115514.63,115514.63,115514.63,115514.63,0.00094
2025-09-20 08:09:16+03:00,115514.63,115514.63,115514.63,115514.63,0.00026
2025-09-20 08:09:17+03:00,115514.64,115514.64,115514.63,115514.63,0.07547
2025-09-20 08:09:18+03:00,115514.63,115514.63,115514.63,115514.63,0.0
2025-09-20 08:09:19+03:00,115514.64,115514.64,115514.63,115514.64,0.01015
2025-09-20 08:09:20+03:00,115514.64,115514.64,115514.64,115514.64,0.00272
2025-09-20 08:09:21+03:00,115514.63,115514.63,115514.63,115514.63,0.00054
2025-09-20 08:09:22+03:00,115514.63,115514.63,115514.63,115514.63,0.00374
2025-09-20 08:09:23+03:00,115514.64,115514.64,115514.64,115514.64,0.00092
2025-09-20 08:09:24+03:00,115514.64,115514.64,115514.63,115514.64,0.00136
2025-09-20 08:09:25+03:00,115514.63,115514.63,115514.63,115514.63,0.0002
2025-09-20 08:09:26+03:00,115514.64,115514.64,115514.64,115514.64,0.00078
2025-09-20 08:09:27+03:00,115514.64,115514.64,115514.64,115514.64,0.00607
2025-09-20 08:09:28+03:00,115514.64,115514.64,115514.64,115514.64,0.0
2025-09-20 08:09:29+03:00,115514.64,115514.64,115514.64,115514.64,0.0
2025-09-20 08:09:30+03:00,115514.64,115514.64,115514.64,115514.64,0.00933
2025-09-20 08:09:31+03:00,115514.63,115514.64,115514.63,115514.63,0.00192
2025-09-20 08:09:32+03:00,115514.64,115514.64,115514.64,115514.64,0.00616
2025-09-20 08:09:33+03:00,115514.64,115514.64,115514.63,115514.63,0.00084
2025-09-20 08:09:34+03:00,115514.64,115514.64,115514.63,115514.64,0.00167
2025-09-20 08:09:35+03:00,115514.63,115514.64,115514.63,115514.63,0.02941
2025-09-20 08:09:36+03:00,115514.64,115514.64,115514.64,115514.64,0.01116
2025-09-20 08:09:37+03:00,115514.64,115514.64,115514.64,115514.64,0.00729
2025-09-20 08:09:38+03:00,115514.64,115514.64,115514.64,115514.64,0.00411
2025-09-20 08:09:39+03:00,115514.64,115514.64,115514.64,115514.64,0.0
2025-09-20 08:09:40+03:00,115514.63,115514.64,115514.63,115514.63,0.00285
2025-09-20 08:09:41+03:00,115514.63,115514.64,115514.63,115514.64,0.00624
2025-09-20 08:09:42+03:00,115514.63,115514.64,115514.63,115514.64,0.00159
2025-09-20 08:09:43+03:00,115514.63,115514.63,115514.63,115514.63,0.00265
2025-09-20 08:09:44+03:00,115514.64,115514.64,115514.64,115514.64,0.00021
2025-09-20 08:09:45+03:00,115514.64,115514.64,115514.64,115514.64,0.0
2025-09-20 08:09:46+03:00,115514.64,115514.64,115514.64,115514.64,0.00396
2025-09-20 08:09:47+03:00,115514.64,115514.64,115514.64,115514.64,0.00157
2025-09-20 08:09:48+03:00,115514.64,115514.64,115514.63,115514.63,0.004
2025-09-20 08:09:49+03:00,115514.64,115514.64,115514.64,115514.64,0.00788
2025-09-20 08:09:50+03:00,115514.64,115514.64,115514.64,115514.64,0.0
2025-09-20 08:09:51+03:00,115514.64,115514.64,115514.63,115514.63,0.03589
2025-09-20 08:09:52+03:00,115514.64,115514.64,115514.63,115514.63,0.00567
2025-09-20 08:09:53+03:00,115514.64,115514.64,115514.64,115514.64,0.00693
2025-09-20 08:09:54+03:00,115514.64,115514.64,115514.64,115514.64,0.0
2025-09-20 08:09:55+03:00,115514.64,115514.64,115514.64,115514.64,0.0
2025-09-20 08:09:56+03:00,115514.64,115514.64,115514.64,115514.64,0.00798
2025-09-20 08:09:57+03:00,115514.63,115514.63,115514.63,115514.63,0.00022
2025-09-20 08:09:58+03:00,115514.64,115514.64,115514.64,115514.64,0.13413
2025-09-20 08:09:59+03:00,115514.64,115514.64,115514.64,115514.64,7e-05
2025-09-20 08:10:00+03:00,115514.64,115514.64,115514.64,115514.64,0.00284
2025-09-20 08:10:01+03:00,115514.64,115514.64,115514.63,115514.63,0.00424
2025-09-20 08:10:02+03:00,115514.63,115514.63,115514.63,115514.63,0.00012
2025-09-20 08:10:03+03:00,115514.64,115514.64,115514.64,115514.64,0.00044
2025-09-20 08:10:04+03:00,115514.64,115514.64,115514.64,115514.64,0.0
2025-09-20 08:10:05+03:00,115514.64,115514.64,115514.64,115514.64,0.0037
2025-09-20 08:10:06+03:00,115514.64,115514.64,115514.63,115514.64,0.00253
2025-09-20 08:10:07+03:00,115514.63,115514.64,115514.63,115514.64,0.00087
2025-09-20 08:10:08+03:00,115514.64,115514.64,115514.64,115514.64,0.00057
2025-09-20 08:10:09+03:00,115514.64,115514.64,115514.64,115514.64,7e-05
2025-09-20 08:10:10+03:00,115514.63,115514.64,115514.63,115514.64,0.0036
2025-09-20 08:10:11+03:00,115514.64,115514.64,115514.64,115514.64,0.01558
2025-09-20 08:10:12+03:00,115514.64,115514.64,115514.63,115514.63,0.00432
2025-09-20 08:10:13+03:00,115514.63,115514.63,115514.63,115514.63,0.0
2025-09-20 08:10:14+03:00,115514.63,115514.63,115514.63,115514.63,6e-05
2025-09-20 08:10:15+03:00,115514.64,115514.64,115514.63,115514.63,0.00156
2025-09-20 08:10:16+03:00,115514.63,115514.63,115514.63,115514.63,0.0
2025-09-20 08:10:17+03:00,115514.64,115514.64,115514.63,115514.63,0.0022
2025-09-20 08:10:18+03:00,115514.63,115514.64,115514.63,115514.63,0.00042
2025-09-20 08:10:19+03:00,115514.63,115514.64,115514.63,115514.64,0.00116
2025-09-20 08:10:20+03:00,115514.63,115514.64,115514.63,115514.64,0.00362
2025-09-20 08:10:21+03:00,115514.64,115514.64,115514.64,115514.64,0.00469
2025-09-20 08:10:22+03:00,115514.63,115514.63,115514.63,115514.63,0.00396
2025-09-20 08:10:23+03:00,115514.63,115514.63,115514.63,115514.63,0.0
2025-09-20 08:10:24+03:00,115514.64,115514.64,115514.63,115514.63,0.00177
2025-09-20 08:10:25+03:00,115514.63,115514.64,115514.63,115514.63,0.00075
2025-09-20 08:10:26+03:00,115514.64,115514.64,115514.64,115514.64,0.00065
2025-09-20 08:10:27+03:00,115514.63,115514.63,115514.63,115514.63,0.00034
2025-09-20 08:10:28+03:00,115514.64,115514.64,115514.63,115514.63,0.02423
2025-09-20 08:10:29+03:00,115514.63,115514.63,115514.63,115514.63,0.0
2025-09-20 08:10:30+03:00,115514.63,115514.63,115514.63,115514.63,0.00334
2025-09-20 08:10:31+03:00,115514.64,115514.64,115514.64,115514.64,0.00187
2025-09-20 08:10:32+03:00,115514.63,115514.64,115514.63,115514.64,0.00725
2025-09-20 08:10:33+03:00,115514.64,115514.64,115514.64,115514.64,0.00182
2025-09-20 08:10:34+03:00,115514.64,115514.64,115514.63,115514.64,0.00484
2025-09-20 08:10:35+03:00,115514.64,115514.64,115514.64,115514.64,0.00074
2025-09-20 08:10:36+03:00,115514.64,115514.64,115514.64,115514.64,0.00015
2025-09-20 08:10:37+03:00,115514.64,115514.64,115514.64,115514.64,0.00347
2025-09-20 08:10:38+03:00,115514.64,115514.64,115514.63,115514.64,0.00334
2025-09-20 08:10:39+03:00,115514.63,115514.63,115514.63,115514.63,0.00012
2025-09-20 08:10:40+03:00,115514.64,115514.64,115514.64,115514.64,0.00201
2025-09-20 08:10:41+03:00,115514.64,115514.64,115514.63,115514.64,0.00077
2025-09-20 08:10:42+03:00,115514.63,115514.64,115514.63,115514.64,0.00154
2025-09-20 08:10:43+03:00,115514.64,115514.64,115514.63,115514.63,0.00716
2025-09-20 08:10:44+03:00,115514.64,115514.64,115514.63,115514.64,0.00156
2025-09-20 08:10:45+03:00,115514.64,115514.64,115514.64,115514.64,0.0
2025-09-20 08:10:46+03:00,115514.63,115514.64,115514.63,115514.64,0.02506
2025-09-20 08:10:47+03:00,115514.64,115514.64,115514.64,115514.64,0.00164
2025-09-20 08:10:48+03:00,115514.64,115514.64,115514.63,115514.63,0.00254
2025-09-20 08:10:49+03:00,115514.64,115514.64,115514.63,115514.63,0.00839
2025-09-20 08:10:50+03:00,115514.63,115514.64,115514.63,115514.64,0.00397
2025-09-20 08:10:51+03:00,115514.64,115514.64,115514.64,115514.64,0.03249
2025-09-20 08:10:52+03:00,115514.64,115514.64,115514.63,115514.63,0.00033
2025-09-20 08:10:53+03:00,115514.63,115514.63,115514.63,115514.63,0.0
2025-09-20 08:10:54+03:00,115514.63,115514.63,115514.63,115514.63,0.00171
2025-09-20 08:10:55+03:00,115514.64,115514.64,115514.64,115514.64,0.00104
2025-09-20 08:10:56+03:00,115514.64,115514.64,115514.64,115514.64,0.0
2025-09-20 08:10:57+03:00,115514.64,115514.64,115514.64,115514.64,0.0
2025-09-20 08:10:58+03:00,115514.64,115514.64,115514.64,115514.64,0.00018
2025-09-20 08:10:59+03:00,115514.63,115514.63,115514.63,115514.63,0.01528
2025-09-20 08:11:00+03:00,115514.63,115514.64,115514.63,115514.64,0.04232
2025-09-20 08:11:01+03:00,115514.64,115514.64,115514.64,115514.64,0.00033
2025-09-20 08:11:02+03:00,115514.64,115514.64,115514.63,115514.63,0.00035
2025-09-20 08:11:03+03:00,115514.63,115514.63,115514.63,115514.63,0.0
2025-09-20 08:11:04+03:00,115514.63,115514.63,115514.63,115514.63,0.00172
2025-09-20 08:11:05+03:00,115514.64,115514.64,115514.63,115514.64,0.04171
2025-09-20 08:11:06+03:00,115514.63,115514.63,115514.63,115514.63,0.00019
2025-09-20 08:11:07+03:00,115514.64,115514.64,115514.64,115514.64,0.00014
2025-09-20 08:11:08+03:00,115514.64,115514.64,115514.63,115514.63,0.0517
2025-09-20 08:11:09+03:00,115514.64,115514.64,115514.64,115514.64,0.00041
2025-09-20 08:11:10+03:00,115514.63,115514.64,115514.63,115514.64,0.0407
2025-09-20 08:11:11+03:00,115514.64,115514.64,115514.64,115514.64,0.0
2025-09-20 08:11:12+03:00,115514.64,115514.64,115514.64,115514.64,0.0
2025-09-20 08:11:13+03:00,115514.64,115514.64,115514.64,115514.64,0.00111
2025-09-20 08:11:14+03:00,115514.64,115514.64,115514.63,115514.63,0.00701
2025-09-20 08:11:15+03:00,115514.63,115514.64,115514.63,115514.64,0.04479
2025-09-20 08:11:16+03:00,115514.64,115514.64,115514.64,115514.64,0.00106
2025-09-20 08:11:17+03:00,115514.64,115514.64,115514.63,115514.63,0.00063
2025-09-20 08:11:18+03:00,115514.64,115514.64,115514.64,115514.64,0.00016
2025-09-20 08:11:19+03:00,115514.64,115514.64,115514.64,115514.64,0.00135
2025-09-20 08:11:20+03:00,115514.64,115514.64,115514.63,115514.63,0.04007
2025-09-20 08:11:21+03:00,115514.64,115514.64,115514.64,115514.64,7e-05
2025-09-20 08:11:22+03:00,115514.63,115514.64,115514.63,115514.64,0.0044
2025-09-20 08:11:23+03:00,115514.64,115514.64,115514.64,115514.64,0.0
2025-09-20 08:11:24+03:00,115514.64,115514.64,115514.64,115514.64,0.00065
2025-09-20 08:11:25+03:00,115514.64,115514.64,115514.63,115514.63,0.05771
2025-09-20 08:11:26+03:00,115514.63,115514.64,115514.63,115514.64,0.0053
2025-09-20 08:11:27+03:00,115514.63,115514.63,115514.63,115514.63,0.00398
2025-09-20 08:11:28+03:00,115514.63,115514.63,115514.63,115514.63,0.0
2025-09-20 08:11:29+03:00,115514.64,115514.64,115514.64,115514.64,0.00672
2025-09-20 08:11:30+03:00,115514.63,115514.64,115514.63,115514.63,0.04382
2025-09-20 08:11:31+03:00,115514.64,115514.64,115514.63,115514.63,0.00228
2025-09-20 08:11:32+03:00,115514.64,115514.64,115514.63,115514.63,0.00092
2025-09-20 08:11:33+03:00,115514.64,115514.64,115514.64,115514.64,0.00873
2025-09-20 08:11:34+03:00,115514.63,115514.64,115514.63,115514.64,0.00291
2025-09-20 08:11:35+03:00,115514.63,115514.63,115514.63,115514.63,0.00022
2025-09-20 08:11:36+03:00,115514.63,115514.63,115514.63,115514.63,0.00053
2025-09-20 08:11:37+03:00,115514.63,115514.63,115514.63,115514.63,0.0
2025-09-20 08:11:38+03:00,115514.63,115514.63,115514.63,115514.63,0.0
2025-09-20 08:11:39+03:00,115514.63,115514.63,115514.63,115514.63,0.0
2025-09-20 08:11:40+03:00,115514.64,115514.64,115514.64,115514.64,7e-05
2025-09-20 08:11:41+03:00,115514.64,115514.64,115514.64,115514.64,0.02507
2025-09-20 08:11:42+03:00,115514.63,115514.63,115514.63,115514.63,0.00577
2025-09-20 08:11:43+03:00,115514.64,115514.64,115514.64,115514.64,0.00524
2025-09-20 08:11:44+03:00,115514.64,115514.64,115514.64,115514.64,0.00391
2025-09-20 08:11:45+03:00,115514.64,115514.64,115514.64,115514.64,0.0
2025-09-20 08:11:46+03:00,115514.63,115514.64,115514.63,115514.64,0.00434
2025-09-20 08:11:47+03:00,115514.64,115514.64,115514.64,115514.64,0.00028
2025-09-20 08:11:48+03:00,115514.64,115514.64,115514.64,115514.64,0.00087
2025-09-20 08:11:49+03:00,115514.63,115514.64,115514.63,115514.64,0.00188
2025-09-20 08:11:50+03:00,115514.64,115514.64,115514.64,115514.64,0.00099
2025-09-20 08:11:51+03:00,115514.64,115514.64,115514.64,115514.64,0.03107
2025-09-20 08:11:52+03:00,115514.64,115514.64,115514.64,115514.64,0.00052
2025-09-20 08:11:53+03:00,115514.63,115514.64,115514.63,115514.63,0.00883
2025-09-20 08:11:54+03:00,115514.64,115514.64,115514.64,115514.64,7e-05
2025-09-20 08:11:55+03:00,115514.63,115514.63,115514.63,115514.63,0.01775
2025-09-20 08:11:56+03:00,115514.64,115514.64,115514.64,115514.64,0.00054
2025-09-20 08:11:57+03:00,115514.64,115514.64,115514.63,115514.63,0.00038
2025-09-20 08:11:58+03:00,115514.64,115514.64,115514.64,115514.64,7e-05
2025-09-20 08:11:59+03:00,115514.64,115514.64,115514.64,115514.64,0.00419
2025-09-20 08:12:00+03:00,115514.64,115514.64,115514.63,115514.64,0.01061
2025-09-20 08:12:01+03:00,115514.63,115514.63,115514.63,115514.63,0.00068
2025-09-20 08:12:02+03:00,115514.64,115514.64,115514.64,115514.64,0.00651
2025-09-20 08:12:03+03:00,115514.64,115514.64,115514.64,115514.64,9e-05
2025-09-20 08:12:04+03:00,115514.64,115514.64,115514.64,115514.64,7e-05
2025-09-20 08:12:05+03:00,115514.64,115514.64,115514.64,115514.64,0.0202
2025-09-20 08:12:06+03:00,115514.64,115514.64,115514.64,115514.64,0.0
2025-09-20 08:12:07+03:00,115514.64,115514.64,115514.63,115514.63,0.04593
2025-09-20 08:12:08+03:00,115514.63,115514.63,115514.63,115514.63,0.0
2025-09-20 08:12:09+03:00,115514.64,115514.64,115514.64,115514.64,0.00053
2025-09-20 08:12:10+03:00,115514.64,115514.64,115514.64,115514.64,0.0
2025-09-20 08:12:11+03:00,115514.64,115514.64,115514.64,115514.64,0.0
2025-09-20 08:12:12+03:00,115514.63,115514.63,115514.63,115514.63,0.00022
2025-09-20 08:12:13+03:00,115514.63,115514.63,115514.63,115514.63,9e-05
2025-09-20 08:12:14+03:00,115514.64,115514.64,115514.64,115514.64,0.00087
2025-09-20 08:12:15+03:00,115514.64,115514.64,115514.64,115514.64,0.00093
2025-09-20 08:12:16+03:00,115514.63,115514.63,115514.63,115514.63,0.00093
2025-09-20 08:12:17+03:00,115514.63,115514.63,115514.63,115514.63,0.011
2025-09-20 08:12:18+03:00,115514.64,115514.64,115514.63,115514.64,0.12224
2025-09-20 08:12:19+03:00,115514.63,115514.63,115514.63,115514.63,0.00014
2025-09-20 08:12:20+03:00,115514.64,115514.64,115514.64,115514.64,0.00193
2025-09-20 08:12:21+03:00,115514.63,115514.64,115514.63,115514.64,0.00393
2025-09-20 08:12:22+03:00,115514.64,115514.64,115514.63,115514.63,0.01603
2025-09-20 08:12:23+03:00,115514.64,115514.64,115514.63,115514.64,0.01796
2025-09-20 08:12:24+03:00,115514.63,115514.63,115514.63,115514.63,0.0096
2025-09-20 08:12:25+03:00,115514.63,115514.63,115514.63,115514.63,0.00541
2025-09-20 08:12:26+03:00,115514.63,115514.64,115514.63,115514.63,0.00733
2025-09-20 08:12:27+03:00,115514.63,115514.63,115514.63,115514.63,0.0
2025-09-20 08:12:28+03:00,115514.63,115514.63,115514.63,115514.63,0.0
2025-09-20 08:12:29+03:00,115514.63,115514.63,115514.63,115514.63,0.0
2025-09-20 08:12:30+03:00,115514.63,115514.63,115514.63,115514.63,0.0
2025-09-20 08:12:31+03:00,115514.64,115514.64,115514.64,115514.64,7e-05
2025-09-20 08:12:32+03:00,115514.64,115514.64,115514.64,115514.64,0.0
2025-09-20 08:12:33+03:00,115514.64,115514.64,115514.64,115514.64,8e-05
2025-09-20 08:12:34+03:00,115514.64,115514.64,115514.63,115514.63,0.00084
2025-09-20 08:12:35+03:00,115514.63,115514.63,115514.63,115514.63,0.0
2025-09-20 08:12:36+03:00,115514.63,115514.63,115514.63,115514.63,0.0
2025-09-20 08:12:37+03:00,115514.64,115514.64,115514.63,115514.63,0.00663
2025-09-20 08:12:38+03:00,115514.63,115514.63,115514.63,115514.63,0.0
2025-09-20 08:12:39+03:00,115514.64,115514.64,115514.63,115514.63,0.0003
2025-09-20 08:12:40+03:00,115514.63,115514.63,115514.63,115514.63,0.00153
2025-09-20 08:12:41+03:00,115514.63,115514.63,115514.63,115514.63,0.01
2025-09-20 08:12:42+03:00,115514.64,115514.64,115514.63,115514.63,0.00015
2025-09-20 08:12:43+03:00,115514.63,115514.63,115514.63,115514.63,0.00075
2025-09-20 08:12:44+03:00,115514.64,115514.64,115514.64,115514.64,0.00093
2025-09-20 08:12:45+03:00,115514.64,115514.64,115514.64,115514.64,0.00017
2025-09-20 08:12:46+03:00,115514.64,115514.64,115514.64,115514.64,0.00343
2025-09-20 08:12:47+03:00,115514.64,115514.64,115514.63,115514.64,0.00267
2025-09-20 08:12:48+03:00,115514.63,115514.63,115514.63,115514.63,0.00076
2025-09-20 08:12:49+03:00,115514.64,115514.64,115514.63,115514.63,0.00156
2025-09-20 08:12:50+03:00,115514.63,115514.63,115514.63,115514.63,0.00017
2025-09-20 08:12:51+03:00,115514.64,115514.64,115514.64,115514.64,0.0364
2025-09-20 08:12:52+03:00,115514.64,115514.64,115514.64,115514.64,0.00017
2025-09-20 08:12:53+03:00,115514.64,115514.64,115514.64,115514.64,0.0
2025-09-20 08:12:54+03:00,115514.64,115514.64,115514.64,115514.64,0.00056
2025-09-20 08:12:55+03:00,115514.64,115514.64,115514.63,115514.64,0.01631
2025-09-20 08:12:56+03:00,115514.63,115514.63,115514.63,115514.63,0.00057
2025-09-20 08:12:57+03:00,115514.64,115514.64,115514.64,115514.64,0.00119
2025-09-20 08:12:58+03:00,115514.64,115514.64,115514.63,115514.64,0.00137
2025-09-20 08:12:59+03:00,115514.63,115514.64,115514.63,115514.64,0.00192
2025-09-20 08:13:00+03:00,115514.64,115514.64,115514.63,115514.63,0.00648
2025-09-20 08:13:01+03:00,115514.63,115514.64,115514.63,115514.64,0.00011
2025-09-20 08:13:02+03:00,115514.64,115514.64,115514.63,115514.64,0.00691
2025-09-20 08:13:03+03:00,115514.63,115539.18,115514.63,115539.18,1.65564
2025-09-20 08:13:04+03:00,115539.18,115547.29,115539.18,115547.29,0.29234
2025-09-20 08:13:05+03:00,115547.28,115547.29,115547.28,115547.28,0.00552
2025-09-20 08:13:06+03:00,115547.29,115547.29,115547.28,115547.29,0.00106
2025-09-20 08:13:07+03:00,115547.29,115547.29,115547.29,115547.29,0.00106
2025-09-20 08:13:08+03:00,115547.28,115547.28,115547.28,115547.28,0.00051
2025-09-20 08:13:09+03:00,115547.29,115547.29,115547.29,115547.29,0.00104
2025-09-20 08:13:10+03:00,115547.29,115547.29,115547.29,115547.29,0.00028
2025-09-20 08:13:11+03:00,115547.29,115547.29,115547.29,115547.29,0.00285
2025-09-20 08:13:12+03:00,115547.28,115547.28,115547.28,115547.28,0.00112
2025-09-20 08:13:13+03:00,115547.29,115547.29,115547.28,115547.29,0.00328
2025-09-20 08:13:14+03:00,115547.28,115547.28,115547.28,115547.28,0.00107
2025-09-20 08:13:15+03:00,115547.29,115547.29,115547.28,115547.28,0.00097
2025-09-20 08:13:16+03:00,115547.28,115547.29,115547.28,115547.29,0.00221
2025-09-20 08:13:17+03:00,115547.29,115547.29,115547.28,115547.28,0.00055
2025-09-20 08:13:18+03:00,115547.29,115547.29,115547.28,115547.28,0.00349
2025-09-20 08:13:19+03:00,115547.28,115547.28,115547.28,115547.28,0.0
2025-09-20 08:13:20+03:00,115547.29,115547.29,115547.28,115547.28,0.0012
2025-09-20 08:13:21+03:00,115547.29,115547.29,115547.29,115547.29,0.00026
2025-09-20 08:13:22+03:00,115547.29,115547.29,115547.28,115547.28,0.0144
2025-09-20 08:13:23+03:00,115547.28,115547.29,115547.28,115547.28,0.00182
2025-09-20 08:13:24+03:00,115547.28,115547.29,115547.28,115547.29,0.00094
2025-09-20 08:13:25+03:00,115547.29,115547.29,115547.29,115547.29,0.0
2025-09-20 08:13:26+03:00,115547.28,115547.29,115547.28,115547.29,0.08085
2025-09-20 08:13:27+03:00,115547.29,115547.29,115547.29,115547.29,0.0
2025-09-20 08:13:28+03:00,115547.29,115547.29,115547.29,115547.29,0.0
2025-09-20 08:13:29+03:00,115547.28,115547.29,115547.28,115547.29,0.00231
2025-09-20 08:13:30+03:00,115547.29,115547.29,115547.29,115547.29,0.00056
2025-09-20 08:13:31+03:00,115547.28,115547.29,115547.28,115547.29,0.0004
2025-09-20 08:13:32+03:00,115547.29,115547.29,115547.29,115547.29,7e-05
2025-09-20 08:13:33+03:00,115547.29,115547.29,115547.28,115547.29,0.01011
2025-09-20 08:13:34+03:00,115547.29,115547.29,115547.29,115547.29,0.0
2025-09-20 08:13:35+03:00,115547.28,115547.28,115547.28,115547.28,0.00124
2025-09-20 08:13:36+03:00,115547.29,115547.29,115547.28,115547.29,0.0087
2025-09-20 08:13:37+03:00,115547.29,115547.29,115547.29,115547.29,7e-05
2025-09-20 08:13:38+03:00,115547.29,115547.29,115547.29,115547.29,0.00124
2025-09-20 08:13:39+03:00,115547.29,115547.29,115547.29,115547.29,0.00281
2025-09-20 08:13:40+03:00,115547.29,115547.29,115547.28,115547.29,0.00136
2025-09-20 08:13:41+03:00,115547.29,115547.29,115547.29,115547.29,0.0
2025-09-20 08:13:42+03:00,115547.29,115547.29,115547.28,115547.28,0.00322
2025-09-20 08:13:43+03:00,115547.29,115547.29,115547.29,115547.29,0.00014
2025-09-20 08:13:44+03:00,115547.29,115547.29,115547.29,115547.29,0.00028
2025-09-20 08:13:45+03:00,115547.29,115547.29,115547.29,115547.29,0.00105
2025-09-20 08:13:46+03:00,115547.28,115547.28,115547.28,115547.28,0.00894
2025-09-20 08:13:47+03:00,115547.29,115547.29,115547.29,115547.29,0.21364
2025-09-20 08:13:48+03:00,115547.29,115547.29,115547.29,115547.29,0.00026
2025-09-20 08:13:49+03:00,115547.29,115547.29,115547.29,115547.29,0.00037
2025-09-20 08:13:50+03:00,115547.29,115547.29,115547.28,115547.29,0.01675
2025-09-20 08:13:51+03:00,115547.29,115547.29,115547.28,115547.29,0.04315
2025-09-20 08:13:52+03:00,115547.29,115547.29,115547.29,115547.29,6e-05
2025-09-20 08:13:53+03:00,115547.29,115547.29,115547.28,115547.29,0.02575
2025-09-20 08:13:54+03:00,115547.28,115547.29,115547.28,115547.29,0.00127
2025-09-20 08:13:55+03:00,115547.29,115573.66,115547.29,115568.64,1.96387
2025-09-20 08:13:56+03:00,115568.64,115576.91,115568.64,115576.91,1.30588
2025-09-20 08:13:57+03:00,115576.91,115576.91,115576.91,115576.91,0.00194
2025-09-20 08:13:58+03:00,115576.91,115576.91,115576.9,115576.9,0.00269
2025-09-20 08:13:59+03:00,115576.9,115576.91,115576.9,115576.9,0.62325
2025-09-20 08:14:00+03:00,115576.9,115576.9,115568.08,115568.08,1.26996
2025-09-20 08:14:01+03:00,115568.09,115568.09,115568.09,115568.09,0.00036
2025-09-20 08:14:02+03:00,115568.09,115578.08,115568.09,115578.08,0.19561
2025-09-20 08:14:03+03:00,115578.09,115578.09,115578.09,115578.09,7e-05
2025-09-20 08:14:04+03:00,115578.09,115578.09,115578.09,115578.09,0.00046
2025-09-20 08:14:05+03:00,115578.09,115578.09,115578.09,115578.09,0.00154
2025-09-20 08:14:06+03:00,115578.09,115578.09,115578.09,115578.09,0.00311
2025-09-20 08:14:07+03:00,115578.09,115578.09,115578.08,115578.09,0.00546
2025-09-20 08:14:08+03:00,115578.08,115578.08,115578.08,115578.08,0.00017
2025-09-20 08:14:09+03:00,115578.09,115578.09,115578.09,115578.09,0.00094
2025-09-20 08:14:10+03:00,115578.08,115578.09,115578.08,115578.09,0.01014
2025-09-20 08:14:11+03:00,115578.09,115578.09,115578.08,115578.08,0.0008
2025-09-20 08:14:12+03:00,115578.08,115578.09,115578.08,115578.09,0.00154
2025-09-20 08:14:13+03:00,115578.08,115578.09,115578.08,115578.09,0.00121
2025-09-20 08:14:14+03:00,115578.09,115578.09,115578.08,115578.08,0.00612
2025-09-20 08:14:15+03:00,115578.08,115578.08,115578.08,115578.08,0.00879
2025-09-20 08:14:16+03:00,115578.09,115578.09,115578.09,115578.09,0.03662
2025-09-20 08:14:17+03:00,115578.09,115578.09,115578.09,115578.09,0.0
2025-09-20 08:14:18+03:00,115578.09,115578.09,115578.08,115578.09,0.00131
2025-09-20 08:14:19+03:00,115578.09,115578.09,115578.08,115578.09,0.00257
2025-09-20 08:14:20+03:00,115578.08,115578.09,115578.08,115578.09,0.00727
2025-09-20 08:14:21+03:00,115578.09,115578.09,115578.09,115578.09,0.0005
2025-09-20 08:14:22+03:00,115578.08,115578.09,115578.08,115578.09,0.00596
2025-09-20 08:14:23+03:00,115578.08,115578.09,115578.08,115578.09,0.00259
2025-09-20 08:14:24+03:00,115578.09,115578.09,115578.09,115578.09,0.00014
2025-09-20 08:14:25+03:00,115578.09,115578.09,115578.08,115578.09,0.0062
2025-09-20 08:14:26+03:00,115578.09,115578.09,115578.09,115578.09,0.0
2025-09-20 08:14:27+03:00,115578.09,115578.09,115578.09,115578.09,0.00263
2025-09-20 08:14:28+03:00,115578.09,115578.09,115578.09,115578.09,0.05965
2025-09-20 08:14:29+03:00,115578.09,115578.09,115578.09,115578.09,0.00072
2025-09-20 08:14:30+03:00,115578.09,115578.09,115578.09,115578.09,0.00584
2025-09-20 08:14:31+03:00,115578.09,115578.09,115578.09,115578.09,0.00071
2025-09-20 08:14:32+03:00,115578.09,115578.09,115578.09,115578.09,0.00088
2025-09-20 08:14:33+03:00,115578.08,115578.09,115578.08,115578.09,0.00147
2025-09-20 08:14:34+03:00,115578.09,115578.09,115578.09,115578.09,0.00025
2025-09-20 08:14:35+03:00,115578.09,115578.09,115578.09,115578.09,0.00038
2025-09-20 08:14:36+03:00,115578.09,115578.09,115578.08,115578.08,0.00141
2025-09-20 08:14:37+03:00,115578.09,115578.09,115578.08,115578.09,0.00177
2025-09-20 08:14:38+03:00,115578.09,115578.09,115578.09,115578.09,0.00013
2025-09-20 08:14:39+03:00,115578.08,115578.08,115578.08,115578.08,0.00328
2025-09-20 08:14:40+03:00,115578.09,115578.09,115578.09,115578.09,0.00798
2025-09-20 08:14:41+03:00,115578.08,115578.09,115578.08,115578.09,0.00262
2025-09-20 08:14:42+03:00,115578.08,115578.09,115578.08,115578.09,0.00489
2025-09-20 08:14:43+03:00,115578.08,115578.08,115578.08,115578.08,0.0001
2025-09-20 08:14:44+03:00,115578.08,115578.08,115578.08,115578.08,0.00155
2025-09-20 08:14:45+03:00,115578.09,115578.09,115578.09,115578.09,0.00015
2025-09-20 08:14:46+03:00,115578.09,115578.09,115578.09,115578.09,0.00069
2025-09-20 08:14:47+03:00,115578.08,115578.08,115578.08,115578.08,0.00051
2025-09-20 08:14:48+03:00,115578.08,115578.09,115578.08,115578.09,0.00449
2025-09-20 08:14:49+03:00,115578.09,115578.09,115578.09,115578.09,0.00026
2025-09-20 08:14:50+03:00,115578.09,115578.09,115578.08,115578.08,0.00304
2025-09-20 08:14:51+03:00,115578.09,115578.09,115578.08,115578.08,0.03324
2025-09-20 08:14:52+03:00,115578.09,115578.09,115578.09,115578.09,0.002
2025-09-20 08:14:53+03:00,115578.09,115578.09,115578.09,115578.09,7e-05
2025-09-20 08:14:54+03:00,115578.09,115578.09,115578.09,115578.09,0.00087
2025-09-20 08:14:55+03:00,115578.08,115578.09,115578.08,115578.09,0.00784
2025-09-20 08:14:56+03:00,115578.09,115578.09,115578.09,115578.09,0.00094
2025-09-20 08:14:57+03:00,115578.09,115578.09,115578.09,115578.09,0.00038
2025-09-20 08:14:58+03:00,115578.09,115578.09,115578.09,115578.09,0.00054
2025-09-20 08:14:59+03:00,115578.09,115578.09,115578.09,115578.09,0.0
2025-09-20 08:15:00+03:00,115578.09,115578.09,115578.08,115578.08,0.00021
2025-09-20 08:15:01+03:00,115578.09,115578.09,115578.09,115578.09,0.00022
2025-09-20 08:15:02+03:00,115578.09,115578.09,115578.09,115578.09,0.0
2025-09-20 08:15:03+03:00,115578.09,115578.09,115578.09,115578.09,0.00052
2025-09-20 08:15:04+03:00,115578.08,115578.09,115578.08,115578.09,0.00107
2025-09-20 08:15:05+03:00,115578.09,115578.09,115578.09,115578.09,0.00021
2025-09-20 08:15:06+03:00,115578.09,115578.09,115578.09,115578.09,0.0
2025-09-20 08:15:07+03:00,115578.09,115578.09,115578.09,115578.09,0.00041
2025-09-20 08:15:08+03:00,115578.09,115578.09,115578.09,115578.09,0.00107
2025-09-20 08:15:09+03:00,115578.09,115578.09,115578.09,115578.09,0.00087
2025-09-20 08:15:10+03:00,115578.09,115578.09,115578.08,115578.08,0.01033
2025-09-20 08:15:11+03:00,115578.09,115578.09,115578.09,115578.09,0.00019
2025-09-20 08:15:12+03:00,115578.08,115578.09,115578.08,115578.09,0.00601
2025-09-20 08:15:13+03:00,115578.09,115578.09,115578.08,115578.08,0.00129
2025-09-20 08:15:14+03:00,115578.09,115578.09,115578.09,115578.09,0.00084
2025-09-20 08:15:15+03:00,115578.09,115578.09,115578.08,115578.08,0.00252
2025-09-20 08:15:16+03:00,115578.09,115578.09,115578.08,115578.09,0.00108
2025-09-20 08:15:17+03:00,115578.09,115578.09,115578.08,115578.08,0.00117
2025-09-20 08:15:18+03:00,115578.08,115578.09,115578.08,115578.09,0.49783
2025-09-20 08:15:19+03:00,115578.09,115578.09,115578.09,115578.09,0.00055
2025-09-20 08:15:20+03:00,115578.09,115578.09,115578.09,115578.09,0.00017
2025-09-20 08:15:21+03:00,115578.09,115578.09,115578.08,115578.08,0.00231
2025-09-20 08:15:22+03:00,115578.08,115578.08,115578.08,115578.08,0.00441
2025-09-20 08:15:23+03:00,115578.09,115578.09,115578.09,115578.09,0.02355
2025-09-20 08:15:24+03:00,115578.08,115578.09,115578.08,115578.09,0.02171
2025-09-20 08:15:25+03:00,115578.08,115578.09,115578.08,115578.09,0.00484
2025-09-20 08:15:26+03:00,115578.09,115578.09,115578.08,115578.08,0.00499
2025-09-20 08:15:27+03:00,115578.08,115578.09,115578.08,115578.09,0.00338
2025-09-20 08:15:28+03:00,115578.08,115578.09,115578.08,115578.09,0.00175
2025-09-20 08:15:29+03:00,115578.08,115578.08,115578.08,115578.08,0.00074
2025-09-20 08:15:30+03:00,115578.09,115578.09,115578.09,115578.09,0.00016
2025-09-20 08:15:31+03:00,115578.09,115578.09,115578.09,115578.09,0.00073
2025-09-20 08:15:32+03:00,115578.09,115578.09,115578.09,115578.09,0.00486
2025-09-20 08:15:33+03:00,115578.09,115578.09,115578.09,115578.09,0.0
2025-09-20 08:15:34+03:00,115578.09,115578.09,115578.09,115578.09,0.00039
2025-09-20 08:15:35+03:00,115578.08,115578.09,115578.08,115578.09,0.00831
2025-09-20 08:15:36+03:00,115578.09,115578.09,115578.09,115578.09,0.00033
2025-09-20 08:15:37+03:00,115578.09,115578.09,115578.08,115578.09,0.03477
2025-09-20 08:15:38+03:00,115578.09,115578.09,115578.09,115578.09,0.0
2025-09-20 08:15:39+03:00,115578.08,115578.09,115578.08,115578.09,0.02297
2025-09-20 08:15:40+03:00,115578.09,115578.09,115578.09,115578.09,0.0006
2025-09-20 08:15:41+03:00,115578.08,115578.09,115578.08,115578.09,0.00103
2025-09-20 08:15:42+03:00,115578.09,115578.09,115578.09,115578.09,0.00027
2025-09-20 08:15:43+03:00,115578.09,115578.09,115578.09,115578.09,7e-05
2025-09-20 08:15:44+03:00,115578.09,115578.09,115578.09,115578.09,0.00077
2025-09-20 08:15:45+03:00,115578.09,115578.09,115578.08,115578.08,0.00169
2025-09-20 08:15:46+03:00,115578.09,115578.09,115578.09,115578.09,8e-05
2025-09-20 08:15:47+03:00,115578.09,115578.09,115578.09,115578.09,0.00022
2025-09-20 08:15:48+03:00,115578.09,115578.09,115578.09,115578.09,0.00321
2025-09-20 08:15:49+03:00,115578.09,115578.09,115578.09,115578.09,0.00133
2025-09-20 08:15:50+03:00,115578.09,115578.09,115578.09,115578.09,0.04455
2025-09-20 08:15:51+03:00,115578.09,115578.09,115578.08,115578.08,0.03255
2025-09-20 08:15:52+03:00,115578.09,115578.09,115578.08,115578.08,0.00117
2025-09-20 08:15:53+03:00,115578.09,115578.09,115578.08,115578.08,0.02724
2025-09-20 08:15:54+03:00,115578.09,115578.09,115578.09,115578.09,0.00026
2025-09-20 08:15:55+03:00,115578.08,115578.09,115578.08,115578.09,0.00101
2025-09-20 08:15:56+03:00,115578.08,115578.08,115578.08,115578.08,0.01795
2025-09-20 08:15:57+03:00,115578.08,115578.08,115578.08,115578.08,0.0
2025-09-20 08:15:58+03:00,115578.09,115578.09,115578.09,115578.09,0.0002
2025-09-20 08:15:59+03:00,115578.08,115578.09,115578.08,115578.09,0.00093
2025-09-20 08:16:00+03:00,115578.08,115578.09,115578.08,115578.09,0.00081
2025-09-20 08:16:01+03:00,115578.09,115578.09,115578.08,115578.08,0.00026
2025-09-20 08:16:02+03:00,115578.08,115578.09,115578.08,115578.09,0.00803
2025-09-20 08:16:03+03:00,115578.09,115578.09,115578.09,115578.09,0.00227
2025-09-20 08:16:04+03:00,115578.08,115578.08,115578.08,115578.08,0.00012
2025-09-20 08:16:05+03:00,115578.08,115578.09,115578.08,115578.09,0.00039
2025-09-20 08:16:06+03:00,115578.09,115578.09,115578.08,115578.08,0.00595
2025-09-20 08:16:07+03:00,115578.09,115578.09,115578.09,115578.09,0.04415
2025-09-20 08:16:08+03:00,115578.09,115578.09,115578.08,115578.08,0.04666
2025-09-20 08:16:09+03:00,115578.09,115578.09,115578.09,115578.09,0.05552
2025-09-20 08:16:10+03:00,115578.09,115578.09,115578.08,115578.08,0.00039
2025-09-20 08:16:11+03:00,115578.08,115578.08,115578.08,115578.08,0.00243
2025-09-20 08:16:12+03:00,115578.08,115578.09,115578.08,115578.08,0.00727
2025-09-20 08:16:13+03:00,115578.09,115578.09,115578.08,115578.08,0.04446
2025-09-20 08:16:14+03:00,115578.09,115578.09,115578.08,115578.08,0.0002
2025-09-20 08:16:15+03:00,115578.08,115578.08,115578.08,115578.08,0.00049
2025-09-20 08:16:16+03:00,115578.09,115578.09,115578.08,115578.08,0.00116
2025-09-20 08:16:17+03:00,115578.08,115578.08,115578.08,115578.08,0.00093
2025-09-20 08:16:18+03:00,115578.08,115578.08,115578.08,115578.08,0.01
2025-09-20 08:16:19+03:00,115578.09,115578.09,115578.09,115578.09,0.00013
2025-09-20 08:16:20+03:00,115578.08,115578.08,115578.08,115578.08,0.00159
2025-09-20 08:16:21+03:00,115578.08,115578.08,115578.08,115578.08,0.00013
2025-09-20 08:16:22+03:00,115578.09,115578.09,115578.08,115578.09,0.0104
2025-09-20 08:16:23+03:00,115578.09,115578.09,115578.08,115578.09,0.00456
2025-09-20 08:16:24+03:00,115578.09,115578.09,115578.08,115578.08,0.02543
2025-09-20 08:16:25+03:00,115578.08,115578.08,115578.08,115578.08,0.00018
2025-09-20 08:16:26+03:00,115578.08,115578.08,115578.08,115578.08,0.0
2025-09-20 08:16:27+03:00,115578.08,115578.09,115578.08,115578.09,0.03512
2025-09-20 08:16:28+03:00,115578.09,115578.09,115578.09,115578.09,0.00013
2025-09-20 08:16:29+03:00,115578.08,115578.08,115578.08,115578.08,0.00122
2025-09-20 08:16:30+03:00,115578.08,115578.08,115578.08,115578.08,0.00013
2025-09-20 08:16:31+03:00,115578.08,115578.08,115578.08,115578.08,0.00158
2025-09-20 08:16:32+03:00,115578.08,115578.08,115578.08,115578.08,0.00072
2025-09-20 08:16:33+03:00,115578.09,115578.09,115578.08,115578.09,0.00554
2025-09-20 08:16:34+03:00,115578.08,115578.09,115578.08,115578.09,0.58966
2025-09-20 08:16:35+03:00,115578.08,115578.09,115578.08,115578.09,0.00248
2025-09-20 08:16:36+03:00,115578.09,115578.09,115578.08,115578.09,0.05651
2025-09-20 08:16:37+03:00,115578.08,115578.09,115578.08,115578.09,0.00469
2025-09-20 08:16:38+03:00,115578.08,115578.09,115578.08,115578.08,0.00142
2025-09-20 08:16:39+03:00,115578.08,115578.09,115578.08,115578.09,0.01811
2025-09-20 08:16:40+03:00,115578.09,115578.09,115578.09,115578.09,0.00089
2025-09-20 08:16:41+03:00,115578.08,115578.08,115578.08,115578.08,0.00039
2025-09-20 08:16:42+03:00,115578.08,115578.09,115578.08,115578.09,0.00253
2025-09-20 08:16:43+03:00,115578.09,115578.09,115578.09,115578.09,0.00386
2025-09-20 08:16:44+03:00,115578.08,115578.08,115578.08,115578.08,5e-05
2025-09-20 08:16:45+03:00,115578.09,115578.09,115578.08,115578.09,0.01157
2025-09-20 08:16:46+03:00,115578.09,115589.22,115578.09,115589.22,0.76418
2025-09-20 08:16:47+03:00,115589.23,115589.23,115589.22,115589.22,0.00126
2025-09-20 08:16:48+03:00,115589.22,115589.22,115589.22,115589.22,0.0002
2025-09-20 08:16:49+03:00,115589.22,115589.22,115589.22,115589.22,0.00024
2025-09-20 08:16:50+03:00,115589.23,115589.23,115589.22,115589.22,0.00037
2025-09-20 08:16:51+03:00,115589.23,115589.23,115589.22,115589.22,0.03236
2025-09-20 08:16:52+03:00,115589.23,115589.23,115589.23,115589.23,0.0001
2025-09-20 08:16:53+03:00,115589.23,115589.23,115589.22,115589.23,0.01364
2025-09-20 08:16:54+03:00,115589.23,115589.23,115589.22,115589.22,0.00391
2025-09-20 08:16:55+03:00,115589.22,115589.22,115589.22,115589.22,0.00074
2025-09-20 08:16:56+03:00,115589.22,115589.23,115589.22,115589.23,0.01303
2025-09-20 08:16:57+03:00,115589.22,115589.22,115589.22,115589.22,0.00034
2025-09-20 08:16:58+03:00,115589.22,115589.22,115589.22,115589.22,0.00071
2025-09-20 08:16:59+03:00,115589.22,115589.23,115589.22,115589.23,0.0005
2025-09-20 08:17:00+03:00,115589.22,115589.23,115589.22,115589.23,0.00108
2025-09-20 08:17:01+03:00,115589.22,115589.22,115589.22,115589.22,0.00036
2025-09-20 08:17:02+03:00,115589.22,115589.22,115589.22,115589.22,0.0
2025-09-20 08:17:03+03:00,115589.22,115589.22,115589.22,115589.22,0.00013
2025-09-20 08:17:04+03:00,115589.23,115589.23,115589.23,115589.23,0.00013
2025-09-20 08:17:05+03:00,115589.23,115589.23,115589.23,115589.23,0.00027
2025-09-20 08:17:06+03:00,115589.22,115589.22,115589.22,115589.22,0.00069
2025-09-20 08:17:07+03:00,115589.22,115589.23,115589.22,115589.23,0.00733
2025-09-20 08:17:08+03:00,115589.23,115589.23,115589.22,115589.22,0.00572
2025-09-20 08:17:09+03:00,115589.22,115589.22,115589.22,115589.22,0.0
2025-09-20 08:17:10+03:00,115589.23,115589.23,115589.22,115589.23,0.00083
2025-09-20 08:17:11+03:00,115589.23,115589.23,115589.23,115589.23,0.00022
2025-09-20 08:17:12+03:00,115589.22,115589.23,115589.22,115589.22,0.01591
2025-09-20 08:17:13+03:00,115589.23,115589.23,115589.23,115589.23,0.00432
2025-09-20 08:17:14+03:00,115589.22,115589.22,115589.22,115589.22,0.00098
2025-09-20 08:17:15+03:00,115589.22,115589.23,115589.22,115589.22,0.00061
2025-09-20 08:17:16+03:00,115589.22,115589.23,115589.22,115589.22,0.00615
2025-09-20 08:17:17+03:00,115589.22,115589.22,115589.22,115589.22,0.00207
2025-09-20 08:17:18+03:00,115589.22,115589.22,115589.22,115589.22,0.00999
2025-09-20 08:17:19+03:00,115589.23,115589.23,115589.22,115589.23,0.00925
2025-09-20 08:17:20+03:00,115589.23,115589.23,115589.22,115589.22,0.00244
2025-09-20 08:17:21+03:00,115589.23,115589.23,115589.22,115589.22,0.0048
2025-09-20 08:17:22+03:00,115589.22,115589.22,115589.22,115589.22,0.02217
2025-09-20 08:17:23+03:00,115589.23,115589.23,115589.22,115589.22,0.01858
2025-09-20 08:17:24+03:00,115589.22,115589.23,115589.22,115589.23,0.00096
2025-09-20 08:17:25+03:00,115589.22,115589.23,115589.22,115589.22,0.00075
2025-09-20 08:17:26+03:00,115589.23,115589.23,115589.23,115589.23,0.00154
2025-09-20 08:17:27+03:00,115589.23,115589.23,115589.23,115589.23,0.0
2025-09-20 08:17:28+03:00,115589.22,115589.22,115589.22,115589.22,0.00046
2025-09-20 08:17:29+03:00,115589.22,115589.23,115589.22,115589.23,0.00104
2025-09-20 08:17:30+03:00,115589.22,115589.22,115589.22,115589.22,0.05916
2025-09-20 08:17:31+03:00,115589.23,115589.23,115589.23,115589.23,0.00029
2025-09-20 08:17:32+03:00,115589.23,115589.23,115589.23,115589.23,0.00012
2025-09-20 08:17:33+03:00,115589.22,115589.22,115589.22,115589.22,0.00032
2025-09-20 08:17:34+03:00,115589.22,115589.22,115589.22,115589.22,0.04067
2025-09-20 08:17:35+03:00,115589.22,115589.22,115589.22,115589.22,0.00076
2025-09-20 08:17:36+03:00,115589.23,115589.23,115589.23,115589.23,0.00258
2025-09-20 08:17:37+03:00,115589.22,115589.23,115589.22,115589.22,0.00344
2025-09-20 08:17:38+03:00,115589.23,115589.23,115589.22,115589.22,0.00327
2025-09-20 08:17:39+03:00,115589.22,115589.23,115589.22,115589.22,0.00361
2025-09-20 08:17:40+03:00,115589.22,115589.22,115589.22,115589.22,0.0
2025-09-20 08:17:41+03:00,115589.23,115589.23,115589.23,115589.23,0.13807
2025-09-20 08:17:42+03:00,115589.22,115589.22,115589.22,115589.22,0.0007
2025-09-20 08:17:43+03:00,115589.22,115589.23,115589.22,115589.23,0.00036
2025-09-20 08:17:44+03:00,115589.22,115589.23,115589.22,115589.22,0.00531
2025-09-20 08:17:45+03:00,115589.23,115589.23,115589.23,115589.23,0.00034
2025-09-20 08:17:46+03:00,115589.22,115589.22,115589.22,115589.22,0.00156
2025-09-20 08:17:47+03:00,115589.23,115589.23,115589.23,115589.23,0.00432
2025-09-20 08:17:48+03:00,115589.22,115589.23,115589.22,115589.23,0.00191
2025-09-20 08:17:49+03:00,115589.22,115589.23,115589.22,115589.22,0.01091
2025-09-20 08:17:50+03:00,115589.22,115589.23,115589.22,115589.23,0.00024
2025-09-20 08:17:51+03:00,115589.22,115589.23,115589.22,115589.23,0.03203
2025-09-20 08:17:52+03:00,115589.22,115589.22,115589.22,115589.22,0.02106
2025-09-20 08:17:53+03:00,115589.22,115589.23,115589.22,115589.23,0.00154
2025-09-20 08:17:54+03:00,115589.22,115589.22,115589.22,115589.22,0.00512
2025-09-20 08:17:55+03:00,115589.23,115589.23,115589.22,115589.22,0.00221
2025-09-20 08:17:56+03:00,115589.22,115589.22,115589.22,115589.22,0.00052
2025-09-20 08:17:57+03:00,115589.23,115589.23,115589.22,115589.22,0.01066
2025-09-20 08:17:58+03:00,115589.23,115589.23,115589.23,115589.23,0.00083
2025-09-20 08:17:59+03:00,115589.22,115589.23,115589.22,115589.23,0.00168
2025-09-20 08:18:00+03:00,115589.22,115589.23,115589.22,115589.23,0.05928
2025-09-20 08:18:01+03:00,115589.23,115589.23,115589.23,115589.23,0.00031
2025-09-20 08:18:02+03:00,115589.22,115589.23,115589.22,115589.23,0.00109
2025-09-20 08:18:03+03:00,115589.22,115589.22,115589.22,115589.22,0.00017
2025-09-20 08:18:04+03:00,115589.22,115589.22,115589.22,115589.22,0.00132
2025-09-20 08:18:05+03:00,115589.23,115589.23,115589.23,115589.23,0.00027
2025-09-20 08:18:06+03:00,115589.23,115589.23,115589.23,115589.23,0.0
2025-09-20 08:18:07+03:00,115589.23,115589.23,115589.22,115589.22,0.00787
2025-09-20 08:18:08+03:00,115589.23,115589.23,115589.22,115589.22,0.00026
2025-09-20 08:18:09+03:00,115589.23,115589.23,115589.23,115589.23,7e-05
2025-09-20 08:18:10+03:00,115589.23,115589.23,115589.23,115589.23,0.0
2025-09-20 08:18:11+03:00,115589.23,115589.23,115589.23,115589.23,0.00487
2025-09-20 08:18:12+03:00,115589.23,115589.23,115589.23,115589.23,0.0
2025-09-20 08:18:13+03:00,115589.22,115589.22,115589.22,115589.22,0.00032
2025-09-20 08:18:14+03:00,115589.22,115589.22,115589.22,115589.22,0.00086
2025-09-20 08:18:15+03:00,115589.23,115589.23,115589.23,115589.23,0.00129
2025-09-20 08:18:16+03:00,115589.23,115589.23,115589.23,115589.23,0.00316
2025-09-20 08:18:17+03:00,115589.23,115589.23,115589.23,115589.23,0.0
2025-09-20 08:18:18+03:00,115589.23,115589.23,115589.23,115589.23,0.0
2025-09-20 08:18:19+03:00,115589.23,115589.23,115589.22,115589.23,0.0077
2025-09-20 08:18:20+03:00,115589.23,115589.23,115589.23,115589.23,0.0
2025-09-20 08:18:21+03:00,115589.23,115589.23,115589.23,115589.23,0.00033
2025-09-20 08:18:22+03:00,115589.23,115589.23,115589.22,115589.22,0.05503
2025-09-20 08:18:23+03:00,115589.23,115589.23,115589.22,115589.23,0.00887
2025-09-20 08:18:24+03:00,115589.23,115589.23,115589.23,115589.23,0.00037
2025-09-20 08:18:25+03:00,115589.22,115589.22,115589.22,115589.22,5e-05
2025-09-20 08:18:26+03:00,115589.23,115589.23,115589.22,115589.23,0.01514
2025-09-20 08:18:27+03:00,115589.23,115589.23,115589.23,115589.23,0.01045
2025-09-20 08:18:28+03:00,115589.22,115589.22,115589.22,115589.22,5e-05
2025-09-20 08:18:29+03:00,115589.23,115589.23,115589.23,115589.23,0.00054
2025-09-20 08:18:30+03:00,115589.23,115589.23,115589.23,115589.23,0.00037
2025-09-20 08:18:31+03:00,115589.23,115589.23,115589.23,115589.23,0.0
2025-09-20 08:18:32+03:00,115589.23,115589.23,115589.22,115589.22,0.00158
2025-09-20 08:18:33+03:00,115589.23,115589.23,115589.23,115589.23,0.00028
2025-09-20 08:18:34+03:00,115589.22,115589.22,115589.22,115589.22,0.00418
2025-09-20 08:18:35+03:00,115589.23,115589.23,115589.23,115589.23,0.00086
2025-09-20 08:18:36+03:00,115589.23,115589.23,115589.23,115589.23,0.00991
2025-09-20 08:18:37+03:00,115589.23,115589.23,115589.22,115589.23,0.0665
2025-09-20 08:18:38+03:00,115589.22,115589.23,115589.22,115589.23,0.00299
2025-09-20 08:18:39+03:00,115589.23,115589.23,115589.22,115589.22,0.02357
2025-09-20 08:18:40+03:00,115589.22,115589.22,115589.22,115589.22,0.00021
2025-09-20 08:18:41+03:00,115589.22,115589.22,115589.22,115589.22,8e-05
2025-09-20 08:18:42+03:00,115589.22,115589.22,115589.22,115589.22,6e-05
2025-09-20 08:18:43+03:00,115589.22,115589.23,115589.22,115589.23,0.00863
2025-09-20 08:18:44+03:00,115589.23,115589.23,115589.23,115589.23,0.00463
2025-09-20 08:18:45+03:00,115589.23,115589.23,115589.23,115589.23,0.00122
2025-09-20 08:18:46+03:00,115589.23,115589.23,115589.22,115589.23,0.00693
2025-09-20 08:18:47+03:00,115589.23,115589.23,115589.23,115589.23,0.00023
2025-09-20 08:18:48+03:00,115589.23,115589.23,115589.23,115589.23,0.0
2025-09-20 08:18:49+03:00,115589.23,115589.23,115589.23,115589.23,0.00025
2025-09-20 08:18:50+03:00,115589.22,115589.23,115589.22,115589.23,0.00057
2025-09-20 08:18:51+03:00,115589.23,115589.23,115589.23,115589.23,0.03154
2025-09-20 08:18:52+03:00,115589.22,115589.22,115589.22,115589.22,0.00083
2025-09-20 08:18:53+03:00,115589.23,115589.23,115589.23,115589.23,0.00035
2025-09-20 08:18:54+03:00,115589.23,115589.23,115589.23,115589.23,0.00023
2025-09-20 08:18:55+03:00,115589.22,115589.22,115589.22,115589.22,0.00096
2025-09-20 08:18:56+03:00,115589.22,115589.23,115589.22,115589.22,0.00065
2025-09-20 08:18:57+03:00,115589.22,115589.23,115589.22,115589.23,0.00209
2025-09-20 08:18:58+03:00,115589.22,115589.23,115589.22,115589.23,0.00343
2025-09-20 08:18:59+03:00,115589.23,115589.23,115589.23,115589.23,0.0025
2025-09-20 08:19:00+03:00,115589.23,115589.23,115589.22,115589.22,0.21786
2025-09-20 08:19:01+03:00,115589.23,115589.23,115589.22,115589.22,0.00306
2025-09-20 08:19:02+03:00,115589.22,115589.22,115589.22,115589.22,0.00011
2025-09-20 08:19:03+03:00,115589.22,115589.22,115589.22,115589.22,0.0
2025-09-20 08:19:04+03:00,115589.23,115589.23,115589.23,115589.23,0.00018
2025-09-20 08:19:05+03:00,115589.23,115589.23,115589.23,115589.23,0.00038
2025-09-20 08:19:06+03:00,115589.23,115589.23,115589.23,115589.23,1.24019
2025-09-20 08:19:07+03:00,115589.22,115589.22,115589.22,115589.22,0.00108
2025-09-20 08:19:08+03:00,115589.22,115589.22,115589.22,115589.22,0.0
2025-09-20 08:19:09+03:00,115589.22,115589.22,115589.22,115589.22,0.0
2025-09-20 08:19:10+03:00,115589.23,115589.23,115589.23,115589.23,0.00506
2025-09-20 08:19:11+03:00,115589.23,115589.23,115589.22,115589.22,0.00035
2025-09-20 08:19:12+03:00,115589.22,115589.22,115589.22,115589.22,0.0
2025-09-20 08:19:13+03:00,115589.23,115589.23,115589.23,115589.23,0.00042
2025-09-20 08:19:14+03:00,115589.23,115589.23,115589.23,115589.23,0.03191
2025-09-20 08:19:15+03:00,115589.23,115589.23,115589.23,115589.23,0.0
2025-09-20 08:19:16+03:00,115589.23,115589.23,115589.23,115589.23,0.00091
2025-09-20 08:19:17+03:00,115589.22,115589.23,115589.22,115589.23,0.0067
2025-09-20 08:19:18+03:00,115589.23,115589.23,115589.23,115589.23,0.00259
2025-09-20 08:19:19+03:00,115589.23,115589.23,115589.23,115589.23,0.00069
2025-09-20 08:19:20+03:00,115589.22,115589.22,115589.22,115589.22,0.0006
2025-09-20 08:19:21+03:00,115589.22,115589.22,115589.22,115589.22,0.0
2025-09-20 08:19:22+03:00,115589.23,115589.23,115589.22,115589.22,0.00574
2025-09-20 08:19:23+03:00,115589.22,115589.22,115589.22,115589.22,0.0
2025-09-20 08:19:24+03:00,115589.22,115589.23,115589.22,115589.23,0.08544
2025-09-20 08:19:25+03:00,115589.22,115589.22,115589.22,115589.22,0.00043
2025-09-20 08:19:26+03:00,115589.23,115589.23,115589.23,115589.23,0.25137
2025-09-20 08:19:27+03:00,115589.23,115589.23,115589.23,115589.23,0.0
2025-09-20 08:19:28+03:00,115589.23,115589.23,115589.23,115589.23,0.00093
2025-09-20 08:19:29+03:00,115589.23,115589.23,115589.23,115589.23,0.00083
2025-09-20 08:19:30+03:00,115589.23,115589.23,115589.22,115589.22,0.00122
2025-09-20 08:19:31+03:00,115589.23,115589.23,115589.22,115589.22,0.01188
2025-09-20 08:19:32+03:00,115589.22,115589.22,115589.22,115589.22,0.00227
2025-09-20 08:19:33+03:00,115589.23,115589.23,115589.23,115589.23,0.00091
2025-09-20 08:19:34+03:00,115589.22,115589.23,115589.22,115589.23,0.01073
2025-09-20 08:19:35+03:00,115589.22,115589.22,115589.22,115589.22,7e-05
2025-09-20 08:19:36+03:00,115589.22,115589.22,115589.22,115589.22,0.0
2025-09-20 08:19:37+03:00,115589.22,115589.23,115589.22,115589.23,0.00264
2025-09-20 08:19:38+03:00,115589.22,115589.22,115589.22,115589.22,0.0087
2025-09-20 08:19:39+03:00,115589.22,115589.22,115589.22,115589.22,0.00102
2025-09-20 08:19:40+03:00,115589.23,115589.23,115589.23,115589.23,0.00029
2025-09-20 08:19:41+03:00,115589.23,115589.23,115589.23,115589.23,6e-05
2025-09-20 08:19:42+03:00,115589.22,115589.23,115589.22,115589.22,0.00177
2025-09-20 08:19:43+03:00,115589.22,115589.22,115589.22,115589.22,0.0
2025-09-20 08:19:44+03:00,115589.22,115589.23,115589.22,115589.23,0.06712
2025-09-20 08:19:45+03:00,115589.23,115589.23,115589.22,115589.22,0.00159
2025-09-20 08:19:46+03:00,115589.23,115589.23,115589.23,115589.23,0.00029
2025-09-20 08:19:47+03:00,115589.23,115589.23,115589.23,115589.23,0.0
2025-09-20 08:19:48+03:00,115589.22,115589.23,115589.22,115589.23,0.00214
2025-09-20 08:19:49+03:00,115589.23,115589.23,115589.23,115589.23,0.00192
2025-09-20 08:19:50+03:00,115589.23,115589.23,115589.23,115589.23,0.0
2025-09-20 08:19:51+03:00,115589.23,115589.23,115589.23,115589.23,0.03187
2025-09-20 08:19:52+03:00,115589.22,115589.23,115589.22,115589.23,0.00035
2025-09-20 08:19:53+03:00,115589.23,115589.23,115589.23,115589.23,0.00162
2025-09-20 08:19:54+03:00,115589.22,115589.23,115589.22,115589.23,0.00346
2025-09-20 08:19:55+03:00,115589.22,115589.22,115589.22,115589.22,0.00053
2025-09-20 08:19:56+03:00,115589.22,115589.22,115589.22,115589.22,0.0
2025-09-20 08:19:57+03:00,115589.22,115589.22,115589.22,115589.22,0.0
2025-09-20 08:19:58+03:00,115589.23,115589.23,115589.23,115589.23,0.00057
2025-09-20 08:19:59+03:00,115589.22,115589.22,115589.22,115589.22,0.00016
2025-09-20 08:20:00+03:00,115589.23,115589.23,115589.22,115589.23,0.02245
2025-09-20 08:20:01+03:00,115589.23,115589.23,115589.23,115589.23,8e-05
2025-09-20 08:20:02+03:00,115589.22,115589.23,115589.22,115589.23,2.57519
2025-09-20 08:20:03+03:00,115589.23,115597.19,115589.23,115597.18,0.67873
2025-09-20 08:20:04+03:00,115597.19,115597.19,115597.19,115597.19,0.00039
2025-09-20 08:20:05+03:00,115597.19,115597.19,115597.18,115597.18,0.00042
2025-09-20 08:20:06+03:00,115597.18,115597.18,115597.18,115597.18,0.00866
2025-09-20 08:20:07+03:00,115597.18,115597.18,115597.18,115597.18,0.0
2025-09-20 08:20:08+03:00,115597.18,115597.18,115597.18,115597.18,0.0078
2025-09-20 08:20:09+03:00,115597.18,115597.19,115597.18,115597.19,0.00286
2025-09-20 08:20:10+03:00,115597.18,115597.19,115597.18,115597.19,0.00229
2025-09-20 08:20:11+03:00,115597.18,115597.18,115597.18,115597.18,0.00031
2025-09-20 08:20:12+03:00,115597.18,115597.18,115597.18,115597.18,0.05284
2025-09-20 08:20:13+03:00,115597.18,115597.18,115597.18,115597.18,8e-05
2025-09-20 08:20:14+03:00,115597.19,115597.19,115597.19,115597.19,0.01731
2025-09-20 08:20:15+03:00,115597.19,115597.19,115597.19,115597.19,0.00028
2025-09-20 08:20:16+03:00,115597.19,115597.19,115597.19,115597.19,0.0
2025-09-20 08:20:17+03:00,115597.19,115597.19,115597.18,115597.18,0.00594
2025-09-20 08:20:18+03:00,115597.19,115597.19,115597.19,115597.19,0.00679
2025-09-20 08:20:19+03:00,115597.19,115597.19,115597.19,115597.19,0.00083
2025-09-20 08:20:20+03:00,115597.18,115597.19,115597.18,115597.19,0.00152
2025-09-20 08:20:21+03:00,115597.19,115597.19,115597.19,115597.19,0.00027
2025-09-20 08:20:22+03:00,115597.19,115597.19,115597.18,115597.18,0.00827
2025-09-20 08:20:23+03:00,115597.18,115597.18,115597.18,115597.18,0.00017
2025-09-20 08:20:24+03:00,115597.19,115597.19,115597.19,115597.19,0.00026
2025-09-20 08:20:25+03:00,115597.19,115597.19,115597.18,115597.18,0.01436
2025-09-20 08:20:26+03:00,115597.18,115597.18,115597.18,115597.18,0.00048
2025-09-20 08:20:27+03:00,115597.19,115597.19,115597.19,115597.19,0.00066
2025-09-20 08:20:28+03:00,115597.19,115597.19,115597.19,115597.19,0.0
2025-09-20 08:20:29+03:00,115597.19,115597.19,115597.19,115597.19,0.0
2025-09-20 08:20:30+03:00,115597.19,115597.19,115597.19,115597.19,0.00031
2025-09-20 08:20:31+03:00,115597.19,115597.19,115597.19,115597.19,0.0
2025-09-20 08:20:32+03:00,115597.19,115597.19,115597.19,115597.19,0.00018
2025-09-20 08:20:33+03:00,115597.19,115597.19,115597.18,115597.19,0.04443
2025-09-20 08:20:34+03:00,115597.19,115597.19,115597.19,115597.19,0.00629
2025-09-20 08:20:35+03:00,115597.19,115597.19,115597.18,115597.18,0.00418
2025-09-20 08:20:36+03:00,115597.19,115597.19,115597.19,115597.19,8e-05
2025-09-20 08:20:37+03:00,115597.19,115597.19,115597.19,115597.19,0.00118
2025-09-20 08:20:38+03:00,115597.19,115597.19,115597.18,115597.19,0.00017
2025-09-20 08:20:39+03:00,115597.19,115597.19,115597.19,115597.19,0.00037
2025-09-20 08:20:40+03:00,115597.19,115597.19,115597.19,115597.19,0.00088
2025-09-20 08:20:41+03:00,115597.19,115597.19,115597.19,115597.19,0.0
2025-09-20 08:20:42+03:00,115597.19,115597.19,115597.18,115597.18,0.00804
2025-09-20 08:20:43+03:00,115597.18,115597.18,115597.18,115597.18,0.0
2025-09-20 08:20:44+03:00,115597.18,115597.18,115597.18,115597.18,0.0
2025-09-20 08:20:45+03:00,115597.19,115597.19,115597.19,115597.19,0.00029
2025-09-20 08:20:46+03:00,115597.19,115597.19,115597.19,115597.19,0.0
2025-09-20 08:20:47+03:00,115597.19,115597.19,115597.19,115597.19,0.0
2025-09-20 08:20:48+03:00,115597.19,115597.19,115597.19,115597.19,0.00065
2025-09-20 08:20:49+03:00,115597.19,115597.19,115597.19,115597.19,5e-05
2025-09-20 08:20:50+03:00,115597.19,115597.19,115597.19,115597.19,0.00023
2025-09-20 08:20:51+03:00,115597.19,115597.19,115597.19,115597.19,0.03216
2025-09-20 08:20:52+03:00,115597.19,115597.19,115597.19,115597.19,0.10724
2025-09-20 08:20:53+03:00,115597.19,115597.19,115597.19,115597.19,0.00065
2025-09-20 08:20:54+03:00,115597.18,115597.18,115597.18,115597.18,0.00032
2025-09-20 08:20:55+03:00,115597.19,115597.19,115597.19,115597.19,0.00039
2025-09-20 08:20:56+03:00,115597.19,115597.19,115597.19,115597.19,0.0
2025-09-20 08:20:57+03:00,115597.19,115597.19,115597.18,115597.18,0.01477
2025-09-20 08:20:58+03:00,115597.18,115597.18,115597.18,115597.18,0.0
2025-09-20 08:20:59+03:00,115597.18,115597.18,115597.18,115597.18,0.0
2025-09-20 08:21:00+03:00,115597.18,115597.18,115597.18,115597.18,0.00044
2025-09-20 08:21:01+03:00,115597.19,115597.19,115597.19,115597.19,0.00038
2025-09-20 08:21:02+03:00,115597.18,115597.18,115597.18,115597.18,0.00057
2025-09-20 08:21:03+03:00,115597.18,115597.18,115597.18,115597.18,0.00026
2025-09-20 08:21:04+03:00,115597.19,115597.19,115597.19,115597.19,0.01079
2025-09-20 08:21:05+03:00,115597.19,115597.19,115597.18,115597.18,0.00107
2025-09-20 08:21:06+03:00,115597.18,115597.18,115597.18,115597.18,0.00086
2025-09-20 08:21:07+03:00,115597.19,115597.19,115597.18,115597.19,0.24446
2025-09-20 08:21:08+03:00,115597.18,115597.18,115597.18,115597.18,0.00074
2025-09-20 08:21:09+03:00,115597.18,115597.18,115597.18,115597.18,0.0
2025-09-20 08:21:10+03:00,115597.19,115597.19,115597.19,115597.19,0.00174
2025-09-20 08:21:11+03:00,115597.19,115597.19,115597.19,115597.19,0.0001
2025-09-20 08:21:12+03:00,115597.18,115597.18,115597.18,115597.18,0.00143
2025-09-20 08:21:13+03:00,115597.19,115597.19,115597.19,115597.19,0.00073
2025-09-20 08:21:14+03:00,115597.19,115597.19,115597.19,115597.19,9e-05
2025-09-20 08:21:15+03:00,115597.19,115597.19,115597.19,115597.19,0.00057
2025-09-20 08:21:16+03:00,115597.18,115597.19,115597.18,115597.19,0.01101
2025-09-20 08:21:17+03:00,115597.19,115597.19,115597.19,115597.19,0.06921
2025-09-20 08:21:18+03:00,115597.18,115597.18,115597.18,115597.18,0.00031
2025-09-20 08:21:19+03:00,115597.18,115597.19,115597.18,115597.19,0.00083
2025-09-20 08:21:20+03:00,115597.19,115597.19,115597.19,115597.19,0.0
2025-09-20 08:21:21+03:00,115597.19,115597.19,115597.19,115597.19,0.0
2025-09-20 08:21:22+03:00,115597.18,115597.18,115597.18,115597.18,0.00511
2025-09-20 08:21:23+03:00,115597.18,115597.18,115597.18,115597.18,0.0
2025-09-20 08:21:24+03:00,115597.19,115597.19,115597.19,115597.19,0.00048
2025-09-20 08:21:25+03:00,115597.19,115597.19,115597.19,115597.19,0.17301
2025-09-20 08:21:26+03:00,115597.18,115597.18,115597.18,115597.18,0.0026
2025-09-20 08:21:27+03:00,115597.19,115597.19,115597.19,115597.19,0.00054
2025-09-20 08:21:28+03:00,115597.18,115597.18,115597.18,115597.18,0.00047
2025-09-20 08:21:29+03:00,115597.19,115597.19,115597.19,115597.19,0.00029
2025-09-20 08:21:30+03:00,115597.19,115597.19,115597.19,115597.19,0.00028
2025-09-20 08:21:31+03:00,115597.18,115597.19,115597.18,115597.19,0.00495
2025-09-20 08:21:32+03:00,115597.18,115597.18,115597.18,115597.18,0.00018
2025-09-20 08:21:33+03:00,115597.19,115597.19,115597.18,115597.18,0.0043
2025-09-20 08:21:34+03:00,115597.19,115597.19,115597.18,115597.18,0.00452
2025-09-20 08:21:35+03:00,115597.18,115597.19,115597.18,115597.19,0.00106
2025-09-20 08:21:36+03:00,115597.19,115597.19,115597.18,115597.18,0.00025
2025-09-20 08:21:37+03:00,115597.18,115597.18,115597.18,115597.18,0.01166
2025-09-20 08:21:38+03:00,115597.18,115597.19,115597.18,115597.19,0.00589
2025-09-20 08:21:39+03:00,115597.19,115597.19,115597.18,115597.18,0.00027
2025-09-20 08:21:40+03:00,115597.19,115597.19,115597.18,115597.19,0.00157
2025-09-20 08:21:41+03:00,115597.18,115597.19,115597.18,115597.19,0.0051
2025-09-20 08:21:42+03:00,115597.19,115597.19,115597.19,115597.19,0.0
2025-09-20 08:21:43+03:00,115597.19,115597.19,115597.19,115597.19,0.00429
2025-09-20 08:21:44+03:00,115597.19,115597.19,115597.19,115597.19,0.00025
2025-09-20 08:21:45+03:00,115597.19,115597.19,115597.19,115597.19,0.00048
2025-09-20 08:21:46+03:00,115597.19,115597.19,115597.19,115597.19,0.0
2025-09-20 08:21:47+03:00,115597.18,115597.19,115597.18,115597.19,0.00542
2025-09-20 08:21:48+03:00,115597.19,115597.19,115597.19,115597.19,0.00432
2025-09-20 08:21:49+03:00,115597.19,115597.19,115597.19,115597.19,0.0
2025-09-20 08:21:50+03:00,115597.19,115597.19,115597.18,115597.18,0.00163
2025-09-20 08:21:51+03:00,115597.19,115597.19,115597.19,115597.19,0.03142
2025-09-20 08:21:52+03:00,115597.19,115597.19,115597.19,115597.19,0.0
2025-09-20 08:21:53+03:00,115597.18,115597.18,115597.18,115597.18,0.00022
2025-09-20 08:21:54+03:00,115597.19,115597.19,115597.19,115597.19,0.00022
2025-09-20 08:21:55+03:00,115597.18,115597.19,115597.18,115597.18,0.00166
2025-09-20 08:21:56+03:00,115597.19,115597.19,115597.18,115597.18,0.25185
2025-09-20 08:21:57+03:00,115597.19,115597.19,115597.19,115597.19,0.00031
2025-09-20 08:21:58+03:00,115597.18,115597.19,115597.18,115597.19,0.00174
2025-09-20 08:21:59+03:00,115597.19,115597.19,115597.19,115597.19,0.0
2025-09-20 08:22:00+03:00,115597.19,115597.19,115597.19,115597.19,0.00233
2025-09-20 08:22:01+03:00,115597.18,115597.18,115597.18,115597.18,0.00128
2025-09-20 08:22:02+03:00,115597.18,115597.18,115597.18,115597.18,0.0
2025-09-20 08:22:03+03:00,115597.18,115597.19,115597.18,115597.19,0.00058
2025-09-20 08:22:04+03:00,115597.19,115597.19,115597.19,115597.19,0.00014
2025-09-20 08:22:05+03:00,115597.19,115597.19,115597.19,115597.19,0.00024
2025-09-20 08:22:06+03:00,115597.18,115597.18,115597.18,115597.18,0.00085
2025-09-20 08:22:07+03:00,115597.19,115597.19,115597.18,115597.19,0.00139
2025-09-20 08:22:08+03:00,115597.18,115597.19,115597.18,115597.19,0.00103
2025-09-20 08:22:09+03:00,115597.19,115597.19,115597.18,115597.18,0.02256
2025-09-20 08:22:10+03:00,115597.18,115597.18,115597.18,115597.18,0.0
2025-09-20 08:22:11+03:00,115597.19,115597.19,115597.19,115597.19,0.00238
2025-09-20 08:22:12+03:00,115597.18,115597.18,115597.18,115597.18,0.00025
2025-09-20 08:22:13+03:00,115597.19,115597.19,115597.18,115597.18,0.0887
2025-09-20 08:22:14+03:00,115597.18,115597.19,115597.18,115597.19,0.02004
2025-09-20 08:22:15+03:00,115597.19,115597.19,115597.19,115597.19,0.0
2025-09-20 08:22:16+03:00,115597.19,115597.19,115597.19,115597.19,0.01045
2025-09-20 08:22:17+03:00,115597.19,115597.19,115597.18,115597.18,0.00186
2025-09-20 08:22:18+03:00,115597.18,115597.18,115597.18,115597.18,0.0
2025-09-20 08:22:19+03:00,115597.18,115597.19,115597.18,115597.18,0.02205
2025-09-20 08:22:20+03:00,115597.19,115597.19,115597.19,115597.19,0.04402
2025-09-20 08:22:21+03:00,115597.19,115597.19,115597.18,115597.19,0.00586
2025-09-20 08:22:22+03:00,115597.19,115597.19,115597.18,115597.18,0.00596
2025-09-20 08:22:23+03:00,115597.19,115597.19,115597.18,115597.18,0.01736
2025-09-20 08:22:24+03:00,115597.19,115597.19,115597.19,115597.19,0.25952
2025-09-20 08:22:25+03:00,115597.19,115597.19,115597.19,115597.19,0.00031
2025-09-20 08:22:26+03:00,115597.18,115597.18,115597.18,115597.18,0.00018
2025-09-20 08:22:27+03:00,115597.18,115597.18,115597.18,115597.18,0.00222
2025-09-20 08:22:28+03:00,115597.18,115597.19,115597.18,115597.19,0.019
2025-09-20 08:22:29+03:00,115597.18,115597.19,115597.18,115597.18,0.00086
2025-09-20 08:22:30+03:00,115597.18,115597.19,115597.18,115597.19,0.00079
2025-09-20 08:22:31+03:00,115597.19,115597.19,115597.19,115597.19,0.00037
2025-09-20 08:22:32+03:00,115597.18,115597.18,115597.18,115597.18,0.0004
2025-09-20 08:22:33+03:00,115597.19,115597.19,115597.18,115597.18,0.00357
2025-09-20 08:22:34+03:00,115597.18,115597.18,115597.18,115597.18,0.0
2025-09-20 08:22:35+03:00,115597.19,115597.19,115597.18,115597.19,0.00977
2025-09-20 08:22:36+03:00,115597.19,115597.19,115597.18,115597.19,0.04386
2025-09-20 08:22:37+03:00,115597.19,115597.19,115597.19,115597.19,0.00043
2025-09-20 08:22:38+03:00,115597.18,115597.18,115597.18,115597.18,0.01783
2025-09-20 08:22:39+03:00,115597.19,115597.19,115597.18,115597.18,0.00634
2025-09-20 08:22:40+03:00,115597.18,115597.18,115597.18,115597.18,0.0
2025-09-20 08:22:41+03:00,115597.19,115597.19,115597.18,115597.19,0.00057
2025-09-20 08:22:42+03:00,115597.19,115597.19,115597.18,115597.18,0.01713
2025-09-20 08:22:43+03:00,115597.19,115597.19,115597.18,115597.18,0.00348
2025-09-20 08:22:44+03:00,115597.18,115597.19,115597.18,115597.19,0.02521
2025-09-20 08:22:45+03:00,115597.19,115597.19,115597.19,115597.19,0.00135
2025-09-20 08:22:46+03:00,115597.18,115597.18,115597.18,115597.18,9e-05
2025-09-20 08:22:47+03:00,115597.19,115597.19,115597.18,115597.18,0.0004
2025-09-20 08:22:48+03:00,115597.19,115597.19,115597.18,115597.18,0.00568
2025-09-20 08:22:49+03:00,115597.18,115597.18,115597.18,115597.18,0.0013
2025-09-20 08:22:50+03:00,115597.18,115597.18,115597.18,115597.18,0.0
2025-09-20 08:22:51+03:00,115597.19,115597.19,115597.18,115597.18,0.04341
2025-09-20 08:22:52+03:00,115597.18,115597.19,115597.18,115597.19,0.02501
2025-09-20 08:22:53+03:00,115597.19,115597.19,115597.19,115597.19,0.00167
2025-09-20 08:22:54+03:00,115597.19,115597.19,115597.19,115597.19,0.00155
2025-09-20 08:22:55+03:00,115597.19,115597.19,115597.19,115597.19,0.00148
2025-09-20 08:22:56+03:00,115597.18,115597.18,115597.18,115597.18,0.00034
2025-09-20 08:22:57+03:00,115597.19,115597.19,115597.19,115597.19,0.00034
2025-09-20 08:22:58+03:00,115597.19,115597.19,115597.18,115597.18,0.01575
2025-09-20 08:22:59+03:00,115597.18,115597.19,115597.18,115597.19,0.001
2025-09-20 08:23:00+03:00,115597.18,115597.18,115597.18,115597.18,0.0001
2025-09-20 08:23:01+03:00,115597.18,115597.19,115597.18,115597.18,0.00258
2025-09-20 08:23:02+03:00,115597.18,115597.19,115597.18,115597.19,0.00206
2025-09-20 08:23:03+03:00,115597.18,115597.18,115597.18,115597.18,0.00017
2025-09-20 08:23:04+03:00,115597.18,115597.18,115597.18,115597.18,0.0006
2025-09-20 08:23:05+03:00,115597.18,115597.18,115597.18,115597.18,0.0
2025-09-20 08:23:06+03:00,115597.19,115597.19,115597.19,115597.19,0.00026
2025-09-20 08:23:07+03:00,115597.19,115597.19,115597.19,115597.19,0.00157
2025-09-20 08:23:08+03:00,115597.19,115597.19,115597.19,115597.19,0.00299
2025-09-20 08:23:09+03:00,115597.18,115597.18,115597.18,115597.18,0.00066
2025-09-20 08:23:10+03:00,115597.18,115597.19,115597.18,115597.18,0.06169
2025-09-20 08:23:11+03:00,115597.19,115597.19,115597.18,115597.18,0.01388
2025-09-20 08:23:12+03:00,115597.19,115597.19,115597.18,115597.18,0.00075
2025-09-20 08:23:13+03:00,115597.19,115597.19,115597.19,115597.19,0.00047
2025-09-20 08:23:14+03:00,115597.19,115597.19,115597.19,115597.19,0.01035
2025-09-20 08:23:15+03:00,115597.18,115597.18,115597.18,115597.18,0.00012
2025-09-20 08:23:16+03:00,115597.19,115597.19,115597.18,115597.18,0.0026
2025-09-20 08:23:17+03:00,115597.18,115597.19,115597.18,115597.19,0.00081
2025-09-20 08:23:18+03:00,115597.19,115597.19,115597.19,115597.19,0.02085
2025-09-20 08:23:19+03:00,115597.19,115597.19,115597.18,115597.18,0.02758
2025-09-20 08:23:20+03:00,115597.18,115597.18,115597.18,115597.18,0.05826
2025-09-20 08:23:21+03:00,115597.19,115597.19,115597.19,115597.19,0.01845
2025-09-20 08:23:22+03:00,115597.18,115597.18,115597.18,115597.18,0.00028
2025-09-20 08:23:23+03:00,115597.18,115597.19,115597.18,115597.18,0.02885
2025-09-20 08:23:24+03:00,115597.18,115597.19,115597.18,115597.19,0.00629
2025-09-20 08:23:25+03:00,115597.19,115597.19,115597.19,115597.19,0.00074
2025-09-20 08:23:26+03:00,115597.19,115597.19,115597.18,115597.18,0.07763
2025-09-20 08:23:27+03:00,115597.19,115597.19,115597.19,115597.19,0.00055
2025-09-20 08:23:28+03:00,115597.19,115597.19,115597.19,115597.19,0.0
2025-09-20 08:23:29+03:00,115597.18,115597.18,115597.18,115597.18,0.00019
2025-09-20 08:23:30+03:00,115597.18,115597.19,115597.18,115597.19,0.02696
2025-09-20 08:23:31+03:00,115597.19,115597.19,115597.19,115597.19,0.00029
2025-09-20 08:23:32+03:00,115597.19,115597.19,115597.19,115597.19,0.00878
2025-09-20 08:23:33+03:00,115597.18,115597.18,115597.18,115597.18,0.01297
2025-09-20 08:23:34+03:00,115597.18,115597.18,115597.18,115597.18,0.0
2025-09-20 08:23:35+03:00,115597.19,115597.19,115597.19,115597.19,0.00023
2025-09-20 08:23:36+03:00,115597.19,115597.19,115597.19,115597.19,0.00025
2025-09-20 08:23:37+03:00,115597.19,115597.19,115597.19,115597.19,0.01218
2025-09-20 08:23:38+03:00,115597.19,115597.19,115597.19,115597.19,0.0
2025-09-20 08:23:39+03:00,115597.19,115597.19,115597.19,115597.19,0.0
2025-09-20 08:23:40+03:00,115597.19,115597.19,115597.19,115597.19,0.0198
2025-09-20 08:23:41+03:00,115597.18,115597.19,115597.18,115597.19,0.05348
2025-09-20 08:23:42+03:00,115597.18,115597.19,115597.18,115597.19,0.04231
2025-09-20 08:23:43+03:00,115597.19,115597.19,115597.19,115597.19,0.00046
2025-09-20 08:23:44+03:00,115597.19,115597.19,115597.19,115597.19,0.00404
2025-09-20 08:23:45+03:00,115597.19,115597.19,115597.18,115597.18,0.00575
2025-09-20 08:23:46+03:00,115597.18,115597.18,115597.18,115597.18,0.00059
2025-09-20 08:23:47+03:00,115597.19,115597.19,115597.19,115597.19,0.00026
2025-09-20 08:23:48+03:00,115597.19,115597.19,115597.19,115597.19,0.0
2025-09-20 08:23:49+03:00,115597.19,115597.19,115597.19,115597.19,0.00349
2025-09-20 08:23:50+03:00,115597.19,115597.19,115597.19,115597.19,0.0121
2025-09-20 08:23:51+03:00,115597.18,115597.19,115597.18,115597.19,0.05629
2025-09-20 08:23:52+03:00,115597.18,115597.18,115597.18,115597.18,0.00063
2025-09-20 08:23:53+03:00,115597.19,115597.19,115597.18,115597.18,0.02632
2025-09-20 08:23:54+03:00,115597.18,115597.18,115597.18,115597.18,0.0013
2025-09-20 08:23:55+03:00,115597.18,115597.18,115597.18,115597.18,0.00121
2025-09-20 08:23:56+03:00,115597.18,115597.18,115597.18,115597.18,0.00546
2025-09-20 08:23:57+03:00,115597.19,115597.19,115597.19,115597.19,0.0002
2025-09-20 08:23:58+03:00,115597.19,115597.19,115597.19,115597.19,0.00448
2025-09-20 08:23:59+03:00,115597.18,115597.19,115597.18,115597.19,0.00506
2025-09-20 08:24:00+03:00,115597.18,115597.18,115597.18,115597.18,0.00176
2025-09-20 08:24:01+03:00,115597.18,115597.18,115597.18,115597.18,0.0175
2025-09-20 08:24:02+03:00,115597.18,115597.19,115597.18,115597.19,0.01349
2025-09-20 08:24:03+03:00,115597.18,115597.18,115597.18,115597.18,0.00039
2025-09-20 08:24:04+03:00,115597.19,115597.19,115597.18,115597.18,0.00898
2025-09-20 08:24:05+03:00,115597.19,115597.19,115597.18,115597.18,0.00164
2025-09-20 08:24:06+03:00,115597.18,115597.18,115597.18,115597.18,0.0
2025-09-20 08:24:07+03:00,115597.18,115597.18,115597.18,115597.18,0.00297
2025-09-20 08:24:08+03:00,115597.18,115597.18,115597.18,115597.18,0.0001
2025-09-20 08:24:09+03:00,115597.18,115597.19,115597.18,115597.19,0.00217
2025-09-20 08:24:10+03:00,115597.19,115597.19,115597.19,115597.19,0.0
2025-09-20 08:24:11+03:00,115597.19,115597.19,115597.19,115597.19,1.00239
2025-09-20 08:24:12+03:00,115597.19,115597.19,115597.19,115597.19,0.0
2025-09-20 08:24:13+03:00,115597.19,115597.19,115597.19,115597.19,0.0865
2025-09-20 08:24:14+03:00,115597.19,115597.19,115597.19,115597.19,0.00206
2025-09-20 08:24:15+03:00,115597.18,115597.18,115597.18,115597.18,0.00041
2025-09-20 08:24:16+03:00,115597.19,115597.19,115597.18,115597.18,0.01239
2025-09-20 08:24:17+03:00,115597.19,115597.19,115597.19,115597.19,0.00029
2025-09-20 08:24:18+03:00,115597.18,115597.19,115597.18,115597.19,0.00107
2025-09-20 08:24:19+03:00,115597.19,115597.19,115597.18,115597.19,0.00845
2025-09-20 08:24:20+03:00,115597.18,115597.19,115597.18,115597.19,0.00185
2025-09-20 08:24:21+03:00,115597.18,115597.19,115597.18,115597.19,0.00207
2025-09-20 08:24:22+03:00,115597.19,115597.19,115597.18,115597.19,0.0154
2025-09-20 08:24:23+03:00,115597.19,115597.19,115597.18,115597.19,0.00421
2025-09-20 08:24:24+03:00,115597.19,115597.19,115597.18,115597.19,0.00436
2025-09-20 08:24:25+03:00,115597.19,115597.19,115597.19,115597.19,0.00018
2025-09-20 08:24:26+03:00,115597.19,115597.19,115597.18,115597.18,0.00198
2025-09-20 08:24:27+03:00,115597.19,115597.19,115597.19,115597.19,0.02795
2025-09-20 08:24:28+03:00,115597.19,115597.19,115597.19,115597.19,0.0008
2025-09-20 08:24:29+03:00,115597.19,115597.19,115597.18,115597.19,0.09028
2025-09-20 08:24:30+03:00,115597.19,115597.19,115597.18,115597.18,0.0471
2025-09-20 08:24:31+03:00,115597.18,115597.19,115597.18,115597.19,0.00091
2025-09-20 08:24:32+03:00,115597.19,115597.19,115597.18,115597.18,0.04497
2025-09-20 08:24:33+03:00,115597.19,115597.19,115597.19,115597.19,0.01032
2025-09-20 08:24:34+03:00,115597.19,115597.19,115597.19,115597.19,0.00029
2025-09-20 08:24:35+03:00,115597.18,115597.18,115597.18,115597.18,0.00138
2025-09-20 08:24:36+03:00,115597.18,115597.18,115597.18,115597.18,0.0
2025-09-20 08:24:37+03:00,115597.19,115597.19,115597.19,115597.19,0.01026
2025-09-20 08:24:38+03:00,115597.18,115597.19,115597.18,115597.18,0.00776
2025-09-20 08:24:39+03:00,115597.19,115597.19,115597.19,115597.19,0.00203
2025-09-20 08:24:40+03:00,115597.19,115597.19,115597.19,115597.19,0.01
2025-09-20 08:24:41+03:00,115597.18,115597.18,115597.18,115597.18,0.00292
2025-09-20 08:24:42+03:00,115597.18,115597.18,115597.18,115597.18,0.00032
2025-09-20 08:24:43+03:00,115597.19,115597.19,115597.18,115597.18,0.00588
2025-09-20 08:24:44+03:00,115597.18,115597.18,115597.18,115597.18,0.0001
2025-09-20 08:24:45+03:00,115597.19,115597.19,115597.19,115597.19,0.0118
2025-09-20 08:24:46+03:00,115597.19,115597.19,115597.19,115597.19,0.00502
2025-09-20 08:24:47+03:00,115597.19,115597.19,115597.19,115597.19,0.00045
2025-09-20 08:24:48+03:00,115597.19,115597.19,115597.19,115597.19,0.0
2025-09-20 08:24:49+03:00,115597.18,115597.18,115597.18,115597.18,0.00037
2025-09-20 08:24:50+03:00,115597.19,115597.19,115597.19,115597.19,0.0007
2025-09-20 08:24:51+03:00,115597.19,115597.19,115597.19,115597.19,0.03161
2025-09-20 08:24:52+03:00,115597.18,115597.18,115597.18,115597.18,0.00087
2025-09-20 08:24:53+03:00,115597.19,115597.19,115597.18,115597.18,0.01974
2025-09-20 08:24:54+03:00,115597.19,115597.19,115597.19,115597.19,0.00112
2025-09-20 08:24:55+03:00,115597.19,115597.19,115597.19,115597.19,5e-05
2025-09-20 08:24:56+03:00,115597.19,115597.19,115597.19,115597.19,0.00047
2025-09-20 08:24:57+03:00,115597.18,115597.19,115597.18,115597.19,0.00163
2025-09-20 08:24:58+03:00,115597.19,115597.19,115597.19,115597.19,0.03328
2025-09-20 08:24:59+03:00,115597.18,115597.19,115597.18,115597.18,0.00038
2025-09-20 08:25:00+03:00,115597.19,115597.19,115597.19,115597.19,0.0001
2025-09-20 08:25:01+03:00,115597.19,115597.19,115597.19,115597.19,0.00907
2025-09-20 08:25:02+03:00,115597.19,115597.19,115597.19,115597.19,0.01
2025-09-20 08:25:03+03:00,115597.19,115597.19,115597.19,115597.19,0.00496
2025-09-20 08:25:04+03:00,115597.19,115597.19,115597.18,115597.18,0.00089
2025-09-20 08:25:05+03:00,115597.18,115597.18,115597.18,115597.18,0.00146
2025-09-20 08:25:06+03:00,115597.18,115597.18,115597.18,115597.18,0.0
2025-09-20 08:25:07+03:00,115597.19,115597.19,115597.19,115597.19,0.00028
2025-09-20 08:25:08+03:00,115597.18,115597.19,115597.18,115597.18,0.0009
2025-09-20 08:25:09+03:00,115597.18,115597.18,115597.18,115597.18,5e-05
2025-09-20 08:25:10+03:00,115597.18,115597.19,115597.18,115597.19,0.00315
2025-09-20 08:25:11+03:00,115597.18,115597.18,115597.18,115597.18,0.00086
2025-09-20 08:25:12+03:00,115597.19,115597.19,115597.19,115597.19,0.00717
2025-09-20 08:25:13+03:00,115597.18,115597.19,115597.18,115597.19,0.00133
2025-09-20 08:25:14+03:00,115597.19,115597.19,115597.19,115597.19,0.0
2025-09-20 08:25:15+03:00,115597.19,115597.19,115597.19,115597.19,0.0
2025-09-20 08:25:16+03:00,115597.19,115597.19,115597.19,115597.19,0.0
2025-09-20 08:25:17+03:00,115597.19,115597.19,115597.18,115597.18,0.05607
2025-09-20 08:25:18+03:00,115597.18,115597.18,115597.18,115597.18,0.0001
2025-09-20 08:25:19+03:00,115597.19,115597.19,115597.18,115597.18,0.00429
2025-09-20 08:25:20+03:00,115597.19,115597.19,115597.19,115597.19,0.00067
2025-09-20 08:25:21+03:00,115597.19,115597.19,115597.19,115597.19,0.0
2025-09-20 08:25:22+03:00,115597.18,115597.18,115597.18,115597.18,0.01285
2025-09-20 08:25:23+03:00,115597.18,115597.19,115597.18,115597.19,0.00195
2025-09-20 08:25:24+03:00,115597.18,115597.18,115597.18,115597.18,6e-05
2025-09-20 08:25:25+03:00,115597.19,115597.19,115597.19,115597.19,0.00606
2025-09-20 08:25:26+03:00,115597.19,115597.19,115597.19,115597.19,0.00391
2025-09-20 08:25:27+03:00,115597.19,115597.19,115597.19,115597.19,0.00128
2025-09-20 08:25:28+03:00,115597.19,115597.19,115597.19,115597.19,0.0
2025-09-20 08:25:29+03:00,115597.19,115597.19,115597.19,115597.19,0.0
2025-09-20 08:25:30+03:00,115597.18,115597.19,115597.18,115597.19,0.00041
2025-09-20 08:25:31+03:00,115597.19,115597.19,115597.19,115597.19,0.0
2025-09-20 08:25:32+03:00,115597.18,115597.18,115597.18,115597.18,0.00776
2025-09-20 08:25:33+03:00,115597.18,115597.19,115597.18,115597.19,0.00012
2025-09-20 08:25:34+03:00,115597.19,115597.19,115597.19,115597.19,0.0
2025-09-20 08:25:35+03:00,115597.18,115597.19,115597.18,115597.19,0.03499
2025-09-20 08:25:36+03:00,115597.19,115597.19,115597.19,115597.19,0.01941
2025-09-20 08:25:37+03:00,115597.19,115597.19,115597.19,115597.19,1.5153
2025-09-20 08:25:38+03:00,115597.19,115606.74,115597.19,115606.73,2.54789
2025-09-20 08:25:39+03:00,115606.73,115606.73,115606.73,115606.73,0.00675
2025-09-20 08:25:40+03:00,115606.73,115606.73,115606.73,115606.73,0.0
2025-09-20 08:25:41+03:00,115606.74,115606.74,115606.73,115606.74,0.00132
2025-09-20 08:25:42+03:00,115606.74,115606.74,115606.74,115606.74,0.0
2025-09-20 08:25:43+03:00,115606.74,115606.74,115606.74,115606.74,0.0
2025-09-20 08:25:44+03:00,115606.73,115606.74,115606.73,115606.74,0.08043
2025-09-20 08:25:45+03:00,115606.74,115606.74,115606.74,115606.74,0.053
2025-09-20 08:25:46+03:00,115606.74,115606.74,115606.74,115606.74,0.0
2025-09-20 08:25:47+03:00,115606.74,115606.74,115606.73,115606.73,0.00071
2025-09-20 08:25:48+03:00,115606.73,115606.73,115606.73,115606.73,0.0
2025-09-20 08:25:49+03:00,115606.73,115606.73,115606.73,115606.73,6e-05
2025-09-20 08:25:50+03:00,115606.73,115606.73,115606.73,115606.73,0.0
2025-09-20 08:25:51+03:00,115606.74,115606.74,115606.74,115606.74,0.03185
2025-09-20 08:25:52+03:00,115606.74,115606.74,115606.74,115606.74,0.04679
2025-09-20 08:25:53+03:00,115606.73,115606.74,115606.73,115606.74,0.0012
2025-09-20 08:25:54+03:00,115606.73,115606.73,115606.73,115606.73,0.00259
2025-09-20 08:25:55+03:00,115606.74,115606.74,115606.73,115606.73,0.00718
2025-09-20 08:25:56+03:00,115606.73,115606.73,115606.73,115606.73,0.0018
2025-09-20 08:25:57+03:00,115606.73,115606.73,115606.73,115606.73,0.0
2025-09-20 08:25:58+03:00,115606.74,115606.74,115606.74,115606.74,0.0047
2025-09-20 08:25:59+03:00,115606.74,115606.74,115606.74,115606.74,0.01638
2025-09-20 08:26:00+03:00,115606.73,115606.73,115606.73,115606.73,0.15086
2025-09-20 08:26:01+03:00,115606.74,115606.74,115606.74,115606.74,0.00051
2025-09-20 08:26:02+03:00,115606.74,115606.74,115606.74,115606.74,0.00018
2025-09-20 08:26:03+03:00,115606.73,115606.73,115606.73,115606.73,0.02551
2025-09-20 08:26:04+03:00,115606.73,115606.73,115606.73,115606.73,0.00453
2025-09-20 08:26:05+03:00,115606.74,115606.74,115606.74,115606.74,0.0003
2025-09-20 08:26:06+03:00,115606.74,115606.74,115606.74,115606.74,6e-05
2025-09-20 08:26:07+03:00,115606.74,115606.74,115606.73,115606.73,0.01049
2025-09-20 08:26:08+03:00,115606.74,115606.74,115606.73,115606.73,0.00202
2025-09-20 08:26:09+03:00,115606.74,115606.74,115606.74,115606.74,0.00721
2025-09-20 08:26:10+03:00,115606.74,115606.74,115606.74,115606.74,9e-05
2025-09-20 08:26:11+03:00,115606.73,115606.74,115606.73,115606.74,0.00061
2025-09-20 08:26:12+03:00,115606.74,115606.74,115606.74,115606.74,0.11272
2025-09-20 08:26:13+03:00,115606.74,115606.74,115606.74,115606.74,0.0
2025-09-20 08:26:14+03:00,115606.74,115606.74,115606.74,115606.74,0.0
2025-09-20 08:26:15+03:00,115606.73,115606.74,115606.73,115606.74,0.00057
2025-09-20 08:26:16+03:00,115606.74,115606.74,115606.74,115606.74,0.0
2025-09-20 08:26:17+03:00,115606.73,115606.74,115606.73,115606.74,0.00244
2025-09-20 08:26:18+03:00,115606.73,115606.73,115606.73,115606.73,0.00065
2025-09-20 08:26:19+03:00,115606.73,115606.73,115606.73,115606.73,0.0
2025-09-20 08:26:20+03:00,115606.73,115606.74,115606.73,115606.74,0.00178
2025-09-20 08:26:21+03:00,115606.74,115606.74,115606.73,115606.73,0.00083
2025-09-20 08:26:22+03:00,115606.74,115606.74,115606.74,115606.74,0.00202
2025-09-20 08:26:23+03:00,115606.74,115606.74,115606.74,115606.74,0.01746
2025-09-20 08:26:24+03:00,115606.74,115606.74,115606.74,115606.74,0.00674
2025-09-20 08:26:25+03:00,115606.74,115606.74,115606.74,115606.74,0.00279
2025-09-20 08:26:26+03:00,115606.73,115606.73,115606.73,115606.73,8e-05
2025-09-20 08:26:27+03:00,115606.73,115606.74,115606.73,115606.74,0.00299
2025-09-20 08:26:28+03:00,115606.73,115606.74,115606.73,115606.74,0.00183
2025-09-20 08:26:29+03:00,115606.74,115606.74,115606.74,115606.74,7e-05
2025-09-20 08:26:30+03:00,115606.74,115606.74,115606.73,115606.73,0.00103
2025-09-20 08:26:31+03:00,115606.73,115606.73,115606.73,115606.73,0.0
2025-09-20 08:26:32+03:00,115606.73,115606.73,115606.73,115606.73,0.0
2025-09-20 08:26:33+03:00,115606.73,115606.73,115606.73,115606.73,9e-05
2025-09-20 08:26:34+03:00,115606.74,115606.74,115606.74,115606.74,0.0003
2025-09-20 08:26:35+03:00,115606.73,115606.73,115606.73,115606.73,0.00256
2025-09-20 08:26:36+03:00,115606.73,115606.73,115606.73,115606.73,0.0
2025-09-20 08:26:37+03:00,115606.74,115606.74,115606.74,115606.74,0.00115
2025-09-20 08:26:38+03:00,115606.74,115606.74,115606.74,115606.74,0.00076
2025-09-20 08:26:39+03:00,115606.73,115606.73,115606.73,115606.73,0.00015
2025-09-20 08:26:40+03:00,115606.73,115606.74,115606.73,115606.74,0.00449
2025-09-20 08:26:41+03:00,115606.74,115606.74,115606.74,115606.74,0.0
2025-09-20 08:26:42+03:00,115606.74,115606.74,115606.74,115606.74,0.0
2025-09-20 08:26:43+03:00,115606.73,115606.74,115606.73,115606.74,0.00051
2025-09-20 08:26:44+03:00,115606.73,115606.73,115606.73,115606.73,0.00014
2025-09-20 08:26:45+03:00,115606.74,115606.74,115606.74,115606.74,0.00074
2025-09-20 08:26:46+03:00,115606.74,115606.74,115606.74,115606.74,0.00027
2025-09-20 08:26:47+03:00,115606.74,115606.74,115606.73,115606.73,0.00162
2025-09-20 08:26:48+03:00,115606.73,115606.74,115606.73,115606.74,0.13183
2025-09-20 08:26:49+03:00,115606.74,115606.74,115606.74,115606.74,0.00565
2025-09-20 08:26:50+03:00,115606.73,115606.73,115606.73,115606.73,0.00024
2025-09-20 08:26:51+03:00,115606.73,115606.74,115606.73,115606.74,0.03226
2025-09-20 08:26:52+03:00,115606.74,115606.74,115606.73,115606.73,0.00713
2025-09-20 08:26:53+03:00,115606.73,115606.73,115606.73,115606.73,0.0
2025-09-20 08:26:54+03:00,115606.74,115606.74,115606.74,115606.74,9e-05
2025-09-20 08:26:55+03:00,115606.74,115606.74,115606.74,115606.74,0.0
2025-09-20 08:26:56+03:00,115606.74,115606.74,115606.74,115606.74,0.01433
2025-09-20 08:26:57+03:00,115606.74,115606.74,115606.74,115606.74,0.00047
2025-09-20 08:26:58+03:00,115606.73,115606.74,115606.73,115606.74,0.00222
2025-09-20 08:26:59+03:00,115606.74,115606.74,115606.74,115606.74,0.00106
2025-09-20 08:27:00+03:00,115606.74,115606.74,115606.73,115606.73,0.08027
2025-09-20 08:27:01+03:00,115606.73,115606.74,115606.73,115606.74,0.00456
2025-09-20 08:27:02+03:00,115606.73,115606.74,115606.73,115606.74,0.03521
2025-09-20 08:27:03+03:00,115606.73,115606.73,115606.73,115606.73,0.00087
2025-09-20 08:27:04+03:00,115606.73,115606.73,115606.73,115606.73,0.0
2025-09-20 08:27:05+03:00,115606.74,115606.74,115606.74,115606.74,0.00028
2025-09-20 08:27:06+03:00,115606.74,115606.74,115606.73,115606.74,0.02373
2025-09-20 08:27:07+03:00,115606.73,115606.74,115606.73,115606.74,0.0029
2025-09-20 08:27:08+03:00,115606.74,115606.74,115606.74,115606.74,0.0
2025-09-20 08:27:09+03:00,115606.74,115606.74,115606.74,115606.74,0.00391
2025-09-20 08:27:10+03:00,115606.74,115606.74,115606.73,115606.73,0.00637
2025-09-20 08:27:11+03:00,115606.73,115606.73,115606.73,115606.73,9e-05
2025-09-20 08:27:12+03:00,115606.74,115606.74,115606.73,115606.73,0.0103
2025-09-20 08:27:13+03:00,115606.73,115606.74,115606.73,115606.74,0.00185
2025-09-20 08:27:14+03:00,115606.74,115606.74,115606.73,115606.73,0.04199
2025-09-20 08:27:15+03:00,115606.74,115606.74,115606.73,115606.73,0.00227
2025-09-20 08:27:16+03:00,115606.74,115606.74,115606.73,115606.74,0.06032
2025-09-20 08:27:17+03:00,115606.73,115606.73,115606.73,115606.73,8e-05
2025-09-20 08:27:18+03:00,115606.74,115606.74,115606.74,115606.74,0.00065
2025-09-20 08:27:19+03:00,115606.74,115606.74,115606.74,115606.74,0.00029
2025-09-20 08:27:20+03:00,115606.74,115606.74,115606.74,115606.74,0.01
2025-09-20 08:27:21+03:00,115606.73,115606.73,115606.73,115606.73,0.00414
2025-09-20 08:27:22+03:00,115606.74,115606.74,115606.74,115606.74,0.00415
2025-09-20 08:27:23+03:00,115606.73,115606.73,115606.73,115606.73,0.00645
2025-09-20 08:27:24+03:00,115606.73,115606.73,115606.73,115606.73,0.0002
2025-09-20 08:27:25+03:00,115606.74,115606.74,115606.74,115606.74,0.0003
2025-09-20 08:27:26+03:00,115606.74,115606.74,115606.74,115606.74,0.00012
2025-09-20 08:27:27+03:00,115606.74,115606.74,115606.74,115606.74,0.00179
2025-09-20 08:27:28+03:00,115606.73,115606.74,115606.73,115606.74,0.08553
2025-09-20 08:27:29+03:00,115606.73,115606.73,115606.73,115606.73,0.002
2025-09-20 08:27:30+03:00,115606.74,115606.74,115606.74,115606.74,0.00173
2025-09-20 08:27:31+03:00,115606.74,115606.74,115606.74,115606.74,0.00051
2025-09-20 08:27:32+03:00,115606.73,115606.73,115606.73,115606.73,0.00216
2025-09-20 08:27:33+03:00,115606.74,115606.74,115606.74,115606.74,0.014
2025-09-20 08:27:34+03:00,115606.74,115606.74,115606.74,115606.74,0.00255
2025-09-20 08:27:35+03:00,115606.74,115606.74,115606.74,115606.74,0.0
2025-09-20 08:27:36+03:00,115606.74,115606.74,115606.74,115606.74,0.01
2025-09-20 08:27:37+03:00,115606.73,115606.74,115606.73,115606.74,0.0004
2025-09-20 08:27:38+03:00,115606.74,115606.74,115606.74,115606.74,0.01043
2025-09-20 08:27:39+03:00,115606.74,115606.74,115606.74,115606.74,0.00151
2025-09-20 08:27:40+03:00,115606.73,115606.73,115606.73,115606.73,0.00081
2025-09-20 08:27:41+03:00,115606.73,115606.74,115606.73,115606.73,0.0015
2025-09-20 08:27:42+03:00,115606.73,115606.74,115606.73,115606.74,0.00171
2025-09-20 08:27:43+03:00,115606.73,115606.74,115606.73,115606.73,0.01267
2025-09-20 08:27:44+03:00,115606.73,115606.73,115606.73,115606.73,0.00029
2025-09-20 08:27:45+03:00,115606.74,115606.74,115606.74,115606.74,0.00155
2025-09-20 08:27:46+03:00,115606.74,115606.74,115606.73,115606.73,0.00784
2025-09-20 08:27:47+03:00,115606.73,115606.74,115606.73,115606.74,0.00071
2025-09-20 08:27:48+03:00,115606.74,115606.74,115606.74,115606.74,0.0181
2025-09-20 08:27:49+03:00,115606.74,115606.74,115606.73,115606.74,0.01131
2025-09-20 08:27:50+03:00,115606.74,115606.74,115606.74,115606.74,0.00113
2025-09-20 08:27:51+03:00,115606.74,115606.74,115606.73,115606.73,0.03197
2025-09-20 08:27:52+03:00,115606.73,115606.73,115606.73,115606.73,0.00075
2025-09-20 08:27:53+03:00,115606.74,115606.74,115606.73,115606.74,0.00458
2025-09-20 08:27:54+03:00,115606.73,115606.73,115606.73,115606.73,0.00054
2025-09-20 08:27:55+03:00,115606.74,115606.74,115606.73,115606.73,0.0005
2025-09-20 08:27:56+03:00,115606.74,115606.74,115606.73,115606.73,0.1055
2025-09-20 08:27:57+03:00,115606.73,115606.73,115606.73,115606.73,0.0
2025-09-20 08:27:58+03:00,115606.73,115606.74,115606.73,115606.74,0.07249
2025-09-20 08:27:59+03:00,115606.74,115606.74,115606.74,115606.74,0.00025
2025-09-20 08:28:00+03:00,115606.74,115606.74,115606.74,115606.74,0.00713
2025-09-20 08:28:01+03:00,115606.74,115606.74,115606.73,115606.73,0.00182
2025-09-20 08:28:02+03:00,115606.73,115606.73,115606.73,115606.73,0.00017
2025-09-20 08:28:03+03:00,115606.73,115606.73,115606.73,115606.73,7e-05
2025-09-20 08:28:04+03:00,115606.74,115606.74,115606.73,115606.74,0.0048
2025-09-20 08:28:05+03:00,115606.74,115606.74,115606.74,115606.74,0.0
2025-09-20 08:28:06+03:00,115606.73,115606.74,115606.73,115606.74,0.00075
2025-09-20 08:28:07+03:00,115606.74,115606.74,115606.73,115606.74,0.00997
2025-09-20 08:28:08+03:00,115606.73,115606.73,115606.73,115606.73,0.00419
2025-09-20 08:28:09+03:00,115606.74,115606.74,115606.74,115606.74,0.00137
2025-09-20 08:28:10+03:00,115606.73,115606.73,115606.73,115606.73,0.00041
2025-09-20 08:28:11+03:00,115606.74,115606.74,115606.74,115606.74,0.00011
2025-09-20 08:28:12+03:00,115606.74,115606.74,115606.74,115606.74,0.00117
2025-09-20 08:28:13+03:00,115606.73,115606.74,115606.73,115606.74,0.00113
2025-09-20 08:28:14+03:00,115606.74,115606.74,115606.74,115606.74,5e-05
2025-09-20 08:28:15+03:00,115606.74,115606.74,115606.73,115606.74,0.45083
2025-09-20 08:28:16+03:00,115606.74,115606.74,115606.74,115606.74,0.00422
2025-09-20 08:28:17+03:00,115606.74,115606.74,115606.73,115606.74,0.00575
2025-09-20 08:28:18+03:00,115606.74,115606.74,115606.73,115606.73,0.00571
2025-09-20 08:28:19+03:00,115606.73,115606.74,115606.73,115606.74,0.06675
2025-09-20 08:28:20+03:00,115606.74,115606.74,115606.73,115606.73,0.00051
2025-09-20 08:28:21+03:00,115606.74,115606.74,115606.73,115606.73,0.02364
2025-09-20 08:28:22+03:00,115606.74,115606.74,115606.73,115606.74,0.00095
2025-09-20 08:28:23+03:00,115606.74,115606.74,115606.73,115606.73,0.02114
2025-09-20 08:28:24+03:00,115606.74,115606.74,115606.74,115606.74,6e-05
2025-09-20 08:28:25+03:00,115606.74,115606.74,115606.73,115606.73,0.00112
2025-09-20 08:28:26+03:00,115606.74,115606.74,115606.73,115606.73,0.01297
2025-09-20 08:28:27+03:00,115606.73,115606.73,115606.73,115606.73,0.0
2025-09-20 08:28:28+03:00,115606.73,115606.73,115606.73,115606.73,0.00034
2025-09-20 08:28:29+03:00,115606.74,115606.74,115606.73,115606.73,0.00038
2025-09-20 08:28:30+03:00,115606.73,115606.73,115606.73,115606.73,0.02708
2025-09-20 08:28:31+03:00,115606.74,115606.74,115606.74,115606.74,0.00402
2025-09-20 08:28:32+03:00,115606.74,115606.74,115606.74,115606.74,0.00029
2025-09-20 08:28:33+03:00,115606.74,115606.74,115606.74,115606.74,0.00017
2025-09-20 08:28:34+03:00,115606.74,115606.74,115606.73,115606.73,0.00039
2025-09-20 08:28:35+03:00,115606.73,115606.73,115606.73,115606.73,0.0001
2025-09-20 08:28:36+03:00,115606.73,115606.73,115606.73,115606.73,0.0001
2025-09-20 08:28:37+03:00,115606.74,115606.74,115606.74,115606.74,0.00043
2025-09-20 08:28:38+03:00,115606.73,115606.74,115606.73,115606.74,0.00116
2025-09-20 08:28:39+03:00,115606.73,115606.74,115606.73,115606.74,0.00048
2025-09-20 08:28:40+03:00,115606.74,115606.74,115606.73,115606.73,0.00103
2025-09-20 08:28:41+03:00,115606.74,115606.74,115606.74,115606.74,0.0005
2025-09-20 08:28:42+03:00,115606.74,115606.74,115606.73,115606.74,0.00316
2025-09-20 08:28:43+03:00,115606.74,115606.74,115606.74,115606.74,0.0
2025-09-20 08:28:44+03:00,115606.74,115606.74,115606.74,115606.74,0.0
2025-09-20 08:28:45+03:00,115606.74,115606.74,115606.74,115606.74,0.00149
2025-09-20 08:28:46+03:00,115606.73,115606.73,115606.73,115606.73,0.0001
2025-09-20 08:28:47+03:00,115606.74,115606.74,115606.74,115606.74,0.00018
2025-09-20 08:28:48+03:00,115606.74,115606.74,115606.74,115606.74,0.00029
2025-09-20 08:28:49+03:00,115606.74,115606.74,115606.74,115606.74,0.0
2025-09-20 08:28:50+03:00,115606.74,115606.74,115606.73,115606.73,0.00092
2025-09-20 08:28:51+03:00,115606.74,115606.74,115606.74,115606.74,0.03215
2025-09-20 08:28:52+03:00,115606.73,115606.74,115606.73,115606.74,0.00589
2025-09-20 08:28:53+03:00,115606.74,115606.74,115606.74,115606.74,0.0
2025-09-20 08:28:54+03:00,115606.74,115606.74,115606.74,115606.74,0.00112
2025-09-20 08:28:55+03:00,115606.74,115606.74,115606.74,115606.74,0.00096
2025-09-20 08:28:56+03:00,115606.73,115606.73,115606.73,115606.73,0.0026
2025-09-20 08:28:57+03:00,115606.73,115606.73,115606.73,115606.73,0.0
2025-09-20 08:28:58+03:00,115606.73,115606.74,115606.73,115606.74,0.00435
2025-09-20 08:28:59+03:00,115606.73,115606.74,115606.73,115606.74,0.0004
2025-09-20 08:29:00+03:00,115606.73,115606.74,115606.73,115606.74,0.00105
2025-09-20 08:29:01+03:00,115606.74,115606.74,115606.73,115606.73,0.01735
2025-09-20 08:29:02+03:00,115606.74,115606.74,115606.73,115606.73,0.00081
2025-09-20 08:29:03+03:00,115606.73,115606.73,115606.73,115606.73,0.00067
2025-09-20 08:29:04+03:00,115606.74,115606.74,115606.73,115606.73,0.01035
2025-09-20 08:29:05+03:00,115606.74,115606.74,115606.74,115606.74,0.00012
2025-09-20 08:29:06+03:00,115606.73,115606.74,115606.73,115606.74,0.00087
2025-09-20 08:29:07+03:00,115606.73,115606.73,115606.73,115606.73,7e-05
2025-09-20 08:29:08+03:00,115606.74,115606.74,115606.73,115606.73,0.00058
2025-09-20 08:29:09+03:00,115606.74,115606.74,115606.73,115606.73,0.00207
2025-09-20 08:29:10+03:00,115606.73,115606.74,115606.73,115606.74,0.00106
2025-09-20 08:29:11+03:00,115606.73,115606.73,115606.73,115606.73,0.0093
2025-09-20 08:29:12+03:00,115606.73,115606.73,115606.73,115606.73,0.0
2025-09-20 08:29:13+03:00,115606.74,115606.74,115606.74,115606.74,0.00432
2025-09-20 08:29:14+03:00,115606.74,115606.74,115606.73,115606.73,0.01761
2025-09-20 08:29:15+03:00,115606.74,115606.74,115606.74,115606.74,0.00056
2025-09-20 08:29:16+03:00,115606.73,115606.73,115606.73,115606.73,0.00043
2025-09-20 08:29:17+03:00,115606.73,115606.73,115606.73,115606.73,0.0
2025-09-20 08:29:18+03:00,115606.73,115606.73,115606.73,115606.73,0.02075
2025-09-20 08:29:19+03:00,115606.74,115606.74,115606.74,115606.74,0.00218
2025-09-20 08:29:20+03:00,115606.74,115606.74,115606.74,115606.74,0.00027
2025-09-20 08:29:21+03:00,115606.74,115606.74,115606.74,115606.74,0.00377
2025-09-20 08:29:22+03:00,115606.73,115606.73,115606.73,115606.73,0.00094
2025-09-20 08:29:23+03:00,115606.73,115606.73,115606.73,115606.73,0.00116
2025-09-20 08:29:24+03:00,115606.73,115606.73,115606.73,115606.73,0.0
2025-09-20 08:29:25+03:00,115606.74,115606.74,115606.74,115606.74,5e-05
2025-09-20 08:29:26+03:00,115606.74,115606.74,115606.74,115606.74,0.00028
2025-09-20 08:29:27+03:00,115606.74,115606.74,115606.74,115606.74,0.0
2025-09-20 08:29:28+03:00,115606.74,115606.74,115606.74,115606.74,0.83013
2025-09-20 08:29:29+03:00,115606.74,115606.74,115606.74,115606.74,5e-05
2025-09-20 08:29:30+03:00,115606.74,115606.74,115606.74,115606.74,0.0
2025-09-20 08:29:31+03:00,115606.74,115606.74,115606.74,115606.74,0.00048
2025-09-20 08:29:32+03:00,115606.73,115606.73,115606.73,115606.73,0.00778
2025-09-20 08:29:33+03:00,115606.73,115606.73,115606.73,115606.73,0.0
2025-09-20 08:29:34+03:00,115606.73,115606.74,115606.73,115606.73,0.00136
2025-09-20 08:29:35+03:00,115606.73,115606.73,115606.73,115606.73,0.0
2025-09-20 08:29:36+03:00,115606.74,115606.74,115606.73,115606.74,0.0007
2025-09-20 08:29:37+03:00,115606.74,115606.74,115606.74,115606.74,0.00135
2025-09-20 08:29:38+03:00,115606.73,115606.73,115606.73,115606.73,0.00112
2025-09-20 08:29:39+03:00,115606.73,115606.74,115606.73,115606.74,0.00136
2025-09-20 08:29:40+03:00,115606.74,115606.74,115606.74,115606.74,0.0
2025-09-20 08:29:41+03:00,115606.74,115606.74,115606.73,115606.74,0.00692
2025-09-20 08:29:42+03:00,115606.74,115606.74,115606.74,115606.74,0.0003
2025-09-20 08:29:43+03:00,115606.74,115606.74,115606.74,115606.74,0.00087
2025-09-20 08:29:44+03:00,115606.73,115606.73,115606.73,115606.73,0.00259
2025-09-20 08:29:45+03:00,115606.73,115606.74,115606.73,115606.73,0.04404
2025-09-20 08:29:46+03:00,115606.73,115606.74,115606.73,115606.74,0.00063
2025-09-20 08:29:47+03:00,115606.74,115606.74,115606.74,115606.74,0.0
2025-09-20 08:29:48+03:00,115606.74,115606.74,115606.73,115606.74,0.01362
2025-09-20 08:29:49+03:00,115606.73,115606.74,115606.73,115606.73,0.0059
2025-09-20 08:29:50+03:00,115606.73,115606.74,115606.73,115606.74,0.005
2025-09-20 08:29:51+03:00,115606.74,115606.74,115606.73,115606.73,0.05836
2025-09-20 08:29:52+03:00,115606.74,115606.74,115606.74,115606.74,0.00324
2025-09-20 08:29:53+03:00,115606.74,115606.74,115606.74,115606.74,0.00839
2025-09-20 08:29:54+03:00,115606.74,115606.74,115606.73,115606.74,0.00695
2025-09-20 08:29:55+03:00,115606.73,115606.73,115606.73,115606.73,0.00011
2025-09-20 08:29:56+03:00,115606.74,115606.74,115606.74,115606.74,0.00615
2025-09-20 08:29:57+03:00,115606.73,115606.73,115606.73,115606.73,0.00015
2025-09-20 08:29:58+03:00,115606.74,115606.74,115606.73,115606.74,0.00817
2025-09-20 08:29:59+03:00,115606.74,115606.74,115606.74,115606.74,0.0
2025-09-20 08:30:00+03:00,115606.74,115606.74,115606.74,115606.74,5e-05
2025-09-20 08:30:01+03:00,115606.74,115606.74,115606.74,115606.74,0.00113
2025-09-20 08:30:02+03:00,115606.74,115606.74,115606.74,115606.74,0.00159
2025-09-20 08:30:03+03:00,115606.73,115606.74,115606.73,115606.74,0.00907
2025-09-20 08:30:04+03:00,115606.74,115606.74,115606.73,115606.73,0.00112
2025-09-20 08:30:05+03:00,115606.74,115606.74,115606.74,115606.74,0.00074
2025-09-20 08:30:06+03:00,115606.74,115606.74,115606.74,115606.74,0.002
2025-09-20 08:30:07+03:00,115606.73,115606.74,115606.73,115606.74,0.00045
2025-09-20 08:30:08+03:00,115606.73,115606.74,115606.73,115606.74,0.02977
2025-09-20 08:30:09+03:00,115606.74,115606.74,115606.73,115606.73,0.00204
2025-09-20 08:30:10+03:00,115606.73,115606.73,115606.73,115606.73,0.0
2025-09-20 08:30:11+03:00,115606.73,115606.73,115606.73,115606.73,0.0
2025-09-20 08:30:12+03:00,115606.73,115606.73,115606.73,115606.73,0.0
2025-09-20 08:30:13+03:00,115606.73,115606.74,115606.73,115606.73,0.00206
2025-09-20 08:30:14+03:00,115606.74,115606.74,115606.74,115606.74,0.00931
2025-09-20 08:30:15+03:00,115606.74,115606.74,115606.73,115606.73,0.0005
2025-09-20 08:30:16+03:00,115606.73,115606.74,115606.73,115606.74,0.00297
2025-09-20 08:30:17+03:00,115606.73,115606.73,115606.73,115606.73,0.00038
2025-09-20 08:30:18+03:00,115606.74,115606.74,115606.74,115606.74,0.0026
2025-09-20 08:30:19+03:00,115606.74,115606.74,115606.74,115606.74,0.00151
2025-09-20 08:30:20+03:00,115606.74,115606.74,115606.74,115606.74,0.0
2025-09-20 08:30:21+03:00,115606.74,115606.74,115606.74,115606.74,0.00027
2025-09-20 08:30:22+03:00,115606.74,115606.74,115606.73,115606.74,0.00333
2025-09-20 08:30:23+03:00,115606.73,115606.74,115606.73,115606.74,0.00297
2025-09-20 08:30:24+03:00,115606.73,115606.74,115606.73,115606.73,0.00874
2025-09-20 08:30:25+03:00,115606.73,115606.73,115606.73,115606.73,0.00187
2025-09-20 08:30:26+03:00,115606.74,115606.74,115606.73,115606.73,0.00875
2025-09-20 08:30:27+03:00,115606.74,115606.74,115606.74,115606.74,0.0082
2025-09-20 08:30:28+03:00,115606.73,115606.73,115606.73,115606.73,0.00266
2025-09-20 08:30:29+03:00,115606.73,115606.73,115606.73,115606.73,0.00389
2025-09-20 08:30:30+03:00,115606.74,115606.74,115606.74,115606.74,0.00173
2025-09-20 08:30:31+03:00,115606.73,115606.73,115606.73,115606.73,0.00181
2025-09-20 08:30:32+03:00,115606.74,115606.74,115606.74,115606.74,0.00031
2025-09-20 08:30:33+03:00,115606.74,115606.74,115606.74,115606.74,0.0
2025-09-20 08:30:34+03:00,115606.74,115606.74,115606.74,115606.74,0.00012
2025-09-20 08:30:35+03:00,115606.74,115606.74,115606.74,115606.74,0.00186
2025-09-20 08:30:36+03:00,115606.74,115606.74,115606.74,115606.74,0.00016
2025-09-20 08:30:37+03:00,115606.74,115606.74,115606.73,115606.73,0.00747
2025-09-20 08:30:38+03:00,115606.73,115606.74,115606.73,115606.73,0.00404
2025-09-20 08:30:39+03:00,115606.74,115606.74,115606.74,115606.74,0.00162
2025-09-20 08:30:40+03:00,115606.74,115606.74,115606.73,115606.74,0.10338
2025-09-20 08:30:41+03:00,115606.74,115606.74,115606.73,115606.73,0.04307
2025-09-20 08:30:42+03:00,115606.74,115606.74,115606.73,115606.74,0.00165
2025-09-20 08:30:43+03:00,115606.74,115606.74,115606.73,115606.74,0.0008
2025-09-20 08:30:44+03:00,115606.74,115606.74,115606.73,115606.73,0.00342
2025-09-20 08:30:45+03:00,115606.74,115606.74,115606.73,115606.73,0.00042
2025-09-20 08:30:46+03:00,115606.74,115606.74,115606.73,115606.74,0.03475
2025-09-20 08:30:47+03:00,115606.73,115606.74,115606.73,115606.73,0.00195
2025-09-20 08:30:48+03:00,115606.73,115606.73,115606.73,115606.73,0.0
2025-09-20 08:30:49+03:00,115606.73,115606.74,115606.73,115606.74,0.24025
2025-09-20 08:30:50+03:00,115606.73,115606.74,115606.73,115606.74,0.00637
2025-09-20 08:30:51+03:00,115606.73,115606.74,115606.73,115606.74,0.0446
2025-09-20 08:30:52+03:00,115606.74,115606.74,115606.74,115606.74,0.0
2025-09-20 08:30:53+03:00,115606.73,115606.73,115606.73,115606.73,0.01735
2025-09-20 08:30:54+03:00,115606.74,115606.74,115606.73,115606.73,0.01107
2025-09-20 08:30:55+03:00,115606.74,115606.74,115606.74,115606.74,0.00295
2025-09-20 08:30:56+03:00,115606.73,115606.74,115606.73,115606.74,0.00067
2025-09-20 08:30:57+03:00,115606.74,115606.74,115606.74,115606.74,0.00524
2025-09-20 08:30:58+03:00,115606.74,115606.74,115606.74,115606.74,0.0
2025-09-20 08:30:59+03:00,115606.73,115606.74,115606.73,115606.74,0.00172
2025-09-20 08:31:00+03:00,115606.74,115606.74,115606.73,115606.74,0.00543
2025-09-20 08:31:01+03:00,115606.73,115606.74,115606.73,115606.73,0.00317
2025-09-20 08:31:02+03:00,115606.74,115606.74,115606.73,115606.73,0.00037
2025-09-20 08:31:03+03:00,115606.73,115606.74,115606.73,115606.73,0.01373
2025-09-20 08:31:04+03:00,115606.74,115606.74,115606.73,115606.74,0.00411
2025-09-20 08:31:05+03:00,115606.74,115606.74,115606.74,115606.74,0.0
2025-09-20 08:31:06+03:00,115606.74,115606.74,115606.73,115606.74,0.05443
2025-09-20 08:31:07+03:00,115606.74,115606.74,115606.74,115606.74,0.0
2025-09-20 08:31:08+03:00,115606.74,115606.74,115606.73,115606.73,0.0008
2025-09-20 08:31:09+03:00,115606.73,115606.73,115606.73,115606.73,0.0
2025-09-20 08:31:10+03:00,115606.73,115606.74,115606.73,115606.74,0.00035
2025-09-20 08:31:11+03:00,115606.74,115606.74,115606.74,115606.74,0.0
2025-09-20 08:31:12+03:00,115606.73,115606.74,115606.73,115606.74,0.7833
2025-09-20 08:31:13+03:00,115606.74,115606.74,115606.74,115606.74,0.00063
2025-09-20 08:31:14+03:00,115606.74,115606.74,115606.73,115606.73,0.00031
2025-09-20 08:31:15+03:00,115606.73,115606.73,115606.73,115606.73,0.0
2025-09-20 08:31:16+03:00,115606.74,115606.74,115606.74,115606.74,0.00503
2025-09-20 08:31:17+03:00,115606.74,115606.74,115606.74,115606.74,0.0
2025-09-20 08:31:18+03:00,115606.74,115606.74,115606.73,115606.73,0.0005
2025-09-20 08:31:19+03:00,115606.73,115606.74,115606.73,115606.74,0.35205
2025-09-20 08:31:20+03:00,115606.74,115606.75,115606.74,115606.74,0.31382
2025-09-20 08:31:21+03:00,115606.75,115606.75,115606.74,115606.75,0.61974
2025-09-20 08:31:22+03:00,115606.75,115606.75,115606.74,115606.74,0.00097
2025-09-20 08:31:23+03:00,115606.75,115606.75,115606.75,115606.75,0.40118
2025-09-20 08:31:24+03:00,115606.74,115606.75,115606.74,115606.75,0.00313
2025-09-20 08:31:25+03:00,115606.74,115606.74,115606.74,115606.74,0.00017
2025-09-20 08:31:26+03:00,115606.75,115612.87,115606.74,115612.87,1.76876
2025-09-20 08:31:27+03:00,115612.86,115612.86,115612.86,115612.86,0.00026
2025-09-20 08:31:28+03:00,115612.87,115612.87,115612.87,115612.87,4e-05
2025-09-20 08:31:29+03:00,115612.86,115612.87,115612.86,115612.87,0.00155
2025-09-20 08:31:30+03:00,115612.87,115612.87,115612.87,115612.87,0.0
2025-09-20 08:31:31+03:00,115612.87,115612.87,115612.87,115612.87,0.0
2025-09-20 08:31:32+03:00,115612.87,115612.87,115612.87,115612.87,0.00011
2025-09-20 08:31:33+03:00,115612.86,115612.86,115612.86,115612.86,0.00017
2025-09-20 08:31:34+03:00,115612.87,115612.87,115612.87,115612.87,0.00438
2025-09-20 08:31:35+03:00,115612.86,115612.87,115612.86,115612.87,0.00947
2025-09-20 08:31:36+03:00,115612.86,115612.87,115612.86,115612.87,0.00097
2025-09-20 08:31:37+03:00,115612.86,115612.86,115612.86,115612.86,0.00198
2025-09-20 08:31:38+03:00,115612.86,115612.86,115612.86,115612.86,0.0
2025-09-20 08:31:39+03:00,115612.86,115612.86,115612.86,115612.86,0.00051
2025-09-20 08:31:40+03:00,115612.87,115612.87,115612.87,115612.87,0.00075
2025-09-20 08:31:41+03:00,115612.87,115612.87,115612.86,115612.86,0.00102
2025-09-20 08:31:42+03:00,115612.86,115612.86,115612.86,115612.86,0.0108
2025-09-20 08:31:43+03:00,115612.87,115612.87,115612.87,115612.87,0.00066
2025-09-20 08:31:44+03:00,115612.86,115612.86,115612.86,115612.86,5e-05
2025-09-20 08:31:45+03:00,115612.86,115612.86,115612.86,115612.86,0.00437
2025-09-20 08:31:46+03:00,115612.86,115612.87,115612.86,115612.87,0.04113
2025-09-20 08:31:47+03:00,115612.87,115612.87,115612.87,115612.87,0.00197
2025-09-20 08:31:48+03:00,115612.87,115612.87,115612.87,115612.87,0.0013
2025-09-20 08:31:49+03:00,115612.86,115612.86,115612.86,115612.86,0.00192
2025-09-20 08:31:50+03:00,115612.86,115612.86,115612.86,115612.86,0.0
2025-09-20 08:31:51+03:00,115612.86,115612.87,115612.86,115612.86,0.04
2025-09-20 08:31:52+03:00,115612.87,115612.87,115612.87,115612.87,0.0055
2025-09-20 08:31:53+03:00,115612.87,115612.87,115612.86,115612.86,0.00047
2025-09-20 08:31:54+03:00,115612.87,115612.87,115612.86,115612.86,0.00213
2025-09-20 08:31:55+03:00,115612.86,115612.86,115612.86,115612.86,0.00759
2025-09-20 08:31:56+03:00,115612.86,115612.86,115612.86,115612.86,0.04321
2025-09-20 08:31:57+03:00,115612.87,115612.87,115612.87,115612.87,0.00019
2025-09-20 08:31:58+03:00,115612.87,115612.87,115612.87,115612.87,0.00305
2025-09-20 08:31:59+03:00,115612.86,115612.87,115612.86,115612.86,0.00823
2025-09-20 08:32:00+03:00,115612.87,115612.87,115612.86,115612.86,0.02917
2025-09-20 08:32:01+03:00,115612.86,115612.87,115612.86,115612.87,0.00034
2025-09-20 08:32:02+03:00,115612.87,115612.87,115612.87,115612.87,0.08656
2025-09-20 08:32:03+03:00,115612.86,115612.87,115612.86,115612.87,0.00024
2025-09-20 08:32:04+03:00,115612.87,115612.87,115612.87,115612.87,0.02047
2025-09-20 08:32:05+03:00,115612.87,115612.87,115612.87,115612.87,0.0
2025-09-20 08:32:06+03:00,115612.86,115612.86,115612.86,115612.86,0.00102
2025-09-20 08:32:07+03:00,115612.86,115612.86,115612.86,115612.86,0.0
2025-09-20 08:32:08+03:00,115612.87,115612.87,115612.86,115612.86,0.01583
2025-09-20 08:32:09+03:00,115612.87,115612.87,115612.86,115612.87,0.00246
2025-09-20 08:32:10+03:00,115612.87,115612.87,115612.86,115612.87,0.17533
2025-09-20 08:32:11+03:00,115612.87,115612.87,115612.86,115612.86,0.00084
2025-09-20 08:32:12+03:00,115612.86,115612.86,115612.86,115612.86,0.00021
2025-09-20 08:32:13+03:00,115612.86,115612.86,115612.86,115612.86,0.00025
2025-09-20 08:32:14+03:00,115612.86,115612.86,115612.86,115612.86,0.0
2025-09-20 08:32:15+03:00,115612.87,115612.87,115612.87,115612.87,0.00029
2025-09-20 08:32:16+03:00,115612.87,115612.87,115612.86,115612.86,0.00031
2025-09-20 08:32:17+03:00,115612.86,115612.86,115612.86,115612.86,0.0
2025-09-20 08:32:18+03:00,115612.86,115612.86,115612.86,115612.86,6e-05
2025-09-20 08:32:19+03:00,115612.86,115612.86,115612.86,115612.86,0.00121
2025-09-20 08:32:20+03:00,115612.87,115612.87,115612.87,115612.87,1.47104
2025-09-20 08:32:21+03:00,115612.87,115612.87,115612.86,115612.86,0.0006
2025-09-20 08:32:22+03:00,115612.86,115612.86,115612.86,115612.86,0.00492
2025-09-20 08:32:23+03:00,115612.87,115612.87,115612.86,115612.86,0.00115
2025-09-20 08:32:24+03:00,115612.87,115612.87,115612.86,115612.87,0.0017
2025-09-20 08:32:25+03:00,115612.87,115612.87,115612.86,115612.87,0.00201
2025-09-20 08:32:26+03:00,115612.87,115612.87,115612.86,115612.86,0.00092
2025-09-20 08:32:27+03:00,115612.87,115612.87,115612.87,115612.87,0.00028
2025-09-20 08:32:28+03:00,115612.87,115612.87,115612.86,115612.86,0.00359
2025-09-20 08:32:29+03:00,115612.86,115612.86,115612.86,115612.86,0.00394
2025-09-20 08:32:30+03:00,115612.87,115612.87,115612.86,115612.86,0.0002
2025-09-20 08:32:31+03:00,115612.86,115612.86,115612.86,115612.86,0.0
2025-09-20 08:32:32+03:00,115612.86,115612.87,115612.86,115612.87,0.00087
2025-09-20 08:32:33+03:00,115612.87,115612.87,115612.87,115612.87,0.02344
2025-09-20 08:32:34+03:00,115612.86,115612.86,115612.86,115612.86,0.02051
2025-09-20 08:32:35+03:00,115612.87,115612.87,115612.87,115612.87,0.0001
2025-09-20 08:32:36+03:00,115612.86,115612.86,115612.86,115612.86,0.00279
2025-09-20 08:32:37+03:00,115612.87,115612.87,115612.86,115612.86,0.00106
2025-09-20 08:32:38+03:00,115612.87,115612.87,115612.86,115612.86,0.00999
2025-09-20 08:32:39+03:00,115612.86,115612.87,115612.86,115612.86,0.01275
2025-09-20 08:32:40+03:00,115612.87,115612.87,115612.87,115612.87,5e-05
2025-09-20 08:32:41+03:00,115612.87,115612.87,115612.86,115612.87,0.01659
2025-09-20 08:32:42+03:00,115612.87,115612.87,115612.87,115612.87,0.00071
2025-09-20 08:32:43+03:00,115612.87,115612.87,115612.87,115612.87,0.0
2025-09-20 08:32:44+03:00,115612.87,115612.87,115612.87,115612.87,0.0
2025-09-20 08:32:45+03:00,115612.87,115612.87,115612.86,115612.86,0.00236
2025-09-20 08:32:46+03:00,115612.86,115612.86,115612.86,115612.86,0.0
2025-09-20 08:32:47+03:00,115612.86,115612.86,115612.86,115612.86,0.00048
2025-09-20 08:32:48+03:00,115612.86,115612.86,115612.86,115612.86,0.0
2025-09-20 08:32:49+03:00,115612.87,115612.87,115612.87,115612.87,0.00025
2025-09-20 08:32:50+03:00,115612.87,115612.87,115612.87,115612.87,0.00123
2025-09-20 08:32:51+03:00,115612.87,115612.87,115612.87,115612.87,0.03197
2025-09-20 08:32:52+03:00,115612.87,115612.87,115612.86,115612.86,0.01431
2025-09-20 08:32:53+03:00,115612.87,115612.87,115612.87,115612.87,0.00013
2025-09-20 08:32:54+03:00,115612.87,115612.87,115612.86,115612.87,0.1051
2025-09-20 08:32:55+03:00,115612.87,115612.87,115612.86,115612.86,0.0214
2025-09-20 08:32:56+03:00,115612.86,115612.87,115612.86,115612.87,0.00478
2025-09-20 08:32:57+03:00,115612.86,115612.87,115612.86,115612.87,0.0051
2025-09-20 08:32:58+03:00,115612.87,115612.87,115612.87,115612.87,0.0
2025-09-20 08:32:59+03:00,115612.86,115612.87,115612.86,115612.86,0.51422
2025-09-20 08:33:00+03:00,115612.86,115612.86,115612.86,115612.86,0.00217
2025-09-20 08:33:01+03:00,115612.86,115612.86,115612.86,115612.86,0.0
2025-09-20 08:33:02+03:00,115612.86,115612.87,115612.86,115612.87,0.00531
2025-09-20 08:33:03+03:00,115612.87,115612.87,115612.87,115612.87,0.00027
2025-09-20 08:33:04+03:00,115612.86,115612.86,115612.86,115612.86,7e-05
2025-09-20 08:33:05+03:00,115612.87,115612.87,115612.87,115612.87,0.0001
2025-09-20 08:33:06+03:00,115612.87,115612.87,115612.87,115612.87,0.0
2025-09-20 08:33:07+03:00,115612.87,115612.87,115612.87,115612.87,0.00043
2025-09-20 08:33:08+03:00,115612.87,115612.87,115612.86,115612.86,0.00058
2025-09-20 08:33:09+03:00,115612.86,115612.86,115612.86,115612.86,0.00031
2025-09-20 08:33:10+03:00,115612.87,115612.87,115612.86,115612.87,0.00147
2025-09-20 08:33:11+03:00,115612.87,115612.87,115612.87,115612.87,0.0
2025-09-20 08:33:12+03:00,115612.86,115612.86,115612.86,115612.86,0.00341
2025-09-20 08:33:13+03:00,115612.87,115612.87,115612.87,115612.87,6e-05
2025-09-20 08:33:14+03:00,115612.87,115612.87,115612.86,115612.87,0.01008
2025-09-20 08:33:15+03:00,115612.86,115612.87,115612.86,115612.87,0.00045
2025-09-20 08:33:16+03:00,115612.87,115612.87,115612.87,115612.87,0.00086
2025-09-20 08:33:17+03:00,115612.87,115612.87,115612.87,115612.87,0.0
2025-09-20 08:33:18+03:00,115612.87,115612.87,115612.87,115612.87,0.0
2025-09-20 08:33:19+03:00,115612.87,115612.87,115612.87,115612.87,0.0067
2025-09-20 08:33:20+03:00,115612.87,115612.87,115612.87,115612.87,9e-05
2025-09-20 08:33:21+03:00,115612.87,115612.87,115612.87,115612.87,0.0
2025-09-20 08:33:22+03:00,115612.86,115612.86,115612.86,115612.86,0.00037
2025-09-20 08:33:23+03:00,115612.87,115612.87,115612.86,115612.87,0.01437
2025-09-20 08:33:24+03:00,115612.87,115612.87,115612.87,115612.87,0.0
2025-09-20 08:33:25+03:00,115612.87,115612.87,115612.86,115612.86,0.01523
2025-09-20 08:33:26+03:00,115612.87,115612.87,115612.87,115612.87,0.00035
2025-09-20 08:33:27+03:00,115612.86,115612.86,115612.86,115612.86,0.00012
2025-09-20 08:33:28+03:00,115612.87,115612.87,115612.87,115612.87,0.00432
2025-09-20 08:33:29+03:00,115612.87,115612.87,115612.87,115612.87,0.0
2025-09-20 08:33:30+03:00,115612.87,115612.87,115612.87,115612.87,0.00026
2025-09-20 08:33:31+03:00,115612.87,115612.87,115612.87,115612.87,0.0
2025-09-20 08:33:32+03:00,115612.86,115612.87,115612.86,115612.86,0.00132
2025-09-20 08:33:33+03:00,115612.87,115612.87,115612.87,115612.87,0.00017
2025-09-20 08:33:34+03:00,115612.87,115612.87,115612.87,115612.87,8e-05
2025-09-20 08:33:35+03:00,115612.86,115612.87,115612.86,115612.87,0.00366
2025-09-20 08:33:36+03:00,115612.87,115612.87,115612.87,115612.87,0.0074
2025-09-20 08:33:37+03:00,115612.87,115612.87,115612.86,115612.86,0.00071
2025-09-20 08:33:38+03:00,115612.86,115612.86,115612.86,115612.86,0.00064
2025-09-20 08:33:39+03:00,115612.86,115612.87,115612.86,115612.87,0.0012
2025-09-20 08:33:40+03:00,115612.87,115612.87,115612.87,115612.87,0.00136
2025-09-20 08:33:41+03:00,115612.86,115612.87,115612.86,115612.86,0.01939
2025-09-20 08:33:42+03:00,115612.87,115612.87,115612.86,115612.87,0.00062
2025-09-20 08:33:43+03:00,115612.87,115612.87,115612.87,115612.87,0.0
2025-09-20 08:33:44+03:00,115612.87,115612.87,115612.86,115612.86,0.00083
2025-09-20 08:33:45+03:00,115612.87,115626.15,115612.87,115626.01,3.51822
2025-09-20 08:33:46+03:00,115625.72,115636.58,115625.72,115636.58,0.38128
2025-09-20 08:33:47+03:00,115636.58,115636.58,115636.57,115636.58,0.06613
2025-09-20 08:33:48+03:00,115636.57,115636.58,115636.57,115636.58,1.20667
2025-09-20 08:33:49+03:00,115636.57,115636.58,115636.57,115636.58,0.022
2025-09-20 08:33:50+03:00,115636.57,115636.57,115636.57,115636.57,0.01487
2025-09-20 08:33:51+03:00,115636.58,115636.58,115636.57,115636.57,0.04516
2025-09-20 08:33:52+03:00,115636.58,115636.58,115636.57,115636.57,0.01435
2025-09-20 08:33:53+03:00,115636.57,115636.58,115636.57,115636.58,0.01095
2025-09-20 08:33:54+03:00,115636.58,115636.58,115636.58,115636.58,0.00778
2025-09-20 08:33:55+03:00,115636.58,115636.58,115636.57,115636.57,0.1556
2025-09-20 08:33:56+03:00,115636.58,115636.58,115636.57,115636.57,0.0054
2025-09-20 08:33:57+03:00,115636.58,115636.58,115636.58,115636.58,0.00059
2025-09-20 08:33:58+03:00,115636.58,115636.58,115636.58,115636.58,0.0
2025-09-20 08:33:59+03:00,115636.57,115636.57,115636.57,115636.57,0.00086
2025-09-20 08:34:00+03:00,115636.57,115636.58,115636.57,115636.58,0.00268
2025-09-20 08:34:01+03:00,115636.58,115636.58,115636.58,115636.58,0.00029
2025-09-20 08:34:02+03:00,115636.58,115636.58,115632.38,115632.38,4.22997
2025-09-20 08:34:03+03:00,115632.38,115632.38,115620.81,115620.82,1.59004
2025-09-20 08:34:04+03:00,115620.82,115620.82,115620.81,115620.81,0.00059
2025-09-20 08:34:05+03:00,115620.81,115620.82,115620.81,115620.82,0.00744
2025-09-20 08:34:06+03:00,115620.82,115620.82,115620.81,115620.81,0.00093
2025-09-20 08:34:07+03:00,115620.82,115620.82,115620.81,115620.81,0.00046
2025-09-20 08:34:08+03:00,115620.82,115620.82,115620.82,115620.82,0.01748
2025-09-20 08:34:09+03:00,115620.81,115620.82,115620.81,115620.82,0.53691
2025-09-20 08:34:10+03:00,115620.82,115620.82,115620.82,115620.82,0.0
2025-09-20 08:34:11+03:00,115620.81,115620.82,115620.81,115620.81,0.02046
2025-09-20 08:34:12+03:00,115620.81,115620.81,115620.81,115620.81,0.00673
2025-09-20 08:34:13+03:00,115620.82,115620.82,115620.82,115620.82,0.00057
2025-09-20 08:34:14+03:00,115620.82,115620.82,115620.82,115620.82,0.00501
2025-09-20 08:34:15+03:00,115620.82,115620.82,115620.82,115620.82,0.00021
2025-09-20 08:34:16+03:00,115620.82,115620.82,115620.81,115620.81,0.00258
2025-09-20 08:34:17+03:00,115620.81,115620.81,115620.81,115620.81,0.0
2025-09-20 08:34:18+03:00,115620.81,115620.81,115620.81,115620.81,0.00362
2025-09-20 08:34:19+03:00,115620.81,115620.81,115620.81,115620.81,0.0
2025-09-20 08:34:20+03:00,115620.82,115620.82,115620.81,115620.82,0.00391
2025-09-20 08:34:21+03:00,115620.82,115620.82,115620.81,115620.81,0.00712
2025-09-20 08:34:22+03:00,115620.82,115620.82,115620.81,115620.82,0.00838
2025-09-20 08:34:23+03:00,115620.82,115620.82,115620.82,115620.82,0.0
2025-09-20 08:34:24+03:00,115620.82,115620.82,115620.82,115620.82,0.0001
2025-09-20 08:34:25+03:00,115620.82,115620.82,115620.82,115620.82,0.0
2025-09-20 08:34:26+03:00,115620.82,115620.82,115620.82,115620.82,0.0
2025-09-20 08:34:27+03:00,115620.81,115620.81,115620.81,115620.81,0.00025
2025-09-20 08:34:28+03:00,115620.82,115620.82,115620.81,115620.81,0.00265
2025-09-20 08:34:29+03:00,115620.82,115620.82,115620.82,115620.82,0.00065
2025-09-20 08:34:30+03:00,115620.82,115620.82,115620.81,115620.81,0.02497
2025-09-20 08:34:31+03:00,115620.81,115620.81,115620.81,115620.81,0.01
2025-09-20 08:34:32+03:00,115620.81,115620.81,115620.81,115620.81,0.00518
2025-09-20 08:34:33+03:00,115620.82,115620.82,115620.82,115620.82,0.00766
2025-09-20 08:34:34+03:00,115620.82,115620.82,115620.82,115620.82,0.00032
2025-09-20 08:34:35+03:00,115620.81,115620.81,115620.81,115620.81,0.00096
2025-09-20 08:34:36+03:00,115620.81,115620.81,115620.81,115620.81,0.0
2025-09-20 08:34:37+03:00,115620.81,115620.81,115620.81,115620.81,0.00912
2025-09-20 08:34:38+03:00,115620.81,115620.82,115620.81,115620.82,0.00311
2025-09-20 08:34:39+03:00,115620.81,115620.82,115620.81,115620.82,0.00439
2025-09-20 08:34:40+03:00,115620.82,115620.82,115620.82,115620.82,0.0
2025-09-20 08:34:41+03:00,115620.82,115620.82,115620.81,115620.81,0.00561
2025-09-20 08:34:42+03:00,115620.82,115620.82,115620.82,115620.82,0.00025
2025-09-20 08:34:43+03:00,115620.82,115620.82,115620.81,115620.81,0.00909
2025-09-20 08:34:44+03:00,115620.81,115620.81,115620.81,115620.81,0.0
2025-09-20 08:34:45+03:00,115620.82,115620.82,115620.82,115620.82,0.00055
2025-09-20 08:34:46+03:00,115620.81,115620.81,115620.81,115620.81,6e-05
2025-09-20 08:34:47+03:00,115620.81,115620.81,115620.81,115620.81,0.0
2025-09-20 08:34:48+03:00,115620.82,115620.82,115620.81,115620.82,0.00828
2025-09-20 08:34:49+03:00,115620.81,115620.82,115620.81,115620.81,1.00547
2025-09-20 08:34:50+03:00,115620.81,115620.81,115620.81,115620.81,0.00087
2025-09-20 08:34:51+03:00,115620.82,115620.82,115620.82,115620.82,0.06809
2025-09-20 08:34:52+03:00,115620.82,115620.82,115620.81,115620.81,0.003
2025-09-20 08:34:53+03:00,115620.81,115620.81,115620.81,115620.81,0.0103
2025-09-20 08:34:54+03:00,115620.81,115620.82,115620.81,115620.81,0.03482
2025-09-20 08:34:55+03:00,115620.81,115620.82,115620.81,115620.82,0.00932
2025-09-20 08:34:56+03:00,115620.82,115620.82,115620.82,115620.82,0.0
2025-09-20 08:34:57+03:00,115620.82,115620.82,115620.81,115620.81,0.01263
2025-09-20 08:34:58+03:00,115620.81,115620.81,115620.81,115620.81,9e-05
2025-09-20 08:34:59+03:00,115620.82,115620.82,115620.82,115620.82,0.0011
2025-09-20 08:35:00+03:00,115620.82,115620.82,115620.82,115620.82,0.01238
2025-09-20 08:35:01+03:00,115620.82,115620.82,115620.82,115620.82,0.0
2025-09-20 08:35:02+03:00,115620.82,115620.82,115620.81,115620.82,0.63116
2025-09-20 08:35:03+03:00,115620.82,115620.82,115620.82,115620.82,0.03712
2025-09-20 08:35:04+03:00,115620.82,115620.82,115620.82,115620.82,0.00179
2025-09-20 08:35:05+03:00,115620.82,115620.82,115620.82,115620.82,0.00728
2025-09-20 08:35:06+03:00,115620.81,115620.81,115620.81,115620.81,0.00162
2025-09-20 08:35:07+03:00,115620.82,115620.82,115620.82,115620.82,0.00313
2025-09-20 08:35:08+03:00,115620.82,115620.82,115620.82,115620.82,0.0
2025-09-20 08:35:09+03:00,115620.81,115620.82,115620.81,115620.82,0.93099
2025-09-20 08:35:10+03:00,115620.81,115620.82,115620.81,115620.82,0.00107
2025-09-20 08:35:11+03:00,115620.81,115620.81,115620.81,115620.81,0.0004
2025-09-20 08:35:12+03:00,115620.82,115620.82,115620.82,115620.82,9e-05
2025-09-20 08:35:13+03:00,115620.82,115620.82,115620.81,115620.81,0.00796
2025-09-20 08:35:14+03:00,115620.81,115620.82,115620.81,115620.82,0.01537
2025-09-20 08:35:15+03:00,115620.81,115620.82,115620.81,115620.82,0.00727
2025-09-20 08:35:16+03:00,115620.82,115620.82,115620.82,115620.82,0.00448
2025-09-20 08:35:17+03:00,115620.82,115620.82,115620.82,115620.82,0.0
2025-09-20 08:35:18+03:00,115620.81,115620.82,115620.81,115620.82,0.00119
2025-09-20 08:35:19+03:00,115620.82,115620.82,115620.81,115620.81,0.00784
2025-09-20 08:35:20+03:00,115620.81,115620.81,115620.81,115620.81,0.0009
2025-09-20 08:35:21+03:00,115620.82,115620.82,115620.82,115620.82,0.00158
2025-09-20 08:35:22+03:00,115620.82,115620.82,115620.81,115620.81,0.00066
2025-09-20 08:35:23+03:00,115620.81,115620.81,115620.81,115620.81,0.03385
2025-09-20 08:35:24+03:00,115620.81,115620.82,115620.81,115620.81,0.00051
2025-09-20 08:35:25+03:00,115620.81,115620.81,115620.81,115620.81,0.0
2025-09-20 08:35:26+03:00,115620.81,115620.82,115620.81,115620.82,0.00809
2025-09-20 08:35:27+03:00,115620.81,115620.82,115620.81,115620.81,0.00189
2025-09-20 08:35:28+03:00,115620.82,115620.82,115620.81,115620.81,0.00091
2025-09-20 08:35:29+03:00,115620.81,115620.82,115620.81,115620.82,0.04127
2025-09-20 08:35:30+03:00,115620.82,115620.82,115620.82,115620.82,0.0
2025-09-20 08:35:31+03:00,115620.81,115620.82,115620.81,115620.82,0.05911
2025-09-20 08:35:32+03:00,115620.81,115620.82,115620.81,115620.81,0.00066
2025-09-20 08:35:33+03:00,115620.82,115620.82,115620.82,115620.82,0.00162
2025-09-20 08:35:34+03:00,115620.81,115620.82,115620.81,115620.82,0.01236
2025-09-20 08:35:35+03:00,115620.82,115620.82,115620.82,115620.82,0.01108
2025-09-20 08:35:36+03:00,115620.82,115620.82,115620.82,115620.82,0.0
2025-09-20 08:35:37+03:00,115620.82,115620.82,115620.81,115620.82,0.00692
2025-09-20 08:35:38+03:00,115620.81,115620.81,115620.81,115620.81,0.00141
2025-09-20 08:35:39+03:00,115620.81,115620.81,115620.81,115620.81,0.0
2025-09-20 08:35:40+03:00,115620.82,115620.82,115620.82,115620.82,0.01149
2025-09-20 08:35:41+03:00,115620.82,115620.82,115620.82,115620.82,0.01021
2025-09-20 08:35:42+03:00,115620.82,115620.82,115620.82,115620.82,0.00034
2025-09-20 08:35:43+03:00,115620.81,115620.82,115620.81,115620.82,0.00207
2025-09-20 08:35:44+03:00,115620.82,115620.82,115620.82,115620.82,6e-05
2025-09-20 08:35:45+03:00,115620.82,115620.82,115620.82,115620.82,0.00028
2025-09-20 08:35:46+03:00,115620.81,115620.81,115620.81,115620.81,0.00362
2025-09-20 08:35:47+03:00,115620.81,115620.81,115620.81,115620.81,0.0
2025-09-20 08:35:48+03:00,115620.81,115620.81,115620.81,115620.81,0.00206
2025-09-20 08:35:49+03:00,115620.81,115620.81,115620.81,115620.81,0.0
2025-09-20 08:35:50+03:00,115620.82,115620.82,115620.82,115620.82,0.00433
2025-09-20 08:35:51+03:00,115620.82,115620.82,115620.82,115620.82,0.03171
2025-09-20 08:35:52+03:00,115620.82,115620.82,115620.81,115620.81,0.00145
2025-09-20 08:35:53+03:00,115620.81,115620.82,115620.81,115620.82,0.08076
2025-09-20 08:35:54+03:00,115620.81,115620.82,115620.81,115620.82,0.00226
2025-09-20 08:35:55+03:00,115620.81,115620.81,115620.81,115620.81,0.00483
2025-09-20 08:35:56+03:00,115620.82,115620.82,115620.82,115620.82,0.00182
2025-09-20 08:35:57+03:00,115620.82,115620.83,115620.81,115620.83,1.3144
2025-09-20 08:35:58+03:00,115620.83,115620.83,115620.83,115620.83,0.0
2025-09-20 08:35:59+03:00,115620.83,115620.83,115620.82,115620.82,0.50296
2025-09-20 08:36:00+03:00,115620.82,115620.82,115620.82,115620.82,0.0
2025-09-20 08:36:01+03:00,115620.83,115620.83,115620.83,115620.83,5e-05
2025-09-20 08:36:02+03:00,115620.83,115620.83,115620.82,115620.83,0.01258
2025-09-20 08:36:03+03:00,115620.82,115620.83,115620.82,115620.83,0.00097
2025-09-20 08:36:04+03:00,115620.83,115620.83,115620.83,115620.83,0.0
2025-09-20 08:36:05+03:00,115620.83,115620.83,115620.83,115620.83,0.0
2025-09-20 08:36:06+03:00,115620.83,115620.83,115620.83,115620.83,0.0
2025-09-20 08:36:07+03:00,115620.83,115620.83,115620.83,115620.83,0.00199
2025-09-20 08:36:08+03:00,115620.83,115620.83,115620.83,115620.83,0.0
2025-09-20 08:36:09+03:00,115620.83,115620.83,115620.83,115620.83,0.0
2025-09-20 08:36:10+03:00,115620.83,115627.22,115620.82,115627.22,1.17137
2025-09-20 08:36:11+03:00,115627.22,115627.22,115627.22,115627.22,0.0
2025-09-20 08:36:12+03:00,115627.22,115627.22,115627.22,115627.22,0.00087
2025-09-20 08:36:13+03:00,115627.23,115627.23,115627.22,115627.22,0.00149
2025-09-20 08:36:14+03:00,115627.22,115627.22,115627.22,115627.22,0.0
2025-09-20 08:36:15+03:00,115627.23,115627.23,115627.22,115627.22,0.00031
2025-09-20 08:36:16+03:00,115627.22,115627.22,115627.22,115627.22,0.0
2025-09-20 08:36:17+03:00,115627.23,115627.23,115627.22,115627.22,0.00026
2025-09-20 08:36:18+03:00,115627.23,115627.23,115627.22,115627.22,0.0445
2025-09-20 08:36:19+03:00,115627.23,115627.23,115627.23,115627.23,6e-05
2025-09-20 08:36:20+03:00,115627.22,115627.23,115627.22,115627.22,0.43458
2025-09-20 08:36:21+03:00,115627.23,115627.23,115627.23,115627.23,0.00015
2025-09-20 08:36:22+03:00,115627.22,115627.22,115627.22,115627.22,0.00026
2025-09-20 08:36:23+03:00,115627.23,115627.23,115627.22,115627.22,0.00512
2025-09-20 08:36:24+03:00,115627.23,115627.23,115627.22,115627.22,0.00034
2025-09-20 08:36:25+03:00,115627.23,115627.23,115627.22,115627.23,0.00051
2025-09-20 08:36:26+03:00,115627.23,115627.23,115627.23,115627.23,0.0005
2025-09-20 08:36:27+03:00,115627.23,115627.23,115627.23,115627.23,0.00265
2025-09-20 08:36:28+03:00,115627.23,115627.23,115627.23,115627.23,0.00087
2025-09-20 08:36:29+03:00,115627.23,115627.23,115627.22,115627.22,0.01324
2025-09-20 08:36:30+03:00,115627.22,115627.22,115627.22,115627.22,0.0
2025-09-20 08:36:31+03:00,115627.23,115627.23,115627.23,115627.23,0.00087
2025-09-20 08:36:32+03:00,115627.23,115627.23,115627.23,115627.23,0.0
2025-09-20 08:36:33+03:00,115627.23,115627.23,115627.23,115627.23,0.00086
2025-09-20 08:36:34+03:00,115627.23,115627.23,115627.23,115627.23,0.0
2025-09-20 08:36:35+03:00,115627.23,115627.23,115627.23,115627.23,0.52859
2025-09-20 08:36:36+03:00,115627.22,115627.23,115627.22,115627.23,0.00067
2025-09-20 08:36:37+03:00,115627.23,115627.23,115627.23,115627.23,0.0
2025-09-20 08:36:38+03:00,115627.23,115627.23,115627.23,115627.23,0.0
2025-09-20 08:36:39+03:00,115627.23,115627.23,115627.22,115627.22,0.00258
2025-09-20 08:36:40+03:00,115627.22,115627.23,115627.22,115627.23,0.09004
2025-09-20 08:36:41+03:00,115627.23,115630.61,115627.23,115630.61,0.58048
2025-09-20 08:36:42+03:00,115630.61,115630.62,115630.61,115630.62,0.01036
2025-09-20 08:36:43+03:00,115630.61,115630.61,115630.61,115630.61,0.00027
2025-09-20 08:36:44+03:00,115630.62,115630.62,115630.62,115630.62,0.00025
2025-09-20 08:36:45+03:00,115630.62,115630.62,115630.62,115630.62,0.01207
2025-09-20 08:36:46+03:00,115630.62,115630.62,115630.62,115630.62,0.0
2025-09-20 08:36:47+03:00,115630.62,115630.62,115630.61,115630.62,0.00305
2025-09-20 08:36:48+03:00,115630.62,115630.62,115630.62,115630.62,0.0
2025-09-20 08:36:49+03:00,115630.62,115630.62,115630.61,115630.61,0.00149
2025-09-20 08:36:50+03:00,115630.62,115630.62,115630.62,115630.62,0.00018
2025-09-20 08:36:51+03:00,115630.61,115630.62,115630.61,115630.62,0.03181
2025-09-20 08:36:52+03:00,115630.61,115630.62,115630.61,115630.62,0.00564
2025-09-20 08:36:53+03:00,115630.62,115630.62,115630.62,115630.62,0.00845
2025-09-20 08:36:54+03:00,115630.61,115630.62,115630.61,115630.62,0.00052
2025-09-20 08:36:55+03:00,115630.61,115630.61,115630.61,115630.61,0.00421
2025-09-20 08:36:56+03:00,115630.62,115630.62,115630.62,115630.62,0.00258
2025-09-20 08:36:57+03:00,115630.61,115630.62,115630.61,115630.62,0.02996
2025-09-20 08:36:58+03:00,115630.62,115630.62,115630.61,115630.61,0.02419
2025-09-20 08:36:59+03:00,115630.61,115630.61,115630.61,115630.61,0.00296
2025-09-20 08:37:00+03:00,115630.61,115630.61,115630.61,115630.61,0.00235
2025-09-20 08:37:01+03:00,115630.61,115630.62,115630.61,115630.62,0.00509
2025-09-20 08:37:02+03:00,115630.61,115630.61,115630.61,115630.61,0.00259
2025-09-20 08:37:03+03:00,115630.61,115630.61,115630.61,115630.61,0.0
2025-09-20 08:37:04+03:00,115630.62,115630.62,115630.62,115630.62,0.00139
2025-09-20 08:37:05+03:00,115630.62,115630.62,115630.61,115630.61,0.00041
2025-09-20 08:37:06+03:00,115630.61,115630.61,115630.61,115630.61,0.0
2025-09-20 08:37:07+03:00,115630.61,115630.61,115630.61,115630.61,0.0
2025-09-20 08:37:08+03:00,115630.61,115630.61,115630.61,115630.61,0.0
2025-09-20 08:37:09+03:00,115630.62,115630.62,115630.61,115630.62,0.00795
2025-09-20 08:37:10+03:00,115630.62,115630.62,115630.62,115630.62,0.0
2025-09-20 08:37:11+03:00,115630.62,115630.62,115630.62,115630.62,0.01878
2025-09-20 08:37:12+03:00,115630.61,115630.61,115630.61,115630.61,0.00147
2025-09-20 08:37:13+03:00,115630.62,115630.62,115630.61,115630.61,0.0089
2025-09-20 08:37:14+03:00,115630.62,115630.62,115630.62,115630.62,0.00012
2025-09-20 08:37:15+03:00,115630.62,115630.62,115630.61,115630.61,0.00155
2025-09-20 08:37:16+03:00,115630.61,115630.61,115630.61,115630.61,0.00099
2025-09-20 08:37:17+03:00,115630.62,115630.62,115630.62,115630.62,0.00012
2025-09-20 08:37:18+03:00,115630.61,115630.62,115630.61,115630.62,0.04988
2025-09-20 08:37:19+03:00,115630.62,115630.62,115630.61,115630.61,0.00815
2025-09-20 08:37:20+03:00,115630.61,115630.62,115630.61,115630.62,0.01578
2025-09-20 08:37:21+03:00,115630.61,115630.62,115630.61,115630.62,0.02565
2025-09-20 08:37:22+03:00,115630.61,115630.61,115630.61,115630.61,0.00028
2025-09-20 08:37:23+03:00,115630.62,115630.62,115630.62,115630.62,9e-05
2025-09-20 08:37:24+03:00,115630.62,115630.62,115630.61,115630.61,0.01279
2025-09-20 08:37:25+03:00,115630.62,115630.62,115630.62,115630.62,0.00452
2025-09-20 08:37:26+03:00,115630.61,115630.62,115630.61,115630.61,0.04618
2025-09-20 08:37:27+03:00,115630.61,115630.61,115630.61,115630.61,0.00172
2025-09-20 08:37:28+03:00,115630.61,115630.61,115630.61,115630.61,0.00029
2025-09-20 08:37:29+03:00,115630.61,115630.62,115630.61,115630.62,0.00808
2025-09-20 08:37:30+03:00,115630.62,115630.62,115630.62,115630.62,0.01201
2025-09-20 08:37:31+03:00,115630.62,115630.62,115630.61,115630.61,0.01081
2025-09-20 08:37:32+03:00,115630.62,115630.62,115630.61,115630.62,0.00301
2025-09-20 08:37:33+03:00,115630.61,115630.61,115630.61,115630.61,5e-05
2025-09-20 08:37:34+03:00,115630.62,115630.62,115630.61,115630.61,0.01699
2025-09-20 08:37:35+03:00,115630.62,115630.62,115630.61,115630.62,0.0081
2025-09-20 08:37:36+03:00,115630.61,115630.61,115630.61,115630.61,0.00065
2025-09-20 08:37:37+03:00,115630.62,115630.62,115630.62,115630.62,0.0022
2025-09-20 08:37:38+03:00,115630.62,115630.62,115630.61,115630.61,0.0131
2025-09-20 08:37:39+03:00,115630.62,115630.62,115630.61,115630.61,0.00331
2025-09-20 08:37:40+03:00,115630.62,115630.62,115630.62,115630.62,0.01051
2025-09-20 08:37:41+03:00,115630.62,115630.62,115630.62,115630.62,0.0
2025-09-20 08:37:42+03:00,115630.62,115630.62,115630.61,115630.62,0.12608
2025-09-20 08:37:43+03:00,115630.62,115630.62,115630.62,115630.62,0.0
2025-09-20 08:37:44+03:00,115630.62,115630.62,115630.61,115630.61,0.00147
2025-09-20 08:37:45+03:00,115630.62,115630.62,115630.61,115630.62,0.43552
2025-09-20 08:37:46+03:00,115630.62,115630.62,115630.62,115630.62,0.0
2025-09-20 08:37:47+03:00,115630.62,115630.62,115630.62,115630.62,0.0
2025-09-20 08:37:48+03:00,115630.62,115630.62,115630.62,115630.62,0.0
2025-09-20 08:37:49+03:00,115630.61,115630.61,115630.61,115630.61,0.00013
2025-09-20 08:37:50+03:00,115630.62,115630.62,115630.61,115630.61,0.00275
2025-09-20 08:37:51+03:00,115630.62,115630.62,115630.62,115630.62,0.03207
2025-09-20 08:37:52+03:00,115630.61,115630.62,115630.61,115630.62,0.04387
2025-09-20 08:37:53+03:00,115630.62,115630.62,115630.62,115630.62,9e-05
2025-09-20 08:37:54+03:00,115630.62,115630.62,115630.62,115630.62,0.0
2025-09-20 08:37:55+03:00,115630.61,115630.61,115630.61,115630.61,0.00222
2025-09-20 08:37:56+03:00,115630.62,115630.62,115630.62,115630.62,0.00144
2025-09-20 08:37:57+03:00,115630.62,115630.62,115630.62,115630.62,0.00041
2025-09-20 08:37:58+03:00,115630.62,115630.62,115630.62,115630.62,0.0
2025-09-20 08:37:59+03:00,115630.61,115630.62,115630.61,115630.62,0.01086
2025-09-20 08:38:00+03:00,115630.61,115630.61,115630.61,115630.61,0.00187
2025-09-20 08:38:01+03:00,115630.62,115630.62,115630.61,115630.62,0.00211
2025-09-20 08:38:02+03:00,115630.62,115630.62,115630.62,115630.62,0.00041
2025-09-20 08:38:03+03:00,115630.62,115630.62,115630.61,115630.61,0.01159
2025-09-20 08:38:04+03:00,115630.62,115630.62,115630.62,115630.62,0.00015
2025-09-20 08:38:05+03:00,115630.62,115630.62,115630.62,115630.62,0.0
2025-09-20 08:38:06+03:00,115630.62,115630.62,115630.62,115630.62,0.0
2025-09-20 08:38:07+03:00,115630.62,115630.62,115630.62,115630.62,0.00091
2025-09-20 08:38:08+03:00,115630.62,115630.62,115630.62,115630.62,0.00172
2025-09-20 08:38:09+03:00,115630.62,115630.62,115630.61,115630.62,0.00219
2025-09-20 08:38:10+03:00,115630.62,115630.62,115630.62,115630.62,0.00254
2025-09-20 08:38:11+03:00,115630.61,115630.61,115630.61,115630.61,0.00212
2025-09-20 08:38:12+03:00,115630.62,115630.62,115630.61,115630.61,0.00089
2025-09-20 08:38:13+03:00,115630.62,115630.62,115630.62,115630.62,0.0005
2025-09-20 08:38:14+03:00,115630.62,115630.62,115630.62,115630.62,0.01236
2025-09-20 08:38:15+03:00,115630.62,115630.62,115630.62,115630.62,0.0007
2025-09-20 08:38:16+03:00,115630.61,115630.61,115630.61,115630.61,0.00095
2025-09-20 08:38:17+03:00,115630.61,115630.61,115630.61,115630.61,0.0
2025-09-20 08:38:18+03:00,115630.61,115630.61,115630.61,115630.61,0.0
2025-09-20 08:38:19+03:00,115630.61,115630.61,115630.61,115630.61,0.00019
2025-09-20 08:38:20+03:00,115630.62,115630.62,115630.61,115630.62,0.00215
2025-09-20 08:38:21+03:00,115630.62,115630.62,115630.62,115630.62,0.01511
2025-09-20 08:38:22+03:00,115630.62,115630.62,115630.61,115630.61,0.00143
2025-09-20 08:38:23+03:00,115630.61,115630.62,115630.61,115630.62,0.00339
2025-09-20 08:38:24+03:00,115630.62,115630.62,115630.62,115630.62,0.12469
2025-09-20 08:38:25+03:00,115630.62,115630.62,115630.62,115630.62,0.0351
2025-09-20 08:38:26+03:00,115630.62,115630.62,115630.62,115630.62,0.0007
2025-09-20 08:38:27+03:00,115630.62,115630.62,115630.62,115630.62,0.0
2025-09-20 08:38:28+03:00,115630.62,115630.62,115630.61,115630.62,0.00395
2025-09-20 08:38:29+03:00,115630.61,115630.61,115630.61,115630.61,0.04338
2025-09-20 08:38:30+03:00,115630.62,115630.62,115630.61,115630.61,0.04566
2025-09-20 08:38:31+03:00,115630.62,115630.62,115630.62,115630.62,0.00068
2025-09-20 08:38:32+03:00,115630.62,115630.62,115630.61,115630.61,0.00289
2025-09-20 08:38:33+03:00,115630.62,115630.62,115630.61,115630.62,0.00121
2025-09-20 08:38:34+03:00,115630.62,115630.62,115630.62,115630.62,0.00814
2025-09-20 08:38:35+03:00,115630.62,115630.62,115630.62,115630.62,0.0
2025-09-20 08:38:36+03:00,115630.61,115630.62,115630.61,115630.62,0.06658
2025-09-20 08:38:37+03:00,115630.62,115630.62,115630.61,115630.61,0.00257
2025-09-20 08:38:38+03:00,115630.61,115630.61,115630.61,115630.61,0.0
2025-09-20 08:38:39+03:00,115630.62,115630.62,115630.62,115630.62,0.00948
2025-09-20 08:38:40+03:00,115630.62,115630.62,115630.61,115630.62,0.01944
2025-09-20 08:38:41+03:00,115630.62,115686.63,115630.62,115672.23,78.69432
2025-09-20 08:38:42+03:00,115672.24,115672.24,115672.23,115672.23,0.0263
2025-09-20 08:38:43+03:00,115672.23,115672.24,115672.23,115672.23,0.04736
2025-09-20 08:38:44+03:00,115672.24,115672.24,115672.23,115672.24,0.03489
2025-09-20 08:38:45+03:00,115672.23,115672.24,115672.23,115672.24,0.05648
2025-09-20 08:38:46+03:00,115672.24,115686.63,115672.24,115676.96,8.57024
2025-09-20 08:38:47+03:00,115676.6,115676.6,115676.59,115676.6,0.1454
2025-09-20 08:38:48+03:00,115676.59,115676.6,115676.59,115676.59,0.01435
2025-09-20 08:38:49+03:00,115676.6,115676.6,115676.59,115676.6,0.02714
2025-09-20 08:38:50+03:00,115676.6,115676.6,115676.59,115676.59,0.1301
2025-09-20 08:38:51+03:00,115676.59,115676.6,115676.59,115676.59,0.19516
2025-09-20 08:38:52+03:00,115676.59,115676.59,115670.75,115670.75,0.76817
2025-09-20 08:38:53+03:00,115670.75,115670.75,115670.75,115670.75,0.00024
2025-09-20 08:38:54+03:00,115670.75,115670.75,115670.75,115670.75,0.002
2025-09-20 08:38:55+03:00,115670.75,115670.75,115670.75,115670.75,0.00044
2025-09-20 08:38:56+03:00,115670.75,115670.76,115670.75,115670.76,0.00101
2025-09-20 08:38:57+03:00,115670.76,115670.76,115670.76,115670.76,0.0
2025-09-20 08:38:58+03:00,115670.76,115670.76,115670.76,115670.76,0.0
2025-09-20 08:38:59+03:00,115670.75,115670.76,115670.75,115670.75,0.01583
2025-09-20 08:39:00+03:00,115670.75,115670.75,115670.75,115670.75,0.00098
2025-09-20 08:39:01+03:00,115670.75,115670.76,115670.75,115670.75,0.02352
2025-09-20 08:39:02+03:00,115670.76,115670.76,115670.76,115670.76,0.00045
2025-09-20 08:39:03+03:00,115670.75,115670.75,115662.31,115662.31,1.17712
2025-09-20 08:39:04+03:00,115662.32,115662.32,115662.31,115662.31,0.01021
2025-09-20 08:39:05+03:00,115662.31,115662.32,115662.31,115662.32,0.00106
2025-09-20 08:39:06+03:00,115662.32,115662.32,115662.32,115662.32,0.0
2025-09-20 08:39:07+03:00,115662.32,115662.32,115662.31,115662.31,0.00309
2025-09-20 08:39:08+03:00,115662.32,115662.32,115662.32,115662.32,0.05403
2025-09-20 08:39:09+03:00,115662.31,115662.32,115662.31,115662.32,0.0014
2025-09-20 08:39:10+03:00,115662.31,115662.32,115662.31,115662.32,0.00219
2025-09-20 08:39:11+03:00,115662.32,115662.32,115662.32,115662.32,7e-05
2025-09-20 08:39:12+03:00,115662.31,115662.31,115662.31,115662.31,0.00046
2025-09-20 08:39:13+03:00,115662.31,115662.31,115662.31,115662.31,0.0
2025-09-20 08:39:14+03:00,115662.31,115662.31,115662.31,115662.31,0.02
2025-09-20 08:39:15+03:00,115662.32,115662.32,115662.32,115662.32,0.00871
2025-09-20 08:39:16+03:00,115662.32,115662.32,115662.32,115662.32,0.00053
2025-09-20 08:39:17+03:00,115662.31,115662.32,115655.44,115655.44,1.04536
2025-09-20 08:39:18+03:00,115655.44,115655.45,115655.44,115655.45,0.04953
2025-09-20 08:39:19+03:00,115655.44,115655.45,115655.44,115655.45,0.00165
2025-09-20 08:39:20+03:00,115655.45,115655.45,115655.44,115655.44,0.00105
2025-09-20 08:39:21+03:00,115655.44,115655.45,115655.44,115655.45,0.00246
2025-09-20 08:39:22+03:00,115655.45,115655.45,115655.44,115655.44,0.00234
2025-09-20 08:39:23+03:00,115655.44,115655.45,115655.44,115655.45,0.00873
2025-09-20 08:39:24+03:00,115655.45,115655.45,115655.45,115655.45,0.00035
2025-09-20 08:39:25+03:00,115655.45,115655.45,115645.67,115645.67,0.68089
2025-09-20 08:39:26+03:00,115645.68,115645.68,115645.68,115645.68,7e-05
2025-09-20 08:39:27+03:00,115645.68,115645.68,115645.68,115645.68,0.00243
2025-09-20 08:39:28+03:00,115645.68,115645.68,115645.68,115645.68,6e-05
2025-09-20 08:39:29+03:00,115645.68,115645.68,115645.67,115645.67,0.0019
2025-09-20 08:39:30+03:00,115645.67,115645.67,115645.67,115645.67,0.0103
2025-09-20 08:39:31+03:00,115645.67,115645.67,115645.67,115645.67,0.0
2025-09-20 08:39:32+03:00,115645.67,115645.68,115640.0,115640.0,0.21248
2025-09-20 08:39:33+03:00,115640.0,115640.01,115640.0,115640.01,0.00166
2025-09-20 08:39:34+03:00,115640.01,115640.01,115640.0,115640.01,0.11262
2025-09-20 08:39:35+03:00,115640.0,115640.0,115640.0,115640.0,0.00075
2025-09-20 08:39:36+03:00,115640.01,115640.01,115640.0,115640.0,0.00507
2025-09-20 08:39:37+03:00,115640.0,115640.01,115640.0,115640.01,0.00165
2025-09-20 08:39:38+03:00,115640.01,115640.01,115640.01,115640.01,0.0
2025-09-20 08:39:39+03:00,115640.01,115640.01,115640.01,115640.01,0.00051
2025-09-20 08:39:40+03:00,115640.0,115640.01,115640.0,115640.01,0.00106
2025-09-20 08:39:41+03:00,115640.01,115640.01,115640.01,115640.01,7e-05
2025-09-20 08:39:42+03:00,115640.01,115640.01,115640.01,115640.01,7e-05
2025-09-20 08:39:43+03:00,115640.01,115640.01,115640.0,115640.01,0.00771
2025-09-20 08:39:44+03:00,115640.01,115640.01,115640.01,115640.01,0.00039
2025-09-20 08:39:45+03:00,115640.01,115640.01,115640.0,115640.01,0.00816
2025-09-20 08:39:46+03:00,115640.01,115640.01,115640.0,115640.01,0.00234
2025-09-20 08:39:47+03:00,115640.0,115640.01,115640.0,115640.01,0.00234
2025-09-20 08:39:48+03:00,115640.01,115640.01,115640.01,115640.01,0.0
2025-09-20 08:39:49+03:00,115640.0,115640.01,115640.0,115640.01,0.00032
2025-09-20 08:39:50+03:00,115640.0,115640.01,115640.0,115640.0,0.01106
2025-09-20 08:39:51+03:00,115640.01,115640.01,115640.0,115640.01,0.03647
2025-09-20 08:39:52+03:00,115640.01,115640.01,115640.01,115640.01,6e-05
2025-09-20 08:39:53+03:00,115640.01,115640.01,115640.0,115640.0,0.00037
2025-09-20 08:39:54+03:00,115640.0,115640.0,115640.0,115640.0,0.0
2025-09-20 08:39:55+03:00,115640.0,115640.01,115640.0,115640.01,0.01205
2025-09-20 08:39:56+03:00,115640.01,115640.01,115640.01,115640.01,7e-05
2025-09-20 08:39:57+03:00,115640.01,115640.01,115640.0,115640.0,0.00779
2025-09-20 08:39:58+03:00,115640.01,115640.01,115640.01,115640.01,0.00014
2025-09-20 08:39:59+03:00,115640.01,115640.01,115640.01,115640.01,0.00014
2025-09-20 08:40:00+03:00,115640.01,115640.01,115640.01,115640.01,0.00028
2025-09-20 08:40:01+03:00,115640.0,115640.01,115640.0,115640.01,0.01538
2025-09-20 08:40:02+03:00,115640.01,115640.01,115640.0,115640.01,0.0063
2025-09-20 08:40:03+03:00,115640.01,115640.01,115640.0,115640.0,0.00286
2025-09-20 08:40:04+03:00,115640.0,115640.0,115640.0,115640.0,0.00049
2025-09-20 08:40:05+03:00,115640.01,115640.01,115640.01,115640.01,0.00224
2025-09-20 08:40:06+03:00,115640.01,115640.01,115640.01,115640.01,0.00094
2025-09-20 08:40:07+03:00,115640.01,115640.01,115640.01,115640.01,0.00138
2025-09-20 08:40:08+03:00,115640.01,115640.01,115640.01,115640.01,0.00372
2025-09-20 08:40:09+03:00,115640.01,115640.01,115640.01,115640.01,0.0
2025-09-20 08:40:10+03:00,115640.01,115640.01,115640.01,115640.01,0.00014
2025-09-20 08:40:11+03:00,115640.01,115640.01,115640.0,115640.0,0.03014
2025-09-20 08:40:12+03:00,115640.0,115640.0,115640.0,115640.0,0.00097
2025-09-20 08:40:13+03:00,115640.01,115640.01,115640.0,115640.0,0.04049
2025-09-20 08:40:14+03:00,115640.0,115640.01,115640.0,115640.01,0.00093
2025-09-20 08:40:15+03:00,115640.01,115640.01,115640.01,115640.01,0.00666
2025-09-20 08:40:16+03:00,115640.01,115640.01,115640.01,115640.01,7e-05
2025-09-20 08:40:17+03:00,115640.01,115640.01,115640.0,115640.0,0.00598
2025-09-20 08:40:18+03:00,115640.01,115640.01,115640.01,115640.01,7e-05
2025-09-20 08:40:19+03:00,115640.0,115640.01,115640.0,115640.01,0.17946
2025-09-20 08:40:20+03:00,115640.0,115640.01,115640.0,115640.01,0.0002
2025-09-20 08:40:21+03:00,115640.0,115640.0,115640.0,115640.0,0.00044
2025-09-20 08:40:22+03:00,115640.0,115640.01,115640.0,115640.0,0.01384
2025-09-20 08:40:23+03:00,115640.01,115640.01,115640.01,115640.01,0.00013
2025-09-20 08:40:24+03:00,115640.0,115640.01,115640.0,115640.01,0.01455
2025-09-20 08:40:25+03:00,115640.01,115640.01,115640.0,115640.0,0.00255
2025-09-20 08:40:26+03:00,115640.01,115640.01,115640.0,115640.0,0.01019
2025-09-20 08:40:27+03:00,115640.01,115640.01,115640.0,115640.01,0.02175
2025-09-20 08:40:28+03:00,115640.0,115640.0,115640.0,115640.0,0.049
2025-09-20 08:40:29+03:00,115640.0,115640.0,115640.0,115640.0,0.19363
2025-09-20 08:40:30+03:00,115640.0,115640.01,115640.0,115640.01,0.01484
2025-09-20 08:40:31+03:00,115640.0,115640.0,115640.0,115640.0,0.00257
2025-09-20 08:40:32+03:00,115640.0,115640.01,115640.0,115640.01,0.00075
2025-09-20 08:40:33+03:00,115640.01,115640.01,115640.01,115640.01,0.00014
2025-09-20 08:40:34+03:00,115640.01,115640.01,115640.0,115640.01,0.00161
2025-09-20 08:40:35+03:00,115640.01,115640.01,115640.01,115640.01,0.03649
2025-09-20 08:40:36+03:00,115640.01,115640.01,115640.0,115640.0,0.00025
2025-09-20 08:40:37+03:00,115640.0,115640.0,115640.0,115640.0,0.0
2025-09-20 08:40:38+03:00,115640.0,115640.0,115640.0,115640.0,0.0
2025-09-20 08:40:39+03:00,115640.0,115640.01,115640.0,115640.01,0.00113
2025-09-20 08:40:40+03:00,115640.01,115640.01,115640.01,115640.01,0.00018
2025-09-20 08:40:41+03:00,115640.01,115640.01,115639.99,115639.99,4.01174
2025-09-20 08:40:42+03:00,115640.0,115640.0,115639.99,115639.99,0.01078
2025-09-20 08:40:43+03:00,115640.0,115640.0,115639.99,115639.99,0.05687
2025-09-20 08:40:44+03:00,115639.99,115639.99,115639.99,115639.99,0.00915
2025-09-20 08:40:45+03:00,115640.0,115640.0,115639.99,115639.99,0.00184
2025-09-20 08:40:46+03:00,115640.0,115640.0,115640.0,115640.0,0.0006
2025-09-20 08:40:47+03:00,115640.0,115640.0,115639.99,115639.99,0.00988
2025-09-20 08:40:48+03:00,115640.0,115640.0,115639.99,115639.99,0.01192
2025-09-20 08:40:49+03:00,115640.0,115640.0,115639.99,115639.99,0.0014
2025-09-20 08:40:50+03:00,115640.0,115640.0,115640.0,115640.0,0.00672
2025-09-20 08:40:51+03:00,115640.0,115640.0,115640.0,115640.0,0.04097
2025-09-20 08:40:52+03:00,115639.99,115639.99,115639.99,115639.99,0.02765
2025-09-20 08:40:53+03:00,115639.99,115640.0,115639.99,115640.0,0.00279
2025-09-20 08:40:54+03:00,115640.0,115640.0,115639.99,115640.0,0.00136
2025-09-20 08:40:55+03:00,115640.0,115640.0,115640.0,115640.0,0.0
2025-09-20 08:40:56+03:00,115640.0,115640.0,115640.0,115640.0,0.0011
2025-09-20 08:40:57+03:00,115640.0,115640.0,115640.0,115640.0,0.06013
2025-09-20 08:40:58+03:00,115639.99,115640.0,115639.99,115639.99,0.00253
2025-09-20 08:40:59+03:00,115639.99,115639.99,115639.99,115639.99,0.0
2025-09-20 08:41:00+03:00,115640.0,115640.0,115640.0,115640.0,0.00021
2025-09-20 08:41:01+03:00,115639.99,115640.0,115639.99,115639.99,0.9014
2025-09-20 08:41:02+03:00,115640.0,115640.0,115640.0,115640.0,0.0002
2025-09-20 08:41:03+03:00,115640.0,115640.0,115639.99,115640.0,0.05722
2025-09-20 08:41:04+03:00,115640.0,115640.0,115639.99,115639.99,0.00048
2025-09-20 08:41:05+03:00,115640.0,115640.0,115640.0,115640.0,0.001
2025-09-20 08:41:06+03:00,115640.0,115640.0,115640.0,115640.0,0.0002
2025-09-20 08:41:07+03:00,115639.99,115640.0,115639.99,115640.0,0.0005
2025-09-20 08:41:08+03:00,115639.99,115639.99,115639.99,115639.99,0.00104
2025-09-20 08:41:09+03:00,115640.0,115640.0,115639.99,115640.0,0.05618
2025-09-20 08:41:10+03:00,115639.99,115640.0,115639.99,115640.0,0.00108
2025-09-20 08:41:11+03:00,115639.99,115639.99,115639.99,115639.99,0.00042
2025-09-20 08:41:12+03:00,115640.0,115640.0,115640.0,115640.0,0.00037
2025-09-20 08:41:13+03:00,115639.99,115640.0,115639.99,115639.99,0.00222
2025-09-20 08:41:14+03:00,115640.0,115640.0,115639.99,115639.99,0.00015
2025-09-20 08:41:15+03:00,115639.99,115640.0,115639.99,115639.99,0.00073
2025-09-20 08:41:16+03:00,115640.0,115640.0,115639.99,115639.99,0.00289
2025-09-20 08:41:17+03:00,115639.99,115639.99,115639.99,115639.99,0.00014
2025-09-20 08:41:18+03:00,115640.0,115640.0,115640.0,115640.0,8e-05
2025-09-20 08:41:19+03:00,115639.99,115640.0,115639.99,115640.0,0.01447
2025-09-20 08:41:20+03:00,115640.0,115640.0,115640.0,115640.0,7e-05
2025-09-20 08:41:21+03:00,115640.0,115640.0,115639.99,115640.0,0.00507
2025-09-20 08:41:22+03:00,115639.99,115639.99,115639.99,115639.99,0.00163
2025-09-20 08:41:23+03:00,115640.0,115640.0,115640.0,115640.0,7e-05
2025-09-20 08:41:24+03:00,115640.0,115640.0,115639.99,115639.99,0.00065
2025-09-20 08:41:25+03:00,115639.99,115639.99,115639.99,115639.99,0.0
2025-09-20 08:41:26+03:00,115640.0,115640.0,115639.99,115639.99,0.01679
2025-09-20 08:41:27+03:00,115639.99,115639.99,115639.99,115639.99,0.00043
2025-09-20 08:41:28+03:00,115640.0,115640.0,115639.99,115639.99,0.00078
2025-09-20 08:41:29+03:00,115640.0,115640.0,115640.0,115640.0,0.0028
2025-09-20 08:41:30+03:00,115639.99,115640.0,115639.99,115640.0,0.01017
2025-09-20 08:41:31+03:00,115640.0,115640.0,115640.0,115640.0,8e-05
2025-09-20 08:41:32+03:00,115639.99,115639.99,115639.99,115639.99,0.00504
2025-09-20 08:41:33+03:00,115640.0,115640.0,115639.99,115640.0,0.01323
2025-09-20 08:41:34+03:00,115639.99,115639.99,115639.99,115639.99,0.00178
2025-09-20 08:41:35+03:00,115640.0,115640.0,115639.99,115639.99,0.01378
2025-09-20 08:41:36+03:00,115639.99,115640.0,115639.99,115639.99,0.00397
2025-09-20 08:41:37+03:00,115639.99,115639.99,115639.99,115639.99,0.0
2025-09-20 08:41:38+03:00,115640.0,115640.0,115640.0,115640.0,0.02154
2025-09-20 08:41:39+03:00,115640.0,115640.0,115640.0,115640.0,0.0
2025-09-20 08:41:40+03:00,115640.0,115640.0,115639.99,115639.99,0.00061
2025-09-20 08:41:41+03:00,115640.0,115640.0,115640.0,115640.0,0.0016
2025-09-20 08:41:42+03:00,115640.0,115640.0,115639.99,115640.0,0.0204
2025-09-20 08:41:43+03:00,115640.0,115640.0,115640.0,115640.0,0.00041
2025-09-20 08:41:44+03:00,115639.99,115639.99,115639.99,115639.99,0.00214
2025-09-20 08:41:45+03:00,115640.0,115640.0,115640.0,115640.0,0.00047
2025-09-20 08:41:46+03:00,115640.0,115640.0,115640.0,115640.0,8e-05
2025-09-20 08:41:47+03:00,115639.99,115640.0,115639.99,115639.99,0.11496
2025-09-20 08:41:48+03:00,115639.99,115639.99,115639.99,115639.99,0.0
2025-09-20 08:41:49+03:00,115640.0,115640.0,115640.0,115640.0,0.00187
2025-09-20 08:41:50+03:00,115640.0,115640.0,115640.0,115640.0,0.0
2025-09-20 08:41:51+03:00,115639.99,115640.0,115639.99,115640.0,0.03364
2025-09-20 08:41:52+03:00,115639.99,115639.99,115639.99,115639.99,0.00274
2025-09-20 08:41:53+03:00,115639.99,115639.99,115639.99,115639.99,0.01
2025-09-20 08:41:54+03:00,115639.99,115640.0,115639.99,115640.0,0.02216
2025-09-20 08:41:55+03:00,115640.0,115640.0,115639.99,115639.99,0.14547
2025-09-20 08:41:56+03:00,115640.0,115640.0,115639.99,115640.0,0.00914
2025-09-20 08:41:57+03:00,115639.99,115639.99,115639.99,115639.99,0.00085
2025-09-20 08:41:58+03:00,115640.0,115640.0,115640.0,115640.0,0.0002
2025-09-20 08:41:59+03:00,115640.0,115640.0,115640.0,115640.0,0.0
2025-09-20 08:42:00+03:00,115639.99,115640.0,115639.99,115640.0,0.00092
2025-09-20 08:42:01+03:00,115640.0,115640.0,115640.0,115640.0,0.00221
2025-09-20 08:42:02+03:00,115640.0,115640.0,115640.0,115640.0,0.0
2025-09-20 08:42:03+03:00,115639.99,115640.0,115639.99,115640.0,0.00061
2025-09-20 08:42:04+03:00,115640.0,115640.0,115640.0,115640.0,0.0
2025-09-20 08:42:05+03:00,115640.0,115640.0,115639.99,115639.99,0.00915
2025-09-20 08:42:06+03:00,115639.99,115639.99,115639.99,115639.99,6e-05
2025-09-20 08:42:07+03:00,115639.99,115639.99,115639.99,115639.99,0.0
2025-09-20 08:42:08+03:00,115639.99,115639.99,115639.99,115639.99,0.00801
2025-09-20 08:42:09+03:00,115639.99,115640.0,115639.99,115639.99,0.00606
2025-09-20 08:42:10+03:00,115639.99,115639.99,115639.99,115639.99,0.00012
2025-09-20 08:42:11+03:00,115639.99,115639.99,115639.99,115639.99,0.0
2025-09-20 08:42:12+03:00,115639.99,115639.99,115639.99,115639.99,0.01222
2025-09-20 08:42:13+03:00,115640.0,115640.0,115639.99,115639.99,0.0027
2025-09-20 08:42:14+03:00,115639.99,115640.0,115639.99,115639.99,0.00338
2025-09-20 08:42:15+03:00,115639.99,115640.0,115639.99,115640.0,0.00451
2025-09-20 08:42:16+03:00,115639.99,115640.0,115639.99,115640.0,0.00689
2025-09-20 08:42:17+03:00,115639.99,115639.99,115639.99,115639.99,0.00345
2025-09-20 08:42:18+03:00,115639.99,115639.99,115639.99,115639.99,0.00275
2025-09-20 08:42:19+03:00,115639.99,115639.99,115639.99,115639.99,0.0
2025-09-20 08:42:20+03:00,115639.99,115640.0,115639.99,115639.99,0.00384
2025-09-20 08:42:21+03:00,115639.99,115640.0,115639.99,115639.99,0.11798
2025-09-20 08:42:22+03:00,115640.0,115640.0,115639.99,115640.0,0.00086
2025-09-20 08:42:23+03:00,115639.99,115640.0,115639.99,115639.99,0.00978
2025-09-20 08:42:24+03:00,115640.0,115640.0,115640.0,115640.0,0.00038
2025-09-20 08:42:25+03:00,115639.99,115639.99,115639.99,115639.99,0.00012
2025-09-20 08:42:26+03:00,115640.0,115640.0,115640.0,115640.0,0.00025
2025-09-20 08:42:27+03:00,115639.99,115640.0,115639.99,115640.0,0.02431
2025-09-20 08:42:28+03:00,115639.99,115639.99,115639.99,115639.99,0.00172
2025-09-20 08:42:29+03:00,115640.0,115640.0,115639.99,115639.99,0.00471
2025-09-20 08:42:30+03:00,115639.99,115640.0,115639.99,115640.0,0.05839
2025-09-20 08:42:31+03:00,115639.99,115640.0,115639.99,115639.99,0.08556
2025-09-20 08:42:32+03:00,115640.0,115640.0,115640.0,115640.0,0.00159
2025-09-20 08:42:33+03:00,115639.99,115640.0,115639.99,115639.99,1.00764
2025-09-20 08:42:34+03:00,115639.99,115639.99,115639.99,115639.99,0.00011
2025-09-20 08:42:35+03:00,115640.0,115640.0,115639.99,115640.0,0.00239
2025-09-20 08:42:36+03:00,115639.99,115639.99,115639.99,115639.99,0.01773
2025-09-20 08:42:37+03:00,115639.99,115639.99,115639.99,115639.99,0.0092
2025-09-20 08:42:38+03:00,115639.99,115640.0,115639.99,115640.0,0.00234
2025-09-20 08:42:39+03:00,115640.0,115640.0,115640.0,115640.0,0.00353
2025-09-20 08:42:40+03:00,115639.99,115640.0,115639.99,115640.0,0.00039
2025-09-20 08:42:41+03:00,115640.0,115640.0,115640.0,115640.0,0.0
2025-09-20 08:42:42+03:00,115640.0,115640.0,115640.0,115640.0,0.0
2025-09-20 08:42:43+03:00,115640.0,115640.0,115640.0,115640.0,0.0004
2025-09-20 08:42:44+03:00,115639.99,115640.0,115639.99,115640.0,0.00369
2025-09-20 08:42:45+03:00,115640.0,115640.0,115640.0,115640.0,0.00089
2025-09-20 08:42:46+03:00,115640.0,115640.0,115640.0,115640.0,0.0001
2025-09-20 08:42:47+03:00,115640.0,115640.0,115639.99,115640.0,0.00882
2025-09-20 08:42:48+03:00,115639.99,115640.0,115639.99,115640.0,0.00408
2025-09-20 08:42:49+03:00,115640.0,115640.0,115639.99,115639.99,0.00286
2025-09-20 08:42:50+03:00,115639.99,115639.99,115639.99,115639.99,0.02082
2025-09-20 08:42:51+03:00,115639.99,115640.0,115639.99,115639.99,0.03418
2025-09-20 08:42:52+03:00,115639.99,115640.0,115639.99,115640.0,0.00087
2025-09-20 08:42:53+03:00,115640.0,115640.0,115640.0,115640.0,0.0
2025-09-20 08:42:54+03:00,115639.99,115640.0,115639.99,115639.99,0.00385
2025-09-20 08:42:55+03:00,115640.0,115640.0,115640.0,115640.0,0.01545
2025-09-20 08:42:56+03:00,115640.0,115640.0,115639.99,115639.99,0.00516
2025-09-20 08:42:57+03:00,115639.99,115640.0,115639.99,115640.0,0.00998
2025-09-20 08:42:58+03:00,115640.0,115640.0,115640.0,115640.0,0.00044
2025-09-20 08:42:59+03:00,115640.0,115640.0,115640.0,115640.0,0.0
2025-09-20 08:43:00+03:00,115639.99,115640.0,115639.99,115640.0,0.05862
2025-09-20 08:43:01+03:00,115640.0,115640.0,115639.99,115639.99,0.00121
2025-09-20 08:43:02+03:00,115640.0,115640.0,115640.0,115640.0,0.00054
2025-09-20 08:43:03+03:00,115639.99,115639.99,115639.99,115639.99,0.00034
2025-09-20 08:43:04+03:00,115640.0,115640.0,115640.0,115640.0,0.00025
2025-09-20 08:43:05+03:00,115639.99,115640.0,115639.99,115639.99,0.02121
2025-09-20 08:43:06+03:00,115639.99,115639.99,115639.99,115639.99,6e-05
2025-09-20 08:43:07+03:00,115640.0,115640.0,115639.99,115639.99,0.00042
2025-09-20 08:43:08+03:00,115639.99,115639.99,115639.99,115639.99,7e-05
2025-09-20 08:43:09+03:00,115640.0,115640.0,115640.0,115640.0,0.00032
2025-09-20 08:43:10+03:00,115640.0,115640.0,115639.99,115640.0,0.06077
2025-09-20 08:43:11+03:00,115640.0,115640.0,115639.99,115639.99,0.00053
2025-09-20 08:43:12+03:00,115639.99,115639.99,115639.99,115639.99,0.00067
2025-09-20 08:43:13+03:00,115640.0,115640.0,115639.99,115639.99,0.0016
2025-09-20 08:43:14+03:00,115639.99,115639.99,115639.99,115639.99,7e-05
2025-09-20 08:43:15+03:00,115639.99,115639.99,115639.99,115639.99,0.0008
2025-09-20 08:43:16+03:00,115639.99,115639.99,115639.99,115639.99,4e-05
2025-09-20 08:43:17+03:00,115639.99,115639.99,115639.99,115639.99,0.00047
2025-09-20 08:43:18+03:00,115640.0,115640.0,115639.99,115640.0,0.0216
2025-09-20 08:43:19+03:00,115640.0,115640.0,115640.0,115640.0,0.0
2025-09-20 08:43:20+03:00,115639.99,115639.99,115639.99,115639.99,0.05827
2025-09-20 08:43:21+03:00,115639.99,115639.99,115639.99,115639.99,0.00017
2025-09-20 08:43:22+03:00,115639.99,115640.0,115639.99,115639.99,0.00307
2025-09-20 08:43:23+03:00,115639.99,115639.99,115639.99,115639.99,0.00057
2025-09-20 08:43:24+03:00,115639.99,115639.99,115639.99,115639.99,0.00024
2025-09-20 08:43:25+03:00,115639.99,115639.99,115639.99,115639.99,7e-05
2025-09-20 08:43:26+03:00,115640.0,115640.0,115640.0,115640.0,0.00212
2025-09-20 08:43:27+03:00,115640.0,115640.0,115640.0,115640.0,0.0
2025-09-20 08:43:28+03:00,115639.99,115639.99,115639.99,115639.99,0.01146
2025-09-20 08:43:29+03:00,115639.99,115639.99,115639.99,115639.99,0.0016
2025-09-20 08:43:30+03:00,115640.0,115640.0,115640.0,115640.0,4e-05
2025-09-20 08:43:31+03:00,115639.99,115639.99,115639.99,115639.99,0.03021
2025-09-20 08:43:32+03:00,115639.99,115639.99,115639.99,115639.99,0.00263
2025-09-20 08:43:33+03:00,115639.99,115640.0,115639.99,115640.0,0.00072
2025-09-20 08:43:34+03:00,115639.99,115639.99,115639.99,115639.99,0.01376
2025-09-20 08:43:35+03:00,115639.99,115640.0,115639.99,115640.0,0.03256
2025-09-20 08:43:36+03:00,115640.0,115640.0,115639.99,115639.99,0.00024
2025-09-20 08:43:37+03:00,115640.0,115640.0,115640.0,115640.0,0.00346
2025-09-20 08:43:38+03:00,115640.0,115640.0,115640.0,115640.0,0.10994
2025-09-20 08:43:39+03:00,115639.99,115639.99,115639.99,115639.99,0.0009
2025-09-20 08:43:40+03:00,115640.0,115640.0,115640.0,115640.0,9e-05
2025-09-20 08:43:41+03:00,115640.0,115640.0,115640.0,115640.0,0.04905
2025-09-20 08:43:42+03:00,115640.0,115640.0,115640.0,115640.0,0.00134
2025-09-20 08:43:43+03:00,115640.0,115640.0,115639.99,115639.99,0.00031
2025-09-20 08:43:44+03:00,115640.0,115640.0,115639.99,115639.99,0.01995
2025-09-20 08:43:45+03:00,115640.0,115640.0,115640.0,115640.0,0.00098
2025-09-20 08:43:46+03:00,115640.0,115640.0,115640.0,115640.0,0.0
2025-09-20 08:43:47+03:00,115640.0,115640.0,115640.0,115640.0,0.0
2025-09-20 08:43:48+03:00,115640.0,115640.0,115640.0,115640.0,0.0
2025-09-20 08:43:49+03:00,115640.0,115640.0,115639.99,115640.0,0.00503
2025-09-20 08:43:50+03:00,115640.0,115640.0,115640.0,115640.0,0.00042
2025-09-20 08:43:51+03:00,115640.0,115640.0,115640.0,115640.0,0.03163
2025-09-20 08:43:52+03:00,115640.0,115640.0,115640.0,115640.0,0.20001
2025-09-20 08:43:53+03:00,115639.99,115640.0,115639.99,115639.99,0.00321
2025-09-20 08:43:54+03:00,115640.0,115640.0,115640.0,115640.0,0.01613
2025-09-20 08:43:55+03:00,115640.0,115640.0,115640.0,115640.0,0.0
2025-09-20 08:43:56+03:00,115640.0,115640.0,115640.0,115640.0,0.00025
2025-09-20 08:43:57+03:00,115639.99,115640.0,115639.99,115640.0,0.05353
2025-09-20 08:43:58+03:00,115639.99,115639.99,115639.99,115639.99,0.0001
2025-09-20 08:43:59+03:00,115639.99,115640.0,115639.99,115640.0,0.00206
2025-09-20 08:44:00+03:00,115640.0,115640.0,115640.0,115640.0,0.00138
2025-09-20 08:44:01+03:00,115640.0,115640.0,115640.0,115640.0,0.00012
2025-09-20 08:44:02+03:00,115640.0,115640.0,115640.0,115640.0,0.0
2025-09-20 08:44:03+03:00,115640.0,115640.0,115639.99,115639.99,0.07591
2025-09-20 08:44:04+03:00,115639.99,115640.0,115639.99,115640.0,0.00134
2025-09-20 08:44:05+03:00,115640.0,115640.0,115640.0,115640.0,0.0
2025-09-20 08:44:06+03:00,115640.0,115640.0,115639.99,115639.99,0.00105
2025-09-20 08:44:07+03:00,115639.99,115639.99,115639.99,115639.99,0.0
2025-09-20 08:44:08+03:00,115640.0,115640.0,115640.0,115640.0,0.00081
2025-09-20 08:44:09+03:00,115640.0,115640.0,115639.99,115639.99,0.00266
2025-09-20 08:44:10+03:00,115639.99,115639.99,115639.99,115639.99,0.0
2025-09-20 08:44:11+03:00,115640.0,115640.0,115640.0,115640.0,4.20513
2025-09-20 08:44:12+03:00,115640.0,115640.0,115639.99,115639.99,0.64957
2025-09-20 08:44:13+03:00,115640.0,115640.0,115640.0,115640.0,0.00326
2025-09-20 08:44:14+03:00,115640.0,115640.0,115639.99,115639.99,0.00109
2025-09-20 08:44:15+03:00,115639.99,115640.0,115639.99,115640.0,0.00224
2025-09-20 08:44:16+03:00,115639.99,115640.0,115639.99,115640.0,0.00891
2025-09-20 08:44:17+03:00,115640.0,115640.0,115640.0,115640.0,0.00037
2025-09-20 08:44:18+03:00,115640.0,115640.0,115640.0,115640.0,9e-05
2025-09-20 08:44:19+03:00,115639.99,115640.0,115639.99,115640.0,0.03233
2025-09-20 08:44:20+03:00,115640.0,115640.0,115640.0,115640.0,0.00475
2025-09-20 08:44:21+03:00,115640.0,115640.0,115639.99,115639.99,0.00044
2025-09-20 08:44:22+03:00,115640.0,115640.0,115639.99,115640.0,0.002
2025-09-20 08:44:23+03:00,115639.99,115639.99,115639.99,115639.99,0.00103
2025-09-20 08:44:24+03:00,115639.99,115639.99,115639.99,115639.99,0.0
2025-09-20 08:44:25+03:00,115640.0,115640.0,115640.0,115640.0,0.04323
2025-09-20 08:44:26+03:00,115640.0,115640.0,115640.0,115640.0,9e-05
2025-09-20 08:44:27+03:00,115640.0,115640.0,115640.0,115640.0,0.0
2025-09-20 08:44:28+03:00,115640.0,115640.0,115640.0,115640.0,0.00042
2025-09-20 08:44:29+03:00,115639.99,115639.99,115639.99,115639.99,0.00014
2025-09-20 08:44:30+03:00,115640.0,115640.0,115640.0,115640.0,0.00139
2025-09-20 08:44:31+03:00,115640.0,115640.0,115640.0,115640.0,0.00023
2025-09-20 08:44:32+03:00,115639.99,115639.99,115639.99,115639.99,0.00021
2025-09-20 08:44:33+03:00,115639.99,115640.0,115639.99,115640.0,0.00368
2025-09-20 08:44:34+03:00,115640.0,115640.0,115639.99,115639.99,0.00156
2025-09-20 08:44:35+03:00,115639.99,115639.99,115639.99,115639.99,0.0
2025-09-20 08:44:36+03:00,115640.0,115640.0,115640.0,115640.0,0.00033
2025-09-20 08:44:37+03:00,115640.0,115640.0,115640.0,115640.0,5e-05
2025-09-20 08:44:38+03:00,115640.0,115640.0,115640.0,115640.0,0.00118
2025-09-20 08:44:39+03:00,115640.0,115640.0,115640.0,115640.0,0.0
2025-09-20 08:44:40+03:00,115639.99,115640.0,115639.99,115640.0,0.01498
2025-09-20 08:44:41+03:00,115639.99,115639.99,115639.99,115639.99,0.00253
2025-09-20 08:44:42+03:00,115640.0,115640.0,115640.0,115640.0,0.00033
2025-09-20 08:44:43+03:00,115640.0,115640.0,115640.0,115640.0,0.00026
2025-09-20 08:44:44+03:00,115639.99,115639.99,115639.99,115639.99,0.00063
2025-09-20 08:44:45+03:00,115640.0,115640.0,115639.99,115640.0,0.00324
2025-09-20 08:44:46+03:00,115640.0,115640.0,115640.0,115640.0,5e-05
2025-09-20 08:44:47+03:00,115640.0,115640.0,115640.0,115640.0,0.00035
2025-09-20 08:44:48+03:00,115640.0,115640.0,115640.0,115640.0,0.00058
2025-09-20 08:44:49+03:00,115640.0,115640.0,115640.0,115640.0,0.00066
2025-09-20 08:44:50+03:00,115639.99,115639.99,115639.99,115639.99,0.00027
2025-09-20 08:44:51+03:00,115640.0,115640.0,115640.0,115640.0,0.03159
2025-09-20 08:44:52+03:00,115639.99,115639.99,115639.99,115639.99,0.01535
2025-09-20 08:44:53+03:00,115640.0,115640.0,115640.0,115640.0,0.00027
2025-09-20 08:44:54+03:00,115639.99,115639.99,115639.99,115639.99,0.00087
2025-09-20 08:44:55+03:00,115639.99,115640.0,115639.99,115640.0,0.0002
2025-09-20 08:44:56+03:00,115639.99,115639.99,115639.99,115639.99,0.00015
2025-09-20 08:44:57+03:00,115639.99,115639.99,115639.99,115639.99,6e-05
2025-09-20 08:44:58+03:00,115640.0,115640.0,115640.0,115640.0,0.0011
2025-09-20 08:44:59+03:00,115639.99,115639.99,115639.99,115639.99,0.0035
2025-09-20 08:45:00+03:00,115639.99,115640.0,115639.99,115639.99,0.00197
2025-09-20 08:45:01+03:00,115639.99,115640.0,115639.99,115640.0,0.01569
2025-09-20 08:45:02+03:00,115640.0,115640.0,115640.0,115640.0,0.01298
2025-09-20 08:45:03+03:00,115639.99,115639.99,115639.99,115639.99,0.00012
2025-09-20 08:45:04+03:00,115639.99,115640.0,115639.99,115640.0,0.00079
2025-09-20 08:45:05+03:00,115639.99,115639.99,115639.99,115639.99,0.01
2025-09-20 08:45:06+03:00,115639.99,115640.0,115639.99,115640.0,0.01642
2025-09-20 08:45:07+03:00,115639.99,115639.99,115639.99,115639.99,0.00825
2025-09-20 08:45:08+03:00,115639.99,115639.99,115639.99,115639.99,7e-05
2025-09-20 08:45:09+03:00,115639.99,115639.99,115639.99,115639.99,0.00114
2025-09-20 08:45:10+03:00,115640.0,115640.0,115640.0,115640.0,8e-05
2025-09-20 08:45:11+03:00,115640.0,115640.0,115639.99,115639.99,0.00081
2025-09-20 08:45:12+03:00,115639.99,115639.99,115639.99,115639.99,0.00661
2025-09-20 08:45:13+03:00,115639.99,115639.99,115639.99,115639.99,0.0
2025-09-20 08:45:14+03:00,115639.99,115639.99,115639.99,115639.99,0.00013
2025-09-20 08:45:15+03:00,115640.0,115640.0,115639.99,115640.0,0.04432
2025-09-20 08:45:16+03:00,115640.0,115640.0,115640.0,115640.0,0.0
2025-09-20 08:45:17+03:00,115640.0,115640.0,115639.99,115640.0,0.00092
2025-09-20 08:45:18+03:00,115640.0,115640.0,115640.0,115640.0,0.0
2025-09-20 08:45:19+03:00,115640.0,115640.0,115640.0,115640.0,0.00055
2025-09-20 08:45:20+03:00,115639.99,115639.99,115639.99,115639.99,0.00028
2025-09-20 08:45:21+03:00,115640.0,115640.0,115640.0,115640.0,0.00031
2025-09-20 08:45:22+03:00,115640.0,115640.0,115639.99,115639.99,0.00111
2025-09-20 08:45:23+03:00,115639.99,115639.99,115639.99,115639.99,0.0
2025-09-20 08:45:24+03:00,115639.99,115640.0,115639.99,115640.0,0.0011
2025-09-20 08:45:25+03:00,115639.99,115640.0,115639.99,115640.0,0.00207
2025-09-20 08:45:26+03:00,115640.0,115640.0,115640.0,115640.0,0.0
2025-09-20 08:45:27+03:00,115640.0,115640.0,115640.0,115640.0,0.00188
2025-09-20 08:45:28+03:00,115639.99,115640.0,115639.99,115640.0,0.00023
2025-09-20 08:45:29+03:00,115640.0,115640.0,115640.0,115640.0,0.00013
2025-09-20 08:45:30+03:00,115640.0,115640.0,115640.0,115640.0,0.0
2025-09-20 08:45:31+03:00,115640.0,115640.0,115639.99,115639.99,0.00207
2025-09-20 08:45:32+03:00,115640.0,115640.0,115639.99,115639.99,0.00438
2025-09-20 08:45:33+03:00,115640.0,115640.0,115640.0,115640.0,0.00032
2025-09-20 08:45:34+03:00,115640.0,115640.0,115639.99,115639.99,0.00934
2025-09-20 08:45:35+03:00,115639.99,115639.99,115639.99,115639.99,0.0
2025-09-20 08:45:36+03:00,115640.0,115640.0,115639.99,115639.99,0.06504
2025-09-20 08:45:37+03:00,115639.99,115639.99,115639.99,115639.99,0.0
2025-09-20 08:45:38+03:00,115640.0,115640.0,115640.0,115640.0,0.00053
2025-09-20 08:45:39+03:00,115640.0,115640.0,115639.99,115640.0,0.00168
2025-09-20 08:45:40+03:00,115640.0,115640.0,115640.0,115640.0,6e-05
2025-09-20 08:45:41+03:00,115640.0,115640.0,115640.0,115640.0,0.00432
2025-09-20 08:45:42+03:00,115640.0,115640.0,115640.0,115640.0,0.00017
2025-09-20 08:45:43+03:00,115639.99,115639.99,115639.99,115639.99,0.01304
2025-09-20 08:45:44+03:00,115639.99,115640.0,115639.99,115640.0,0.00171
2025-09-20 08:45:45+03:00,115640.0,115640.0,115639.99,115640.0,0.00442
2025-09-20 08:45:46+03:00,115640.0,115640.0,115640.0,115640.0,0.00028
2025-09-20 08:45:47+03:00,115640.0,115640.0,115640.0,115640.0,0.0
2025-09-20 08:45:48+03:00,115640.0,115640.0,115640.0,115640.0,0.00017
2025-09-20 08:45:49+03:00,115639.99,115639.99,115639.99,115639.99,0.00113
2025-09-20 08:45:50+03:00,115640.0,115640.0,115640.0,115640.0,0.00038
2025-09-20 08:45:51+03:00,115640.0,115640.0,115639.99,115639.99,0.09348
2025-09-20 08:45:52+03:00,115639.99,115640.0,115639.99,115640.0,0.00044
2025-09-20 08:45:53+03:00,115639.99,115639.99,115639.99,115639.99,6e-05
2025-09-20 08:45:54+03:00,115639.99,115639.99,115639.99,115639.99,0.0
2025-09-20 08:45:55+03:00,115640.0,115640.0,115640.0,115640.0,0.00039
2025-09-20 08:45:56+03:00,115640.0,115640.0,115640.0,115640.0,0.00029
2025-09-20 08:45:57+03:00,115640.0,115640.0,115639.99,115639.99,0.00068
2025-09-20 08:45:58+03:00,115639.99,115639.99,115639.99,115639.99,0.00037
2025-09-20 08:45:59+03:00,115639.99,115639.99,115639.99,115639.99,8e-05
2025-09-20 08:46:00+03:00,115639.99,115639.99,115639.99,115639.99,0.0
2025-09-20 08:46:01+03:00,115640.0,115640.0,115640.0,115640.0,0.00218
2025-09-20 08:46:02+03:00,115640.0,115640.0,115639.99,115639.99,0.00368
2025-09-20 08:46:03+03:00,115639.99,115640.0,115639.99,115639.99,0.00042
2025-09-20 08:46:04+03:00,115640.0,115640.0,115640.0,115640.0,0.00392
2025-09-20 08:46:05+03:00,115640.0,115640.0,115640.0,115640.0,0.0
2025-09-20 08:46:06+03:00,115640.0,115640.0,115640.0,115640.0,0.0
2025-09-20 08:46:07+03:00,115640.0,115640.0,115640.0,115640.0,0.00028
2025-09-20 08:46:08+03:00,115639.99,115640.0,115639.99,115639.99,0.01631
2025-09-20 08:46:09+03:00,115639.99,115640.0,115639.99,115639.99,0.00161
2025-09-20 08:46:10+03:00,115640.0,115640.0,115639.99,115639.99,0.00098
2025-09-20 08:46:11+03:00,115640.0,115640.0,115639.99,115639.99,0.00491
2025-09-20 08:46:12+03:00,115639.99,115639.99,115639.99,115639.99,0.0079
2025-09-20 08:46:13+03:00,115640.0,115640.0,115639.99,115639.99,0.0103
2025-09-20 08:46:14+03:00,115640.0,115640.0,115640.0,115640.0,0.00014
2025-09-20 08:46:15+03:00,115639.99,115639.99,115639.99,115639.99,0.00055
2025-09-20 08:46:16+03:00,115639.99,115640.0,115639.99,115640.0,0.00055
2025-09-20 08:46:17+03:00,115639.99,115639.99,115639.99,115639.99,0.00016
2025-09-20 08:46:18+03:00,115640.0,115640.0,115639.99,115640.0,0.00403
2025-09-20 08:46:19+03:00,115639.99,115640.0,115639.99,115640.0,0.02563
2025-09-20 08:46:20+03:00,115639.99,115640.0,115639.99,115640.0,0.37747
2025-09-20 08:46:21+03:00,115640.0,115640.0,115640.0,115640.0,0.0106
2025-09-20 08:46:22+03:00,115640.0,115640.0,115639.99,115639.99,0.16535
2025-09-20 08:46:23+03:00,115640.0,115640.0,115639.99,115639.99,0.00194
2025-09-20 08:46:24+03:00,115640.0,115640.0,115640.0,115640.0,0.00284
2025-09-20 08:46:25+03:00,115639.99,115640.0,115639.99,115639.99,0.00143
2025-09-20 08:46:26+03:00,115639.99,115640.0,115639.99,115640.0,0.00083
2025-09-20 08:46:27+03:00,115640.0,115640.0,115640.0,115640.0,0.00099
2025-09-20 08:46:28+03:00,115640.0,115640.0,115640.0,115640.0,0.00107
2025-09-20 08:46:29+03:00,115640.0,115640.0,115639.99,115639.99,0.0034
2025-09-20 08:46:30+03:00,115639.99,115640.0,115639.99,115640.0,0.00283
2025-09-20 08:46:31+03:00,115639.99,115640.0,115639.99,115639.99,0.00509
2025-09-20 08:46:32+03:00,115640.0,115640.0,115639.99,115639.99,0.00229
2025-09-20 08:46:33+03:00,115639.99,115639.99,115639.99,115639.99,0.0
2025-09-20 08:46:34+03:00,115640.0,115640.0,115640.0,115640.0,0.00033
2025-09-20 08:46:35+03:00,115640.0,115640.0,115639.99,115640.0,0.00182
2025-09-20 08:46:36+03:00,115640.0,115640.0,115640.0,115640.0,0.0
2025-09-20 08:46:37+03:00,115639.99,115640.0,115639.99,115640.0,0.00139
2025-09-20 08:46:38+03:00,115640.0,115640.0,115640.0,115640.0,0.00127
2025-09-20 08:46:39+03:00,115640.0,115640.0,115640.0,115640.0,0.00028
2025-09-20 08:46:40+03:00,115639.99,115640.0,115639.99,115640.0,0.00181
2025-09-20 08:46:41+03:00,115639.99,115639.99,115639.99,115639.99,0.01756
2025-09-20 08:46:42+03:00,115639.99,115640.0,115639.99,115640.0,0.0393
2025-09-20 08:46:43+03:00,115640.0,115640.0,115640.0,115640.0,0.0
2025-09-20 08:46:44+03:00,115639.99,115640.0,115639.99,115640.0,0.0176
2025-09-20 08:46:45+03:00,115640.0,115640.0,115640.0,115640.0,0.00193
2025-09-20 08:46:46+03:00,115639.99,115639.99,115639.99,115639.99,0.0007
2025-09-20 08:46:47+03:00,115639.99,115639.99,115639.99,115639.99,0.0
2025-09-20 08:46:48+03:00,115639.99,115640.0,115639.99,115640.0,0.00762
2025-09-20 08:46:49+03:00,115640.0,115640.0,115640.0,115640.0,0.00021
2025-09-20 08:46:50+03:00,115640.0,115640.0,115639.99,115640.0,0.0032
2025-09-20 08:46:51+03:00,115639.99,115640.0,115639.99,115640.0,0.04216
2025-09-20 08:46:52+03:00,115639.99,115639.99,115639.99,115639.99,0.0001
2025-09-20 08:46:53+03:00,115640.0,115640.0,115640.0,115640.0,0.00067
2025-09-20 08:46:54+03:00,115639.99,115640.0,115639.99,115640.0,0.01062
2025-09-20 08:46:55+03:00,115639.99,115640.0,115639.99,115640.0,0.00353
2025-09-20 08:46:56+03:00,115640.0,115640.0,115639.99,115639.99,0.0016
2025-09-20 08:46:57+03:00,115639.99,115639.99,115639.99,115639.99,0.0008
2025-09-20 08:46:58+03:00,115640.0,115640.0,115640.0,115640.0,0.00104
2025-09-20 08:46:59+03:00,115640.0,115640.0,115640.0,115640.0,0.00102
2025-09-20 08:47:00+03:00,115639.99,115639.99,115639.99,115639.99,0.00037
2025-09-20 08:47:01+03:00,115640.0,115640.0,115640.0,115640.0,0.00141
2025-09-20 08:47:02+03:00,115640.0,115640.0,115640.0,115640.0,0.00504
2025-09-20 08:47:03+03:00,115639.99,115639.99,115639.99,115639.99,0.00042
2025-09-20 08:47:04+03:00,115639.99,115640.0,115639.99,115640.0,0.00075
2025-09-20 08:47:05+03:00,115640.0,115640.0,115639.99,115639.99,0.02614
2025-09-20 08:47:06+03:00,115640.0,115640.0,115639.99,115639.99,0.00374
2025-09-20 08:47:07+03:00,115640.0,115640.0,115640.0,115640.0,0.00421
2025-09-20 08:47:08+03:00,115640.0,115640.0,115640.0,115640.0,0.0001
2025-09-20 08:47:09+03:00,115639.99,115639.99,115639.99,115639.99,0.00119
2025-09-20 08:47:10+03:00,115640.0,115640.0,115640.0,115640.0,0.00066
2025-09-20 08:47:11+03:00,115640.0,115640.0,115640.0,115640.0,0.00402
2025-09-20 08:47:12+03:00,115640.0,115660.0,115639.99,115660.0,5.92833
2025-09-20 08:47:13+03:00,115660.0,115660.0,115659.99,115659.99,0.00285
2025-09-20 08:47:14+03:00,115659.99,115660.0,115659.99,115659.99,0.00435
2025-09-20 08:47:15+03:00,115660.0,115660.0,115660.0,115660.0,0.00087
2025-09-20 08:47:16+03:00,115660.0,115660.0,115660.0,115660.0,0.00018
2025-09-20 08:47:17+03:00,115660.0,115660.0,115660.0,115660.0,0.00125
2025-09-20 08:47:18+03:00,115659.99,115659.99,115659.99,115659.99,0.01015
2025-09-20 08:47:19+03:00,115660.0,115660.0,115660.0,115660.0,0.00023
2025-09-20 08:47:20+03:00,115659.99,115660.0,115659.99,115660.0,0.00376
2025-09-20 08:47:21+03:00,115660.0,115660.0,115660.0,115660.0,0.00131
2025-09-20 08:47:22+03:00,115659.99,115660.0,115659.99,115659.99,0.0032
2025-09-20 08:47:23+03:00,115660.0,115660.0,115659.99,115659.99,0.00098
2025-09-20 08:47:24+03:00,115660.0,115660.0,115660.0,115660.0,0.0002
2025-09-20 08:47:25+03:00,115659.99,115659.99,115659.99,115659.99,0.00033
2025-09-20 08:47:26+03:00,115660.0,115660.0,115660.0,115660.0,0.00072
2025-09-20 08:47:27+03:00,115660.0,115660.0,115660.0,115660.0,0.0014
2025-09-20 08:47:28+03:00,115660.0,115660.0,115659.99,115659.99,0.09233
2025-09-20 08:47:29+03:00,115660.0,115660.0,115660.0,115660.0,0.00559
2025-09-20 08:47:30+03:00,115659.99,115660.0,115659.99,115659.99,0.00167
2025-09-20 08:47:31+03:00,115660.0,115660.0,115660.0,115660.0,0.00648
2025-09-20 08:47:32+03:00,115660.0,115660.0,115660.0,115660.0,0.00019
2025-09-20 08:47:33+03:00,115660.0,115660.0,115659.99,115659.99,0.00296
2025-09-20 08:47:34+03:00,115660.0,115660.0,115659.99,115659.99,0.00022
2025-09-20 08:47:35+03:00,115660.0,115660.0,115659.99,115660.0,0.00161
2025-09-20 08:47:36+03:00,115660.0,115660.0,115660.0,115660.0,0.0
2025-09-20 08:47:37+03:00,115660.0,115660.0,115660.0,115660.0,0.00159
2025-09-20 08:47:38+03:00,115659.99,115659.99,115659.99,115659.99,0.00058
2025-09-20 08:47:39+03:00,115659.99,115659.99,115659.99,115659.99,0.0
2025-09-20 08:47:40+03:00,115659.99,115660.0,115659.99,115660.0,0.0004
2025-09-20 08:47:41+03:00,115660.0,115660.0,115660.0,115660.0,0.0005
2025-09-20 08:47:42+03:00,115660.0,115660.0,115659.99,115660.0,0.00213
2025-09-20 08:47:43+03:00,115660.0,115660.0,115659.99,115659.99,0.00068
2025-09-20 08:47:44+03:00,115659.99,115660.0,115659.99,115660.0,0.00954
2025-09-20 08:47:45+03:00,115659.99,115660.0,115659.99,115660.0,0.00489
2025-09-20 08:47:46+03:00,115660.0,115660.0,115660.0,115660.0,0.00321
2025-09-20 08:47:47+03:00,115660.0,115660.0,115660.0,115660.0,0.00024
2025-09-20 08:47:48+03:00,115660.0,115660.0,115660.0,115660.0,7e-05
2025-09-20 08:47:49+03:00,115660.0,115660.0,115660.0,115660.0,0.00072
2025-09-20 08:47:50+03:00,115660.0,115660.0,115659.99,115659.99,0.00735
2025-09-20 08:47:51+03:00,115660.0,115660.0,115660.0,115660.0,0.03955
2025-09-20 08:47:52+03:00,115660.0,115660.0,115659.99,115659.99,0.00079
2025-09-20 08:47:53+03:00,115659.99,115660.0,115659.99,115660.0,0.00298
2025-09-20 08:47:54+03:00,115660.0,115660.0,115660.0,115660.0,0.00244
2025-09-20 08:47:55+03:00,115659.99,115659.99,115659.99,115659.99,0.05371
2025-09-20 08:47:56+03:00,115659.99,115659.99,115659.99,115659.99,8e-05
2025-09-20 08:47:57+03:00,115659.99,115659.99,115659.99,115659.99,0.00046
2025-09-20 08:47:58+03:00,115660.0,115660.0,115659.99,115659.99,0.00203
2025-09-20 08:47:59+03:00,115659.99,115659.99,115659.99,115659.99,0.04536
2025-09-20 08:48:00+03:00,115659.99,115660.0,115659.99,115659.99,0.0047
2025-09-20 08:48:01+03:00,115659.99,115659.99,115659.99,115659.99,8e-05
2025-09-20 08:48:02+03:00,115659.99,115659.99,115659.99,115659.99,0.0
2025-09-20 08:48:03+03:00,115660.0,115660.0,115659.99,115659.99,0.00406
2025-09-20 08:48:04+03:00,115660.0,115660.0,115660.0,115660.0,0.00377
2025-09-20 08:48:05+03:00,115660.0,115660.0,115660.0,115660.0,0.00633
2025-09-20 08:48:06+03:00,115660.0,115660.0,115660.0,115660.0,0.00024
2025-09-20 08:48:07+03:00,115660.0,115660.0,115660.0,115660.0,0.00125
2025-09-20 08:48:08+03:00,115660.0,115660.0,115660.0,115660.0,0.00734
2025-09-20 08:48:09+03:00,115660.0,115660.0,115660.0,115660.0,0.05516
2025-09-20 08:48:10+03:00,115660.0,115660.0,115660.0,115660.0,0.00186
2025-09-20 08:48:11+03:00,115660.0,115660.0,115660.0,115660.0,0.00045
2025-09-20 08:48:12+03:00,115660.0,115660.0,115660.0,115660.0,0.27398
2025-09-20 08:48:13+03:00,115660.0,115660.0,115660.0,115660.0,0.00056
2025-09-20 08:48:14+03:00,115659.99,115660.0,115659.99,115660.0,0.00216
2025-09-20 08:48:15+03:00,115660.0,115660.0,115659.99,115659.99,0.00291
2025-09-20 08:48:16+03:00,115659.99,115659.99,115659.99,115659.99,0.0
2025-09-20 08:48:17+03:00,115660.0,115660.0,115660.0,115660.0,0.00191
2025-09-20 08:48:18+03:00,115660.0,115660.0,115660.0,115660.0,0.0004
2025-09-20 08:48:19+03:00,115660.0,115660.0,115660.0,115660.0,0.00078
2025-09-20 08:48:20+03:00,115660.0,115660.0,115659.99,115660.0,0.00381
2025-09-20 08:48:21+03:00,115659.99,115660.0,115659.99,115660.0,0.07636
2025-09-20 08:48:22+03:00,115660.0,115660.0,115659.99,115660.0,0.01449
2025-09-20 08:48:23+03:00,115660.0,115660.0,115659.99,115659.99,0.00234
2025-09-20 08:48:24+03:00,115660.0,115660.0,115659.99,115660.0,0.00021
2025-09-20 08:48:25+03:00,115660.0,115660.0,115659.99,115659.99,0.00206
2025-09-20 08:48:26+03:00,115660.0,115660.0,115660.0,115660.0,0.00873
2025-09-20 08:48:27+03:00,115660.0,115660.0,115660.0,115660.0,0.00046
2025-09-20 08:48:28+03:00,115659.99,115659.99,115659.99,115659.99,0.00094
2025-09-20 08:48:29+03:00,115660.0,115660.0,115660.0,115660.0,0.00046
2025-09-20 08:48:30+03:00,115659.99,115660.0,115659.99,115660.0,0.0017
2025-09-20 08:48:31+03:00,115660.0,115660.0,115660.0,115660.0,0.0
2025-09-20 08:48:32+03:00,115660.0,115660.0,115660.0,115660.0,0.00168
2025-09-20 08:48:33+03:00,115660.0,115660.0,115660.0,115660.0,0.01272
2025-09-20 08:48:34+03:00,115660.0,115660.0,115660.0,115660.0,0.00948
2025-09-20 08:48:35+03:00,115660.0,115660.0,115660.0,115660.0,0.00326
2025-09-20 08:48:36+03:00,115660.0,115660.0,115660.0,115660.0,0.00312
2025-09-20 08:48:37+03:00,115660.0,115660.0,115659.99,115659.99,0.02609
2025-09-20 08:48:38+03:00,115660.0,115660.0,115660.0,115660.0,0.00396
2025-09-20 08:48:39+03:00,115660.0,115660.0,115659.99,115659.99,0.00415
2025-09-20 08:48:40+03:00,115660.0,115660.0,115659.99,115659.99,0.26904
2025-09-20 08:48:41+03:00,115660.0,115660.0,115660.0,115660.0,0.00845
2025-09-20 08:48:42+03:00,115660.0,115660.0,115659.99,115659.99,0.00228
2025-09-20 08:48:43+03:00,115660.0,115660.0,115660.0,115660.0,0.00024
2025-09-20 08:48:44+03:00,115660.0,115660.0,115659.99,115659.99,0.00039
2025-09-20 08:48:45+03:00,115660.0,115660.0,115659.99,115659.99,0.10068
2025-09-20 08:48:46+03:00,115659.99,115659.99,115659.99,115659.99,0.00519
2025-09-20 08:48:47+03:00,115660.0,115660.0,115660.0,115660.0,0.00503
2025-09-20 08:48:48+03:00,115660.0,115660.0,115659.99,115660.0,0.00249
2025-09-20 08:48:49+03:00,115660.0,115660.0,115660.0,115660.0,0.00137
2025-09-20 08:48:50+03:00,115660.0,115660.0,115660.0,115660.0,0.00572
2025-09-20 08:48:51+03:00,115660.0,115660.0,115660.0,115660.0,0.03133
2025-09-20 08:48:52+03:00,115660.0,115660.0,115659.99,115659.99,0.00917
2025-09-20 08:48:53+03:00,115660.0,115660.0,115660.0,115660.0,0.00233
2025-09-20 08:48:54+03:00,115660.0,115660.0,115660.0,115660.0,0.00058
2025-09-20 08:48:55+03:00,115660.0,115662.32,115660.0,115662.32,0.84844
2025-09-20 08:48:56+03:00,115662.32,115668.48,115662.32,115668.48,0.06629
2025-09-20 08:48:57+03:00,115668.48,115668.48,115668.48,115668.48,0.00178
2025-09-20 08:48:58+03:00,115668.48,115668.48,115668.48,115668.48,0.00933
2025-09-20 08:48:59+03:00,115668.48,115668.48,115668.48,115668.48,0.0
2025-09-20 08:49:00+03:00,115668.48,115668.48,115668.48,115668.48,0.00027
2025-09-20 08:49:01+03:00,115668.47,115668.48,115668.47,115668.48,0.00165
2025-09-20 08:49:02+03:00,115668.48,115668.48,115668.48,115668.48,0.00298
2025-09-20 08:49:03+03:00,115668.48,115668.48,115668.48,115668.48,0.00306
2025-09-20 08:49:04+03:00,115668.48,115668.48,115668.48,115668.48,0.00057
2025-09-20 08:49:05+03:00,115668.48,115668.48,115668.47,115668.48,0.00656
2025-09-20 08:49:06+03:00,115668.47,115668.48,115668.47,115668.48,0.00153
2025-09-20 08:49:07+03:00,115668.48,115668.48,115668.47,115668.47,0.01439
2025-09-20 08:49:08+03:00,115668.48,115668.48,115668.48,115668.48,0.00017
2025-09-20 08:49:09+03:00,115668.47,115668.47,115668.47,115668.47,0.0216
2025-09-20 08:49:10+03:00,115668.47,115668.48,115668.47,115668.48,0.01434
2025-09-20 08:49:11+03:00,115668.48,115668.48,115668.47,115668.47,0.01764
2025-09-20 08:49:12+03:00,115668.48,115668.48,115668.48,115668.48,0.0002
2025-09-20 08:49:13+03:00,115668.47,115668.47,115668.47,115668.47,0.014
2025-09-20 08:49:14+03:00,115668.47,115668.48,115668.47,115668.48,0.01528
2025-09-20 08:49:15+03:00,115668.47,115668.48,115668.47,115668.47,0.0164
2025-09-20 08:49:16+03:00,115668.48,115668.48,115668.47,115668.47,0.10992
2025-09-20 08:49:17+03:00,115668.48,115668.48,115668.47,115668.47,0.02061
2025-09-20 08:49:18+03:00,115668.47,115668.47,115668.47,115668.47,0.01557
2025-09-20 08:49:19+03:00,115668.47,115668.48,115668.47,115668.47,0.01862
2025-09-20 08:49:20+03:00,115668.48,115668.48,115668.47,115668.47,0.02531
2025-09-20 08:49:21+03:00,115668.47,115668.48,115668.47,115668.48,0.02399
2025-09-20 08:49:22+03:00,115668.48,115668.48,115668.47,115668.47,0.02101
2025-09-20 08:49:23+03:00,115668.47,115668.47,115668.47,115668.47,0.014
2025-09-20 08:49:24+03:00,115668.48,115668.48,115668.48,115668.48,0.0011
2025-09-20 08:49:25+03:00,115668.48,115668.48,115668.47,115668.47,0.01487
2025-09-20 08:49:26+03:00,115668.47,115668.47,115668.47,115668.47,0.01406
2025-09-20 08:49:27+03:00,115668.48,115668.48,115668.47,115668.47,0.01449
2025-09-20 08:49:28+03:00,115668.47,115668.48,115668.47,115668.47,0.01672
2025-09-20 08:49:29+03:00,115668.48,115668.48,115668.47,115668.47,0.01426
2025-09-20 08:49:30+03:00,115668.48,115668.48,115668.47,115668.47,0.08208
2025-09-20 08:49:31+03:00,115668.48,115668.48,115668.47,115668.47,0.00759
2025-09-20 08:49:32+03:00,115668.47,115668.47,115668.47,115668.47,0.014
2025-09-20 08:49:33+03:00,115668.48,115668.48,115668.47,115668.47,0.02272
2025-09-20 08:49:34+03:00,115668.47,115668.48,115668.47,115668.48,0.01414
2025-09-20 08:49:35+03:00,115668.48,115668.48,115668.47,115668.48,0.01477
2025-09-20 08:49:36+03:00,115668.48,115668.48,115668.47,115668.47,0.01416
2025-09-20 08:49:37+03:00,115668.48,115668.48,115668.47,115668.47,0.0142
2025-09-20 08:49:38+03:00,115668.47,115668.48,115668.47,115668.48,0.00143
2025-09-20 08:49:39+03:00,115668.47,115668.48,115668.47,115668.48,0.0142
2025-09-20 08:49:40+03:00,115668.47,115668.48,115668.47,115668.47,1.85106
2025-09-20 08:49:41+03:00,115668.48,115668.48,115668.47,115668.48,0.02979
2025-09-20 08:49:42+03:00,115668.48,115668.48,115668.47,115668.47,0.01419
2025-09-20 08:49:43+03:00,115668.47,115668.47,115668.47,115668.47,0.014
2025-09-20 08:49:44+03:00,115668.48,115668.48,115668.47,115668.48,0.00693
2025-09-20 08:49:45+03:00,115668.47,115668.48,115668.47,115668.48,0.0174
2025-09-20 08:49:46+03:00,115668.47,115668.47,115668.47,115668.47,0.014
2025-09-20 08:49:47+03:00,115668.48,115668.48,115668.47,115668.47,0.02399
2025-09-20 08:49:48+03:00,115668.47,115668.48,115668.47,115668.47,0.01461
2025-09-20 08:49:49+03:00,115668.47,115668.47,115668.47,115668.47,0.014
2025-09-20 08:49:50+03:00,115668.48,115668.48,115668.47,115668.47,0.01435
2025-09-20 08:49:51+03:00,115668.48,115668.48,115668.48,115668.48,0.03204
2025-09-20 08:49:52+03:00,115668.47,115668.48,115668.47,115668.48,0.01507
2025-09-20 08:49:53+03:00,115668.47,115668.48,115668.47,115668.47,0.02066
2025-09-20 08:49:54+03:00,115668.47,115668.48,115668.47,115668.47,0.03652
2025-09-20 08:49:55+03:00,115668.48,115668.48,115668.47,115668.47,0.01832
2025-09-20 08:49:56+03:00,115668.48,115668.48,115668.47,115668.47,0.01654
2025-09-20 08:49:57+03:00,115668.48,115668.48,115668.47,115668.47,0.01605
2025-09-20 08:49:58+03:00,115668.48,115668.48,115668.47,115668.47,0.02359
2025-09-20 08:49:59+03:00,115668.47,115668.47,115668.47,115668.47,0.01415
2025-09-20 08:50:00+03:00,115668.47,115668.48,115668.47,115668.48,0.01421
2025-09-20 08:50:01+03:00,115668.48,115668.48,115668.47,115668.48,0.01523
2025-09-20 08:50:02+03:00,115668.47,115668.48,115668.47,115668.48,0.01512
2025-09-20 08:50:03+03:00,115668.47,115668.47,115668.47,115668.47,0.024
2025-09-20 08:50:04+03:00,115668.47,115668.48,115668.47,115668.47,0.00147
2025-09-20 08:50:05+03:00,115668.47,115668.47,115668.47,115668.47,0.014
2025-09-20 08:50:06+03:00,115668.48,115668.48,115668.47,115668.48,0.0159
2025-09-20 08:50:07+03:00,115668.48,115668.48,115668.47,115668.47,0.01836
2025-09-20 08:50:08+03:00,115668.48,115668.48,115668.47,115668.47,0.01881
2025-09-20 08:50:09+03:00,115668.47,115668.48,115668.47,115668.47,0.06625
2025-09-20 08:50:10+03:00,115668.48,115668.48,115668.47,115668.48,0.01309
2025-09-20 08:50:11+03:00,115668.47,115668.48,115668.47,115668.48,0.01452
2025-09-20 08:50:12+03:00,115668.47,115668.47,115668.47,115668.47,0.01499
2025-09-20 08:50:13+03:00,115668.48,115668.48,115668.47,115668.48,0.01968
2025-09-20 08:50:14+03:00,115668.48,115668.48,115668.47,115668.47,0.01538
2025-09-20 08:50:15+03:00,115668.47,115668.47,115668.47,115668.47,0.0155
2025-09-20 08:50:16+03:00,115668.47,115668.47,115668.47,115668.47,0.00053
2025-09-20 08:50:17+03:00,115668.47,115668.48,115668.47,115668.48,0.01504
2025-09-20 08:50:18+03:00,115668.48,115668.48,115668.47,115668.47,0.01422
2025-09-20 08:50:19+03:00,115668.48,115668.48,115668.47,115668.47,0.01584
2025-09-20 08:50:20+03:00,115668.48,115668.48,115668.47,115668.47,0.08888
2025-09-20 08:50:21+03:00,115668.48,115668.48,115668.47,115668.47,0.00191
2025-09-20 08:50:22+03:00,115668.47,115668.48,115668.47,115668.48,0.01591
2025-09-20 08:50:23+03:00,115668.47,115668.48,115668.47,115668.48,0.01424
2025-09-20 08:50:24+03:00,115668.48,115668.48,115668.47,115668.47,0.0167
2025-09-20 08:50:25+03:00,115668.47,115668.48,115668.47,115668.48,0.01414
2025-09-20 08:50:26+03:00,115668.48,115668.48,115668.47,115668.48,0.01993
2025-09-20 08:50:27+03:00,115668.47,115668.47,115668.47,115668.47,0.00129
2025-09-20 08:50:28+03:00,115668.47,115668.47,115668.47,115668.47,0.01688
2025-09-20 08:50:29+03:00,115668.47,115668.47,115668.47,115668.47,0.014
2025-09-20 08:50:30+03:00,115668.47,115668.48,115668.47,115668.48,0.05896
2025-09-20 08:50:31+03:00,115668.48,115668.48,115668.47,115668.47,0.01437
2025-09-20 08:50:32+03:00,115668.47,115668.48,115668.47,115668.48,0.01504
2025-09-20 08:50:33+03:00,115668.48,115668.48,115668.47,115668.47,0.01514
2025-09-20 08:50:34+03:00,115668.47,115668.48,115668.47,115668.48,0.00409
2025-09-20 08:50:35+03:00,115668.48,115668.48,115668.47,115668.47,0.02036
2025-09-20 08:50:36+03:00,115668.47,115668.48,115668.47,115668.48,0.02262
2025-09-20 08:50:37+03:00,115668.47,115668.48,115668.47,115668.47,0.01447
2025-09-20 08:50:38+03:00,115668.48,115668.48,115668.48,115668.48,0.0332
2025-09-20 08:50:39+03:00,115668.48,115668.48,115668.47,115668.47,0.01886
2025-09-20 08:50:40+03:00,115668.48,115668.48,115668.47,115668.48,0.01492
2025-09-20 08:50:41+03:00,115668.47,115668.48,115668.47,115668.48,0.01736
2025-09-20 08:50:42+03:00,115668.48,115668.48,115668.48,115668.48,0.0
2025-09-20 08:50:43+03:00,115668.47,115668.48,115668.47,115668.48,0.01823
2025-09-20 08:50:44+03:00,115668.47,115668.47,115668.47,115668.47,0.014
2025-09-20 08:50:45+03:00,115668.48,115668.48,115668.47,115668.48,0.01473
2025-09-20 08:50:46+03:00,115668.48,115668.48,115668.47,115668.47,0.01429
2025-09-20 08:50:47+03:00,115668.47,115668.48,115668.47,115668.47,0.06886
2025-09-20 08:50:48+03:00,115668.47,115668.47,115668.47,115668.47,0.0
2025-09-20 08:50:49+03:00,115668.47,115668.48,115668.47,115668.48,0.01602
2025-09-20 08:50:50+03:00,115668.47,115668.48,115668.47,115668.48,0.01504
2025-09-20 08:50:51+03:00,115668.48,115668.48,115668.47,115668.48,0.05363
2025-09-20 08:50:52+03:00,115668.47,115668.47,115668.47,115668.47,0.014
2025-09-20 08:50:53+03:00,115668.47,115668.47,115668.47,115668.47,0.014
2025-09-20 08:50:54+03:00,115668.47,115668.47,115668.47,115668.47,0.014
2025-09-20 08:50:55+03:00,115668.47,115668.47,115668.47,115668.47,0.0
2025-09-20 08:50:56+03:00,115668.48,115668.48,115668.47,115668.47,0.01452
2025-09-20 08:50:57+03:00,115668.48,115668.48,115668.47,115668.47,0.01429
2025-09-20 08:50:58+03:00,115668.48,115668.48,115668.47,115668.47,0.02278
2025-09-20 08:50:59+03:00,115668.48,115668.48,115668.47,115668.47,0.01487
2025-09-20 08:51:00+03:00,115668.48,115668.48,115668.47,115668.47,0.00114
2025-09-20 08:51:01+03:00,115668.47,115668.47,115668.47,115668.47,0.01443
2025-09-20 08:51:02+03:00,115668.47,115668.47,115668.47,115668.47,0.01411
2025-09-20 08:51:03+03:00,115668.48,115668.48,115668.47,115668.47,0.01429
2025-09-20 08:51:04+03:00,115668.47,115668.47,115668.47,115668.47,0.01471
2025-09-20 08:51:05+03:00,115668.48,115668.48,115668.48,115668.48,0.03141
2025-09-20 08:51:06+03:00,115668.48,115668.48,115668.47,115668.48,0.01434
2025-09-20 08:51:07+03:00,115668.48,115668.48,115668.47,115668.47,0.02473
2025-09-20 08:51:08+03:00,115668.47,115668.47,115668.47,115668.47,0.07415
2025-09-20 08:51:09+03:00,115668.47,115668.48,115668.47,115668.47,0.01657
2025-09-20 08:51:10+03:00,115668.48,115668.48,115668.47,115668.47,1.45671
2025-09-20 08:51:11+03:00,115668.48,115668.48,115668.47,115668.48,0.06661
2025-09-20 08:51:12+03:00,115668.47,115668.48,115668.47,115668.48,0.01494
2025-09-20 08:51:13+03:00,115668.47,115668.48,115668.47,115668.48,0.01591
2025-09-20 08:51:14+03:00,115668.47,115668.48,115668.47,115668.48,0.01513
2025-09-20 08:51:15+03:00,115668.48,115668.48,115668.48,115668.48,0.001
2025-09-20 08:51:16+03:00,115668.47,115668.48,115668.47,115668.47,0.06786
2025-09-20 08:51:17+03:00,115668.47,115668.48,115668.47,115668.48,0.01411
2025-09-20 08:51:18+03:00,115668.47,115668.47,115668.47,115668.47,0.014
2025-09-20 08:51:19+03:00,115668.47,115668.48,115668.47,115668.48,0.01411
2025-09-20 08:51:20+03:00,115668.47,115668.48,115668.47,115668.48,0.08699
2025-09-20 08:51:21+03:00,115668.47,115668.48,115668.47,115668.47,0.01419
2025-09-20 08:51:22+03:00,115668.47,115668.48,115668.47,115668.47,0.01628
2025-09-20 08:51:23+03:00,115668.48,115668.48,115668.47,115668.48,0.01474
2025-09-20 08:51:24+03:00,115668.48,115668.48,115668.47,115668.48,0.25451
2025-09-20 08:51:25+03:00,115668.48,115668.48,115668.48,115668.48,0.0016
2025-09-20 08:51:26+03:00,115668.48,115668.48,115668.47,115668.47,0.0007
2025-09-20 08:51:27+03:00,115668.48,115675.18,115668.48,115675.18,0.61558
2025-09-20 08:51:28+03:00,115675.17,115675.17,115675.17,115675.17,0.00033
2025-09-20 08:51:29+03:00,115675.17,115675.18,115675.17,115675.18,0.00604
2025-09-20 08:51:30+03:00,115675.18,115675.18,115675.18,115675.18,0.0
2025-09-20 08:51:31+03:00,115675.18,115675.18,115675.17,115675.17,0.42019
2025-09-20 08:51:32+03:00,115675.17,115675.18,115675.17,115675.18,0.15841
2025-09-20 08:51:33+03:00,115675.18,115675.18,115675.18,115675.18,0.0
2025-09-20 08:51:34+03:00,115675.18,115675.18,115675.18,115675.18,0.00188
2025-09-20 08:51:35+03:00,115675.17,115675.18,115675.17,115675.18,0.15645
2025-09-20 08:51:36+03:00,115675.18,115675.18,115675.18,115675.18,0.00024
2025-09-20 08:51:37+03:00,115675.17,115675.17,115675.17,115675.17,0.0001
2025-09-20 08:51:38+03:00,115675.17,115675.18,115675.17,115675.18,0.15227
2025-09-20 08:51:39+03:00,115675.17,115675.18,115675.17,115675.18,0.00586
2025-09-20 08:51:40+03:00,115675.18,115675.18,115675.18,115675.18,6e-05
2025-09-20 08:51:41+03:00,115675.17,115675.18,115675.17,115675.18,0.00167
2025-09-20 08:51:42+03:00,115675.18,115675.18,115675.18,115675.18,0.0
2025-09-20 08:51:43+03:00,115675.17,115675.17,115675.17,115675.17,0.00022
2025-09-20 08:51:44+03:00,115675.18,115675.18,115675.18,115675.18,0.00163
2025-09-20 08:51:45+03:00,115675.17,115675.18,115675.17,115675.18,0.00063
2025-09-20 08:51:46+03:00,115675.18,115675.18,115675.17,115675.18,0.20088
2025-09-20 08:51:47+03:00,115675.18,115675.18,115675.18,115675.18,0.00435
2025-09-20 08:51:48+03:00,115675.18,115675.18,115675.18,115675.18,0.0
2025-09-20 08:51:49+03:00,115675.17,115675.17,115675.17,115675.17,0.00097
2025-09-20 08:51:50+03:00,115675.17,115675.17,115675.17,115675.17,0.0
2025-09-20 08:51:51+03:00,115675.18,115675.18,115675.18,115675.18,0.03195
2025-09-20 08:51:52+03:00,115675.17,115675.18,115675.17,115675.18,0.00034
2025-09-20 08:51:53+03:00,115675.18,115675.18,115675.18,115675.18,0.00137
2025-09-20 08:51:54+03:00,115675.18,115675.18,115675.18,115675.18,6e-05
2025-09-20 08:51:55+03:00,115675.18,115675.18,115675.17,115675.17,0.00231
2025-09-20 08:51:56+03:00,115675.18,115675.18,115675.18,115675.18,0.00057
2025-09-20 08:51:57+03:00,115675.18,115675.18,115675.17,115675.17,0.0798
2025-09-20 08:51:58+03:00,115675.17,115675.17,115675.17,115675.17,0.0018
2025-09-20 08:51:59+03:00,115675.18,115675.18,115675.18,115675.18,0.00328
2025-09-20 08:52:00+03:00,115675.18,115675.18,115675.17,115675.17,0.00105
2025-09-20 08:52:01+03:00,115675.18,115675.18,115675.17,115675.17,0.00506
2025-09-20 08:52:02+03:00,115675.18,115675.18,115675.18,115675.18,0.17315
2025-09-20 08:52:03+03:00,115675.17,115675.18,115675.17,115675.18,0.00223
2025-09-20 08:52:04+03:00,115675.18,115675.18,115675.18,115675.18,0.00015
2025-09-20 08:52:05+03:00,115675.17,115675.17,115675.17,115675.17,0.00012
2025-09-20 08:52:06+03:00,115675.18,115675.18,115675.18,115675.18,7e-05
2025-09-20 08:52:07+03:00,115675.17,115675.18,115675.17,115675.18,0.00046
2025-09-20 08:52:08+03:00,115675.18,115675.18,115675.18,115675.18,0.00299
2025-09-20 08:52:09+03:00,115675.18,115675.18,115675.18,115675.18,0.00296
2025-09-20 08:52:10+03:00,115675.17,115675.18,115675.17,115675.18,0.00233
2025-09-20 08:52:11+03:00,115675.17,115675.17,115675.17,115675.17,7e-05
2025-09-20 08:52:12+03:00,115675.17,115675.17,115675.17,115675.17,0.0
2025-09-20 08:52:13+03:00,115675.18,115675.18,115675.17,115675.17,0.00068
2025-09-20 08:52:14+03:00,115675.18,115675.18,115675.17,115675.18,0.0123
2025-09-20 08:52:15+03:00,115675.17,115675.18,115675.17,115675.17,0.02911
2025-09-20 08:52:16+03:00,115675.17,115675.17,115675.17,115675.17,0.0
2025-09-20 08:52:17+03:00,115675.17,115675.17,115675.17,115675.17,0.08643
2025-09-20 08:52:18+03:00,115675.17,115675.18,115675.17,115675.18,0.00681
2025-09-20 08:52:19+03:00,115675.18,115675.18,115675.18,115675.18,0.00098
2025-09-20 08:52:20+03:00,115675.18,115675.18,115675.17,115675.18,0.00247
2025-09-20 08:52:21+03:00,115675.18,115675.18,115675.17,115675.18,0.00424
2025-09-20 08:52:22+03:00,115675.18,115675.18,115675.17,115675.18,0.00567
2025-09-20 08:52:23+03:00,115675.18,115675.18,115675.18,115675.18,0.00366
2025-09-20 08:52:24+03:00,115675.17,115675.17,115675.17,115675.17,0.00242
2025-09-20 08:52:25+03:00,115675.18,115675.18,115675.17,115675.18,0.15376
2025-09-20 08:52:26+03:00,115675.17,115675.18,115675.17,115675.17,0.00385
2025-09-20 08:52:27+03:00,115675.18,115675.18,115675.18,115675.18,0.00457
2025-09-20 08:52:28+03:00,115675.17,115675.18,115675.17,115675.18,0.00023
2025-09-20 08:52:29+03:00,115675.17,115675.18,115675.17,115675.18,0.00083
2025-09-20 08:52:30+03:00,115675.18,115675.18,115675.18,115675.18,0.00319
2025-09-20 08:52:31+03:00,115675.17,115675.17,115675.17,115675.17,0.00202
2025-09-20 08:52:32+03:00,115675.18,115675.18,115675.18,115675.18,0.00316
2025-09-20 08:52:33+03:00,115675.18,115675.18,115675.18,115675.18,0.00018
2025-09-20 08:52:34+03:00,115675.18,115675.18,115675.18,115675.18,0.00058
2025-09-20 08:52:35+03:00,115675.18,115675.18,115675.18,115675.18,0.0
2025-09-20 08:52:36+03:00,115675.18,115675.18,115675.18,115675.18,0.0
2025-09-20 08:52:37+03:00,115675.18,115675.18,115675.17,115675.17,0.08712
2025-09-20 08:52:38+03:00,115675.17,115675.17,115675.17,115675.17,0.002
2025-09-20 08:52:39+03:00,115675.18,115675.18,115675.18,115675.18,0.00014
2025-09-20 08:52:40+03:00,115675.17,115675.17,115675.17,115675.17,0.00181
2025-09-20 08:52:41+03:00,115675.17,115675.17,115675.17,115675.17,0.00017
2025-09-20 08:52:42+03:00,115675.18,115675.18,115675.17,115675.18,0.00125
2025-09-20 08:52:43+03:00,115675.18,115675.18,115675.18,115675.18,0.00038
2025-09-20 08:52:44+03:00,115675.18,115675.18,115675.17,115675.17,0.00716
2025-09-20 08:52:45+03:00,115675.18,115675.18,115675.18,115675.18,0.00042
2025-09-20 08:52:46+03:00,115675.17,115675.17,115675.17,115675.17,0.00017
2025-09-20 08:52:47+03:00,115675.17,115675.17,115675.17,115675.17,0.01333
2025-09-20 08:52:48+03:00,115675.17,115675.17,115675.17,115675.17,0.0
2025-09-20 08:52:49+03:00,115675.18,115675.18,115675.18,115675.18,0.00127
2025-09-20 08:52:50+03:00,115675.17,115676.99,115675.17,115676.99,1.60057
2025-09-20 08:52:51+03:00,115678.99,115678.99,115678.99,115678.99,0.03223
2025-09-20 08:52:52+03:00,115678.99,115678.99,115678.99,115678.99,0.0
2025-09-20 08:52:53+03:00,115678.99,115678.99,115678.99,115678.99,0.00011
2025-09-20 08:52:54+03:00,115678.99,115678.99,115678.99,115678.99,0.00921
2025-09-20 08:52:55+03:00,115678.99,115678.99,115678.99,115678.99,0.00047
2025-09-20 08:52:56+03:00,115678.99,115678.99,115678.99,115678.99,0.00121
2025-09-20 08:52:57+03:00,115678.99,115678.99,115678.98,115678.98,0.02181
2025-09-20 08:52:58+03:00,115678.99,115678.99,115678.99,115678.99,0.01155
2025-09-20 08:52:59+03:00,115678.99,115678.99,115678.99,115678.99,0.00737
2025-09-20 08:53:00+03:00,115678.98,115678.99,115678.98,115678.99,0.00084
2025-09-20 08:53:01+03:00,115678.98,115678.99,115678.98,115678.98,0.00568
2025-09-20 08:53:02+03:00,115678.98,115678.98,115678.98,115678.98,0.00491
2025-09-20 08:53:03+03:00,115678.99,115678.99,115678.99,115678.99,0.00017
2025-09-20 08:53:04+03:00,115678.99,115678.99,115678.99,115678.99,0.00089
2025-09-20 08:53:05+03:00,115678.98,115678.98,115678.98,115678.98,0.00035
2025-09-20 08:53:06+03:00,115678.99,115678.99,115678.99,115678.99,0.00202
2025-09-20 08:53:07+03:00,115678.98,115678.99,115678.98,115678.99,0.00793
2025-09-20 08:53:08+03:00,115678.99,115678.99,115678.99,115678.99,0.0
2025-09-20 08:53:09+03:00,115678.98,115678.98,115678.98,115678.98,0.00323
2025-09-20 08:53:10+03:00,115678.99,115678.99,115678.99,115678.99,0.00353
2025-09-20 08:53:11+03:00,115678.98,115678.99,115678.98,115678.99,0.02247
2025-09-20 08:53:12+03:00,115678.99,115678.99,115678.99,115678.99,0.00027
2025-09-20 08:53:13+03:00,115678.99,115678.99,115678.98,115678.98,0.02293
2025-09-20 08:53:14+03:00,115678.98,115678.99,115678.98,115678.99,0.16025
2025-09-20 08:53:15+03:00,115678.99,115678.99,115678.99,115678.99,0.0
2025-09-20 08:53:16+03:00,115678.98,115678.99,115678.98,115678.99,0.00189
2025-09-20 08:53:17+03:00,115678.98,115678.99,115678.98,115678.99,0.1505
2025-09-20 08:53:18+03:00,115678.99,115678.99,115678.99,115678.99,0.01133
2025-09-20 08:53:19+03:00,115678.99,115678.99,115678.99,115678.99,0.00013
2025-09-20 08:53:20+03:00,115678.99,115678.99,115678.98,115678.98,0.00857
2025-09-20 08:53:21+03:00,115678.98,115678.98,115678.98,115678.98,0.0
2025-09-20 08:53:22+03:00,115678.98,115678.98,115678.98,115678.98,0.0004
2025-09-20 08:53:23+03:00,115678.98,115678.98,115678.98,115678.98,0.0255
2025-09-20 08:53:24+03:00,115678.99,115678.99,115678.99,115678.99,0.00071
2025-09-20 08:53:25+03:00,115678.99,115678.99,115678.99,115678.99,0.00947
2025-09-20 08:53:26+03:00,115678.98,115678.98,115678.98,115678.98,0.0004
2025-09-20 08:53:27+03:00,115678.98,115678.98,115678.98,115678.98,0.0
2025-09-20 08:53:28+03:00,115678.98,115678.98,115678.98,115678.98,0.0
2025-09-20 08:53:29+03:00,115678.98,115678.98,115678.98,115678.98,0.0
2025-09-20 08:53:30+03:00,115678.99,115678.99,115678.99,115678.99,0.00027
2025-09-20 08:53:31+03:00,115678.99,115678.99,115678.99,115678.99,0.00115
2025-09-20 08:53:32+03:00,115678.98,115678.99,115678.98,115678.99,0.00331
2025-09-20 08:53:33+03:00,115678.99,115678.99,115678.99,115678.99,0.00075
2025-09-20 08:53:34+03:00,115678.98,115678.99,115678.98,115678.99,0.002
2025-09-20 08:53:35+03:00,115678.99,115678.99,115678.99,115678.99,0.00028
2025-09-20 08:53:36+03:00,115678.99,115678.99,115678.99,115678.99,0.00197
2025-09-20 08:53:37+03:00,115678.99,115678.99,115678.99,115678.99,0.0
2025-09-20 08:53:38+03:00,115678.99,115678.99,115678.98,115678.98,0.00022
2025-09-20 08:53:39+03:00,115678.98,115678.99,115678.98,115678.99,0.00118
2025-09-20 08:53:40+03:00,115678.99,115678.99,115678.98,115678.99,0.08775
2025-09-20 08:53:41+03:00,115678.99,115678.99,115678.99,115678.99,0.0003
2025-09-20 08:53:42+03:00,115678.98,115678.98,115678.98,115678.98,0.00295
2025-09-20 08:53:43+03:00,115678.98,115678.98,115678.98,115678.98,0.00783
2025-09-20 08:53:44+03:00,115678.99,115678.99,115678.98,115678.99,0.11768
2025-09-20 08:53:45+03:00,115678.98,115678.99,115678.98,115678.99,0.20256
2025-09-20 08:53:46+03:00,115678.98,115678.98,115678.98,115678.98,0.00014
2025-09-20 08:53:47+03:00,115678.99,115678.99,115678.98,115678.98,0.003
2025-09-20 08:53:48+03:00,115678.98,115678.98,115678.98,115678.98,0.0
2025-09-20 08:53:49+03:00,115678.98,115678.99,115678.98,115678.99,0.03036
2025-09-20 08:53:50+03:00,115678.98,115678.98,115678.98,115678.98,0.00359
2025-09-20 08:53:51+03:00,115678.99,115678.99,115678.99,115678.99,0.03132
2025-09-20 08:53:52+03:00,115678.99,115678.99,115678.99,115678.99,0.0
2025-09-20 08:53:53+03:00,115678.99,115678.99,115678.98,115678.98,0.00159
2025-09-20 08:53:54+03:00,115678.99,115678.99,115678.99,115678.99,0.00083
2025-09-20 08:53:55+03:00,115678.99,115678.99,115678.98,115678.98,0.00029
2025-09-20 08:53:56+03:00,115678.99,115678.99,115678.99,115678.99,0.08643
2025-09-20 08:53:57+03:00,115678.99,115678.99,115678.98,115678.98,0.01769
2025-09-20 08:53:58+03:00,115678.99,115678.99,115678.99,115678.99,0.00028
2025-09-20 08:53:59+03:00,115678.99,115678.99,115678.99,115678.99,5e-05
2025-09-20 08:54:00+03:00,115678.98,115678.99,115678.98,115678.99,0.02518
2025-09-20 08:54:01+03:00,115678.98,115678.99,115678.98,115678.99,0.03594
2025-09-20 08:54:02+03:00,115678.99,115678.99,115678.99,115678.99,0.00013
2025-09-20 08:54:03+03:00,115678.98,115678.98,115678.98,115678.98,0.02
2025-09-20 08:54:04+03:00,115678.99,115678.99,115678.98,115678.98,0.00137
2025-09-20 08:54:05+03:00,115678.99,115678.99,115678.99,115678.99,7e-05
2025-09-20 08:54:06+03:00,115678.99,115678.99,115678.99,115678.99,0.0
2025-09-20 08:54:07+03:00,115678.98,115678.99,115678.98,115678.99,0.00083
2025-09-20 08:54:08+03:00,115678.99,115678.99,115678.98,115678.99,0.00979
2025-09-20 08:54:09+03:00,115678.98,115678.99,115678.98,115678.99,0.00047
2025-09-20 08:54:10+03:00,115678.99,115678.99,115678.99,115678.99,0.00096
2025-09-20 08:54:11+03:00,115678.98,115678.99,115678.98,115678.99,0.00179
2025-09-20 08:54:12+03:00,115678.99,115678.99,115678.99,115678.99,0.0
2025-09-20 08:54:13+03:00,115678.99,115678.99,115678.99,115678.99,0.00144
2025-09-20 08:54:14+03:00,115678.98,115678.99,115678.98,115678.99,0.00038
2025-09-20 08:54:15+03:00,115678.99,115678.99,115678.99,115678.99,0.0
2025-09-20 08:54:16+03:00,115678.99,115678.99,115678.99,115678.99,0.0
2025-09-20 08:54:17+03:00,115678.98,115678.98,115678.98,115678.98,0.00424
2025-09-20 08:54:18+03:00,115678.98,115678.98,115678.98,115678.98,0.0
2025-09-20 08:54:19+03:00,115678.99,115678.99,115678.98,115678.99,0.00178
2025-09-20 08:54:20+03:00,115678.99,115678.99,115678.98,115678.99,0.03936
2025-09-20 08:54:21+03:00,115678.99,115678.99,115678.98,115678.99,0.00917
2025-09-20 08:54:22+03:00,115678.99,115678.99,115678.98,115678.99,0.00916
2025-09-20 08:54:23+03:00,115678.99,115678.99,115678.99,115678.99,0.0
2025-09-20 08:54:24+03:00,115678.99,115678.99,115678.98,115678.98,0.00061
2025-09-20 08:54:25+03:00,115678.99,115678.99,115678.98,115678.98,0.00062
2025-09-20 08:54:26+03:00,115678.99,115678.99,115678.98,115678.98,0.02612
2025-09-20 08:54:27+03:00,115678.98,115678.98,115678.98,115678.98,0.0
2025-09-20 08:54:28+03:00,115678.99,115678.99,115678.98,115678.99,0.00119
2025-09-20 08:54:29+03:00,115678.98,115678.98,115678.98,115678.98,0.00434
2025-09-20 08:54:30+03:00,115678.99,115678.99,115678.99,115678.99,0.00262
2025-09-20 08:54:31+03:00,115678.99,115678.99,115678.99,115678.99,0.0
2025-09-20 08:54:32+03:00,115678.99,115678.99,115678.98,115678.99,0.00056
2025-09-20 08:54:33+03:00,115678.98,115678.98,115678.98,115678.98,0.00024
2025-09-20 08:54:34+03:00,115678.98,115678.99,115678.98,115678.99,0.01291
2025-09-20 08:54:35+03:00,115678.98,115678.98,115678.98,115678.98,0.00333
2025-09-20 08:54:36+03:00,115678.99,115678.99,115678.98,115678.98,0.03922
2025-09-20 08:54:37+03:00,115678.98,115678.98,115678.98,115678.98,0.0
2025-09-20 08:54:38+03:00,115678.99,115678.99,115678.99,115678.99,0.00136
2025-09-20 08:54:39+03:00,115678.99,115678.99,115678.99,115678.99,0.0004
2025-09-20 08:54:40+03:00,115678.99,115678.99,115678.99,115678.99,0.0
2025-09-20 08:54:41+03:00,115678.99,115678.99,115678.99,115678.99,0.0
2025-09-20 08:54:42+03:00,115678.99,115678.99,115678.99,115678.99,0.00037
2025-09-20 08:54:43+03:00,115678.98,115678.99,115678.98,115678.99,0.00138
2025-09-20 08:54:44+03:00,115678.98,115678.99,115678.98,115678.99,0.0879
2025-09-20 08:54:45+03:00,115678.99,115678.99,115678.99,115678.99,0.00336
2025-09-20 08:54:46+03:00,115678.99,115678.99,115678.99,115678.99,0.93801
2025-09-20 08:54:47+03:00,115678.99,115679.0,115678.99,115679.0,1.64613
2025-09-20 08:54:48+03:00,115679.0,115679.0,115679.0,115679.0,0.52744
2025-09-20 08:54:49+03:00,115679.0,115679.0,115678.99,115679.0,0.43698
2025-09-20 08:54:50+03:00,115679.0,115679.0,115679.0,115679.0,0.15404
2025-09-20 08:54:51+03:00,115679.0,115679.0,115679.0,115679.0,0.2497
2025-09-20 08:54:52+03:00,115678.99,115679.0,115678.99,115679.0,0.00752
2025-09-20 08:54:53+03:00,115679.0,115679.0,115678.99,115678.99,0.00062
2025-09-20 08:54:54+03:00,115679.0,115679.0,115679.0,115679.0,0.69105
2025-09-20 08:54:55+03:00,115679.0,115679.0,115679.0,115679.0,0.21764
2025-09-20 08:54:56+03:00,115679.0,115679.0,115679.0,115679.0,0.0
2025-09-20 08:54:57+03:00,115679.0,115679.0,115679.0,115679.0,0.11215
2025-09-20 08:54:58+03:00,115679.0,115679.0,115679.0,115679.0,0.0
2025-09-20 08:54:59+03:00,115679.0,115679.0,115679.0,115679.0,0.00056
2025-09-20 08:55:00+03:00,115678.99,115679.0,115678.99,115679.0,0.00062
2025-09-20 08:55:01+03:00,115678.99,115679.0,115678.99,115679.0,0.00114
2025-09-20 08:55:02+03:00,115679.0,115679.0,115679.0,115679.0,0.0
2025-09-20 08:55:03+03:00,115679.0,115679.0,115679.0,115679.0,0.0
2025-09-20 08:55:04+03:00,115679.0,115679.0,115679.0,115679.0,0.00028
2025-09-20 08:55:05+03:00,115678.99,115678.99,115678.99,115678.99,0.00039
2025-09-20 08:55:06+03:00,115679.0,115679.0,115678.99,115678.99,0.01794
2025-09-20 08:55:07+03:00,115678.99,115678.99,115678.99,115678.99,0.0
2025-09-20 08:55:08+03:00,115679.0,115679.0,115679.0,115679.0,0.51087
2025-09-20 08:55:09+03:00,115679.0,115679.0,115679.0,115679.0,0.0
2025-09-20 08:55:10+03:00,115679.0,115679.0,115679.0,115679.0,0.03113
2025-09-20 08:55:11+03:00,115679.01,115682.01,115679.01,115682.01,0.261
2025-09-20 08:55:12+03:00,115682.0,115682.01,115682.0,115682.01,0.01574
2025-09-20 08:55:13+03:00,115682.01,115682.01,115682.0,115682.0,0.01672
2025-09-20 08:55:14+03:00,115682.01,115682.01,115682.0,115682.0,0.01703
2025-09-20 08:55:15+03:00,115682.01,115682.01,115682.01,115682.01,0.00065
2025-09-20 08:55:16+03:00,115682.01,115682.01,115682.0,115682.01,0.02183
2025-09-20 08:55:17+03:00,115682.0,115682.01,115682.0,115682.0,0.00604
2025-09-20 08:55:18+03:00,115682.0,115682.0,115682.0,115682.0,8e-05
2025-09-20 08:55:19+03:00,115682.01,115682.01,115682.0,115682.0,0.00033
2025-09-20 08:55:20+03:00,115682.0,115682.0,115682.0,115682.0,5e-05
2025-09-20 08:55:21+03:00,115682.0,115682.0,115682.0,115682.0,0.00121
2025-09-20 08:55:22+03:00,115682.01,115682.01,115682.01,115682.01,0.00108
2025-09-20 08:55:23+03:00,115682.0,115682.01,115682.0,115682.0,0.00118
2025-09-20 08:55:24+03:00,115682.01,115686.76,115682.01,115686.76,0.0461
2025-09-20 08:55:25+03:00,115686.76,115686.76,115686.75,115686.76,0.0153
2025-09-20 08:55:26+03:00,115686.75,115686.75,115686.75,115686.75,0.00244
2025-09-20 08:55:27+03:00,115686.75,115686.76,115686.75,115686.76,0.00975
2025-09-20 08:55:28+03:00,115686.76,115686.76,115686.75,115686.75,0.00846
2025-09-20 08:55:29+03:00,115686.75,115686.76,115686.75,115686.76,0.02821
2025-09-20 08:55:30+03:00,115686.76,115686.76,115686.75,115686.76,0.01906
2025-09-20 08:55:31+03:00,115686.76,115686.76,115686.76,115686.76,0.00259
2025-09-20 08:55:32+03:00,115686.75,115686.75,115686.75,115686.75,0.00017
2025-09-20 08:55:33+03:00,115686.76,115686.76,115686.76,115686.76,0.00263
2025-09-20 08:55:34+03:00,115686.76,115686.76,115686.76,115686.76,0.00069
2025-09-20 08:55:35+03:00,115686.76,115686.76,115686.76,115686.76,0.00109
2025-09-20 08:55:36+03:00,115686.75,115686.76,115686.75,115686.76,0.03581
2025-09-20 08:55:37+03:00,115686.76,115686.76,115686.76,115686.76,4e-05
2025-09-20 08:55:38+03:00,115686.76,115686.77,115686.76,115686.77,0.16884
2025-09-20 08:55:39+03:00,115686.77,115686.77,115686.77,115686.77,0.00058
2025-09-20 08:55:40+03:00,115686.77,115686.77,115686.77,115686.77,0.0
2025-09-20 08:55:41+03:00,115686.77,115686.77,115686.77,115686.77,0.02516
2025-09-20 08:55:42+03:00,115686.77,115686.77,115686.77,115686.77,0.00413
2025-09-20 08:55:43+03:00,115686.77,115686.77,115686.77,115686.77,0.0
2025-09-20 08:55:44+03:00,115686.76,115686.76,115686.76,115686.76,8e-05
2025-09-20 08:55:45+03:00,115686.77,115686.77,115686.77,115686.77,0.00031
2025-09-20 08:55:46+03:00,115686.77,115686.77,115686.77,115686.77,0.00083
2025-09-20 08:55:47+03:00,115686.77,115686.77,115686.76,115686.76,0.01346
2025-09-20 08:55:48+03:00,115686.77,115686.77,115686.77,115686.77,0.00053
2025-09-20 08:55:49+03:00,115686.77,115686.77,115686.77,115686.77,0.0
2025-09-20 08:55:50+03:00,115686.77,115686.77,115686.77,115686.77,8e-05
2025-09-20 08:55:51+03:00,115686.77,115686.77,115686.77,115686.77,0.03319
2025-09-20 08:55:52+03:00,115686.77,115686.77,115686.77,115686.77,0.01856
2025-09-20 08:55:53+03:00,115686.77,115686.77,115686.76,115686.77,0.00769
2025-09-20 08:55:54+03:00,115686.76,115686.76,115686.76,115686.76,0.04379
2025-09-20 08:55:55+03:00,115686.76,115686.77,115686.76,115686.77,0.00178
2025-09-20 08:55:56+03:00,115686.77,115686.77,115686.77,115686.77,0.00112
2025-09-20 08:55:57+03:00,115686.77,115686.77,115686.77,115686.77,0.0026
2025-09-20 08:55:58+03:00,115686.77,115686.77,115686.77,115686.77,0.00883
2025-09-20 08:55:59+03:00,115686.77,115690.37,115686.76,115690.37,1.53518
2025-09-20 08:56:00+03:00,115690.43,115690.43,115690.43,115690.43,0.00072
2025-09-20 08:56:01+03:00,115690.44,115690.44,115690.43,115690.43,0.43745
2025-09-20 08:56:02+03:00,115690.44,115690.44,115690.44,115690.44,0.01677
2025-09-20 08:56:03+03:00,115690.44,115701.76,115690.44,115701.76,0.87078
2025-09-20 08:56:04+03:00,115702.13,115709.16,115702.13,115709.16,0.02588
2025-09-20 08:56:05+03:00,115709.16,115709.16,115709.16,115709.16,0.02644
2025-09-20 08:56:06+03:00,115709.15,115709.15,115709.15,115709.15,0.17
2025-09-20 08:56:07+03:00,115709.15,115709.15,115709.15,115709.15,0.00289
2025-09-20 08:56:08+03:00,115709.15,115709.15,115709.15,115709.15,0.00933
2025-09-20 08:56:09+03:00,115709.16,115709.16,115709.15,115709.15,0.01325
2025-09-20 08:56:10+03:00,115709.15,115709.15,115709.15,115709.15,0.00157
2025-09-20 08:56:11+03:00,115709.16,115709.16,115709.15,115709.15,0.00185
2025-09-20 08:56:12+03:00,115709.15,115709.15,115709.15,115709.15,0.0
2025-09-20 08:56:13+03:00,115709.16,115709.16,115709.16,115709.16,0.02596
2025-09-20 08:56:14+03:00,115709.15,115709.16,115709.15,115709.16,0.00388
2025-09-20 08:56:15+03:00,115709.16,115709.16,115709.16,115709.16,0.00028
2025-09-20 08:56:16+03:00,115709.16,115709.16,115709.16,115709.16,0.00063
2025-09-20 08:56:17+03:00,115709.15,115709.16,115709.15,115709.16,0.02176
2025-09-20 08:56:18+03:00,115709.16,115709.16,115709.16,115709.16,0.00018
2025-09-20 08:56:19+03:00,115709.16,115709.16,115709.16,115709.16,0.5019
2025-09-20 08:56:20+03:00,115709.16,115709.16,115709.15,115709.16,0.00381
2025-09-20 08:56:21+03:00,115709.16,115709.16,115709.15,115709.16,0.00303
2025-09-20 08:56:22+03:00,115709.16,115709.16,115709.15,115709.16,0.01487
2025-09-20 08:56:23+03:00,115709.16,115709.16,115709.15,115709.16,0.00804
2025-09-20 08:56:24+03:00,115709.16,115709.16,115709.15,115709.15,0.00244
2025-09-20 08:56:25+03:00,115709.15,115709.16,115709.15,115709.16,0.00036
2025-09-20 08:56:26+03:00,115709.15,115709.16,115709.15,115709.16,0.00803
2025-09-20 08:56:27+03:00,115709.16,115709.16,115709.16,115709.16,9e-05
2025-09-20 08:56:28+03:00,115709.16,115709.16,115709.15,115709.16,0.11617
2025-09-20 08:56:29+03:00,115709.15,115714.5,115709.15,115714.5,0.55928
2025-09-20 08:56:30+03:00,115714.5,115714.5,115714.49,115714.5,0.0276
2025-09-20 08:56:31+03:00,115714.5,115714.5,115714.49,115714.5,0.0515
2025-09-20 08:56:32+03:00,115714.49,115714.49,115714.49,115714.49,0.00017
2025-09-20 08:56:33+03:00,115714.49,115714.49,115714.49,115714.49,0.00361
2025-09-20 08:56:34+03:00,115714.49,115714.5,115714.49,115714.5,0.0004
2025-09-20 08:56:35+03:00,115714.5,115714.5,115714.49,115714.49,0.00739
2025-09-20 08:56:36+03:00,115714.5,115714.5,115714.5,115714.5,0.00752
2025-09-20 08:56:37+03:00,115714.5,115714.5,115714.49,115714.49,0.00036
2025-09-20 08:56:38+03:00,115714.49,115714.49,115714.49,115714.49,0.0
2025-09-20 08:56:39+03:00,115714.49,115714.49,115714.49,115714.49,0.0
2025-09-20 08:56:40+03:00,115714.49,115714.49,115714.49,115714.49,0.00195
2025-09-20 08:56:41+03:00,115714.49,115714.49,115714.49,115714.49,0.0
2025-09-20 08:56:42+03:00,115714.49,115714.5,115714.49,115714.5,0.00245
2025-09-20 08:56:43+03:00,115714.5,115714.5,115714.5,115714.5,0.01414
2025-09-20 08:56:44+03:00,115714.5,115714.5,115714.49,115714.49,0.00126
2025-09-20 08:56:45+03:00,115714.5,115714.5,115714.49,115714.49,0.00477
2025-09-20 08:56:46+03:00,115714.5,115714.5,115714.49,115714.5,0.0029
2025-09-20 08:56:47+03:00,115714.5,115714.5,115714.5,115714.5,0.00027
2025-09-20 08:56:48+03:00,115714.5,115714.5,115714.5,115714.5,0.00061
2025-09-20 08:56:49+03:00,115714.5,115714.5,115714.5,115714.5,0.0
2025-09-20 08:56:50+03:00,115714.5,115714.5,115714.5,115714.5,0.00073
2025-09-20 08:56:51+03:00,115714.5,115714.5,115714.49,115714.5,0.03401
2025-09-20 08:56:52+03:00,115714.5,115714.5,115714.5,115714.5,0.0
2025-09-20 08:56:53+03:00,115714.5,115714.5,115714.5,115714.5,0.00306
2025-09-20 08:56:54+03:00,115714.49,115714.49,115714.49,115714.49,0.00104
2025-09-20 08:56:55+03:00,115714.49,115714.5,115714.49,115714.5,0.0057
2025-09-20 08:56:56+03:00,115714.49,115714.49,115714.49,115714.49,0.00019
2025-09-20 08:56:57+03:00,115714.5,115714.5,115714.49,115714.49,0.00346
2025-09-20 08:56:58+03:00,115714.5,115714.5,115714.49,115714.5,0.00477
2025-09-20 08:56:59+03:00,115714.49,115714.49,115714.49,115714.49,0.002
2025-09-20 08:57:00+03:00,115714.5,115714.5,115714.5,115714.5,0.00872
2025-09-20 08:57:01+03:00,115714.49,115714.49,115714.49,115714.49,6e-05
2025-09-20 08:57:02+03:00,115714.5,115714.5,115714.49,115714.49,0.00404
2025-09-20 08:57:03+03:00,115714.5,115714.5,115714.49,115714.5,0.00409
2025-09-20 08:57:04+03:00,115714.5,115714.5,115714.5,115714.5,0.03366
2025-09-20 08:57:05+03:00,115714.5,115714.5,115714.5,115714.5,0.0104
2025-09-20 08:57:06+03:00,115714.5,115714.5,115714.49,115714.49,0.00763
2025-09-20 08:57:07+03:00,115714.49,115714.5,115714.49,115714.5,0.00117
2025-09-20 08:57:08+03:00,115714.5,115714.5,115714.5,115714.5,0.28106
2025-09-20 08:57:09+03:00,115714.51,115714.51,115714.5,115714.51,0.00126
2025-09-20 08:57:10+03:00,115714.5,115714.5,115714.5,115714.5,0.2
2025-09-20 08:57:11+03:00,115714.51,115717.5,115714.51,115717.5,1.00053
2025-09-20 08:57:12+03:00,115717.5,115717.5,115717.49,115717.49,0.01523
2025-09-20 08:57:13+03:00,115717.49,115717.5,115717.49,115717.49,0.00687
2025-09-20 08:57:14+03:00,115717.5,115717.5,115717.5,115717.5,0.00052
2025-09-20 08:57:15+03:00,115717.5,115717.5,115717.49,115717.49,0.58983
2025-09-20 08:57:16+03:00,115717.5,115717.5,115717.5,115717.5,0.00091
2025-09-20 08:57:17+03:00,115717.5,115717.5,115717.49,115717.49,0.0041
2025-09-20 08:57:18+03:00,115717.49,115717.49,115717.49,115717.49,0.00055
2025-09-20 08:57:19+03:00,115717.49,115717.5,115717.49,115717.5,0.01051
2025-09-20 08:57:20+03:00,115717.5,115717.5,115717.49,115717.5,0.00423
2025-09-20 08:57:21+03:00,115717.5,115717.5,115717.5,115717.5,0.00251
2025-09-20 08:57:22+03:00,115717.49,115717.5,115717.49,115717.5,0.17762
2025-09-20 08:57:23+03:00,115717.5,115717.5,115717.5,115717.5,0.0005
2025-09-20 08:57:24+03:00,115717.5,115717.5,115717.49,115717.49,0.00016
2025-09-20 08:57:25+03:00,115717.49,115717.5,115717.49,115717.5,0.1142
2025-09-20 08:57:26+03:00,115717.49,115717.5,115717.49,115717.5,0.00121
2025-09-20 08:57:27+03:00,115717.5,115717.5,115717.5,115717.5,0.0001
2025-09-20 08:57:28+03:00,115717.5,115717.5,115717.5,115717.5,0.00237
2025-09-20 08:57:29+03:00,115717.49,115717.5,115717.49,115717.5,0.00027
2025-09-20 08:57:30+03:00,115717.5,115717.5,115717.49,115717.5,0.00286
2025-09-20 08:57:31+03:00,115717.49,115717.5,115717.49,115717.5,0.00609
2025-09-20 08:57:32+03:00,115717.5,115717.5,115717.49,115717.49,0.0021
2025-09-20 08:57:33+03:00,115717.5,115717.5,115717.49,115717.5,0.00235
2025-09-20 08:57:34+03:00,115717.5,115717.5,115717.49,115717.5,0.00582
2025-09-20 08:57:35+03:00,115717.5,115717.5,115717.49,115717.49,0.0061
2025-09-20 08:57:36+03:00,115717.5,115717.5,115717.5,115717.5,0.00036
2025-09-20 08:57:37+03:00,115717.49,115717.49,115717.49,115717.49,0.00039
2025-09-20 08:57:38+03:00,115717.5,115717.5,115717.5,115717.5,0.0002
2025-09-20 08:57:39+03:00,115717.49,115717.5,115717.49,115717.5,0.00092
2025-09-20 08:57:40+03:00,115717.5,115717.5,115717.49,115717.5,0.0078
2025-09-20 08:57:41+03:00,115717.5,115717.5,115717.49,115717.5,0.02337
2025-09-20 08:57:42+03:00,115717.5,115717.5,115717.49,115717.49,0.00373
2025-09-20 08:57:43+03:00,115717.49,115717.5,115717.49,115717.49,0.03158
2025-09-20 08:57:44+03:00,115717.5,115717.5,115717.5,115717.5,0.01704
2025-09-20 08:57:45+03:00,115717.5,115717.5,115717.5,115717.5,0.08718
2025-09-20 08:57:46+03:00,115717.5,115717.5,115717.49,115717.49,0.00286
2025-09-20 08:57:47+03:00,115717.5,115717.5,115717.5,115717.5,0.00623
2025-09-20 08:57:48+03:00,115717.5,115717.5,115717.5,115717.5,0.00161
2025-09-20 08:57:49+03:00,115717.5,115717.5,115717.5,115717.5,0.01655
2025-09-20 08:57:50+03:00,115717.5,115717.5,115717.5,115717.5,0.0004
2025-09-20 08:57:51+03:00,115717.49,115717.5,115717.49,115717.5,0.03305
2025-09-20 08:57:52+03:00,115717.49,115717.5,115717.49,115717.49,0.00409
2025-09-20 08:57:53+03:00,115717.49,115717.5,115717.49,115717.5,0.03632
2025-09-20 08:57:54+03:00,115717.5,115717.5,115717.49,115717.5,0.00381
2025-09-20 08:57:55+03:00,115717.49,115717.5,115717.49,115717.5,0.00182
2025-09-20 08:57:56+03:00,115717.5,115717.5,115717.5,115717.5,0.0034
2025-09-20 08:57:57+03:00,115717.5,115717.5,115717.49,115717.49,0.00139
2025-09-20 08:57:58+03:00,115717.5,115717.5,115717.5,115717.5,0.00104
2025-09-20 08:57:59+03:00,115717.49,115717.5,115717.49,115717.5,0.00478
2025-09-20 08:58:00+03:00,115717.49,115717.5,115717.49,115717.5,0.00159
2025-09-20 08:58:01+03:00,115717.5,115717.5,115717.49,115717.49,0.00069
2025-09-20 08:58:02+03:00,115717.5,115717.5,115717.49,115717.5,0.1733
2025-09-20 08:58:03+03:00,115717.49,115717.49,115717.49,115717.49,0.00033
2025-09-20 08:58:04+03:00,115717.5,115717.5,115717.5,115717.5,0.0012
2025-09-20 08:58:05+03:00,115717.5,115717.5,115717.5,115717.5,0.0001
2025-09-20 08:58:06+03:00,115717.49,115717.5,115717.49,115717.5,0.00387
2025-09-20 08:58:07+03:00,115717.49,115717.5,115717.49,115717.49,0.00653
2025-09-20 08:58:08+03:00,115717.5,115717.5,115717.49,115717.5,0.13251
2025-09-20 08:58:09+03:00,115717.5,115717.5,115717.5,115717.5,0.00235
2025-09-20 08:58:10+03:00,115717.5,115717.5,115717.5,115717.5,0.00059
2025-09-20 08:58:11+03:00,115717.5,115717.5,115717.5,115717.5,0.00015
2025-09-20 08:58:12+03:00,115717.49,115717.5,115717.49,115717.49,0.00871
2025-09-20 08:58:13+03:00,115717.5,115717.5,115717.5,115717.5,0.0001
2025-09-20 08:58:14+03:00,115717.49,115717.5,115717.49,115717.5,0.00291
2025-09-20 08:58:15+03:00,115717.5,115717.5,115717.5,115717.5,0.00042
2025-09-20 08:58:16+03:00,115717.5,115717.5,115717.49,115717.5,0.00139
2025-09-20 08:58:17+03:00,115717.5,115717.5,115717.5,115717.5,0.00035
2025-09-20 08:58:18+03:00,115717.5,115717.5,115717.5,115717.5,0.0001
2025-09-20 08:58:19+03:00,115717.5,115717.5,115717.49,115717.49,0.00222
2025-09-20 08:58:20+03:00,115717.5,115717.5,115717.49,115717.49,0.00301
2025-09-20 08:58:21+03:00,115717.5,115717.5,115717.49,115717.5,0.01128
2025-09-20 08:58:22+03:00,115717.5,115717.5,115717.5,115717.5,0.00066
2025-09-20 08:58:23+03:00,115717.5,115717.5,115717.49,115717.49,0.03011
2025-09-20 08:58:24+03:00,115717.49,115717.5,115717.49,115717.5,0.00123
2025-09-20 08:58:25+03:00,115717.49,115717.5,115717.49,115717.49,0.1311
2025-09-20 08:58:26+03:00,115717.5,115717.5,115717.49,115717.49,0.00689
2025-09-20 08:58:27+03:00,115717.49,115717.5,115717.49,115717.5,0.00096
2025-09-20 08:58:28+03:00,115717.49,115717.5,115717.49,115717.5,0.00108
2025-09-20 08:58:29+03:00,115717.5,115717.5,115717.5,115717.5,0.00131
2025-09-20 08:58:30+03:00,115717.5,115717.5,115717.5,115717.5,0.0002
2025-09-20 08:58:31+03:00,115717.5,115717.5,115717.49,115717.49,0.00321
2025-09-20 08:58:32+03:00,115717.5,115717.5,115717.5,115717.5,0.00175
2025-09-20 08:58:33+03:00,115717.5,115717.5,115717.5,115717.5,0.00109
2025-09-20 08:58:34+03:00,115717.49,115717.5,115717.49,115717.5,0.00489
2025-09-20 08:58:35+03:00,115717.5,115717.5,115717.49,115717.49,0.32941
2025-09-20 08:58:36+03:00,115717.5,115717.5,115717.49,115717.49,0.00311
2025-09-20 08:58:37+03:00,115717.49,115717.49,115717.49,115717.49,0.0
2025-09-20 08:58:38+03:00,115717.5,115717.5,115717.5,115717.5,0.00028
2025-09-20 08:58:39+03:00,115717.5,115717.5,115717.49,115717.5,0.0059
2025-09-20 08:58:40+03:00,115717.5,115717.5,115717.5,115717.5,0.00037
2025-09-20 08:58:41+03:00,115717.5,115717.5,115717.5,115717.5,0.0001
2025-09-20 08:58:42+03:00,115717.5,115717.5,115717.5,115717.5,0.00126
2025-09-20 08:58:43+03:00,115717.5,115717.5,115717.49,115717.49,0.00514
2025-09-20 08:58:44+03:00,115717.5,115717.5,115717.49,115717.5,0.00388
2025-09-20 08:58:45+03:00,115717.5,115717.5,115717.49,115717.5,0.08898
2025-09-20 08:58:46+03:00,115717.5,115717.5,115717.49,115717.5,0.00213
2025-09-20 08:58:47+03:00,115717.5,115717.5,115717.5,115717.5,0.0001
2025-09-20 08:58:48+03:00,115717.5,115717.5,115717.49,115717.49,0.09578
2025-09-20 08:58:49+03:00,115717.5,115717.5,115717.5,115717.5,0.0001
2025-09-20 08:58:50+03:00,115717.49,115717.5,115717.49,115717.5,0.00662
2025-09-20 08:58:51+03:00,115717.5,115717.5,115717.5,115717.5,0.03248
2025-09-20 08:58:52+03:00,115717.5,115717.5,115717.49,115717.49,0.00084
2025-09-20 08:58:53+03:00,115717.5,115717.5,115717.49,115717.49,0.047
2025-09-20 08:58:54+03:00,115717.5,115717.5,115717.49,115717.5,0.01915
2025-09-20 08:58:55+03:00,115717.5,115717.5,115717.5,115717.5,0.00021
2025-09-20 08:58:56+03:00,115717.5,115717.5,115717.5,115717.5,0.00054
2025-09-20 08:58:57+03:00,115717.5,115717.5,115717.49,115717.5,0.10458
2025-09-20 08:58:58+03:00,115717.49,115717.5,115717.49,115717.5,0.00879
2025-09-20 08:58:59+03:00,115717.49,115717.5,115717.49,115717.5,0.02858
2025-09-20 08:59:00+03:00,115717.5,115717.5,115717.49,115717.5,0.00454
2025-09-20 08:59:01+03:00,115717.5,115717.5,115717.5,115717.5,0.1001
2025-09-20 08:59:02+03:00,115717.5,115717.5,115717.5,115717.5,0.00036
2025-09-20 08:59:03+03:00,115717.5,115717.5,115717.5,115717.5,0.0001
2025-09-20 08:59:04+03:00,115717.5,115717.5,115717.5,115717.5,0.00153
2025-09-20 08:59:05+03:00,115717.5,115717.5,115717.5,115717.5,0.00033
2025-09-20 08:59:06+03:00,115717.5,115717.5,115717.49,115717.49,0.00098
2025-09-20 08:59:07+03:00,115717.5,115717.5,115717.49,115717.5,0.00151
2025-09-20 08:59:08+03:00,115717.49,115717.49,115717.49,115717.49,0.00142
2025-09-20 08:59:09+03:00,115717.5,115717.5,115717.49,115717.49,0.0025
2025-09-20 08:59:10+03:00,115717.5,115717.5,115717.5,115717.5,0.0001
2025-09-20 08:59:11+03:00,115717.49,115717.5,115717.49,115717.5,0.00709
2025-09-20 08:59:12+03:00,115717.5,115717.5,115717.5,115717.5,0.00037
2025-09-20 08:59:13+03:00,115717.5,115717.5,115717.5,115717.5,0.0001
2025-09-20 08:59:14+03:00,115717.5,115717.5,115717.5,115717.5,0.00037
2025-09-20 08:59:15+03:00,115717.5,115717.5,115717.49,115717.5,0.11768
2025-09-20 08:59:16+03:00,115717.49,115717.5,115717.49,115717.5,0.00082
2025-09-20 08:59:17+03:00,115717.5,115717.5,115717.5,115717.5,0.00186
2025-09-20 08:59:18+03:00,115717.5,115717.5,115717.5,115717.5,0.00041
2025-09-20 08:59:19+03:00,115717.5,115717.5,115717.49,115717.5,0.05599
2025-09-20 08:59:20+03:00,115717.5,115717.5,115717.5,115717.5,0.0001
2025-09-20 08:59:21+03:00,115717.49,115717.5,115717.49,115717.5,0.00708
2025-09-20 08:59:22+03:00,115717.5,115717.5,115717.5,115717.5,0.00701
2025-09-20 08:59:23+03:00,115717.5,115717.5,115717.5,115717.5,0.00636
2025-09-20 08:59:24+03:00,115717.49,115717.49,115717.49,115717.49,0.00077
2025-09-20 08:59:25+03:00,115717.5,115717.5,115717.5,115717.5,0.00126
2025-09-20 08:59:26+03:00,115717.5,115717.5,115717.5,115717.5,0.02022
2025-09-20 08:59:27+03:00,115717.5,115717.5,115717.5,115717.5,0.0091
2025-09-20 08:59:28+03:00,115717.5,115717.5,115717.49,115717.49,0.00061
2025-09-20 08:59:29+03:00,115717.49,115717.5,115717.49,115717.5,0.0457
2025-09-20 08:59:30+03:00,115717.5,115717.5,115717.5,115717.5,0.00912
2025-09-20 08:59:31+03:00,115717.5,115717.5,115717.49,115717.5,0.00544
2025-09-20 08:59:32+03:00,115717.5,115717.5,115717.49,115717.49,0.02078
2025-09-20 08:59:33+03:00,115717.5,115717.5,115717.5,115717.5,0.00192
2025-09-20 08:59:34+03:00,115717.5,115717.5,115717.49,115717.49,0.00728
2025-09-20 08:59:35+03:00,115717.5,115717.5,115717.5,115717.5,0.00205
2025-09-20 08:59:36+03:00,115717.5,115717.5,115717.5,115717.5,0.00183
2025-09-20 08:59:37+03:00,115717.5,115717.5,115717.5,115717.5,0.00021
2025-09-20 08:59:38+03:00,115717.5,115717.5,115717.5,115717.5,0.02152
2025-09-20 08:59:39+03:00,115717.5,115717.5,115717.49,115717.49,0.00096
2025-09-20 08:59:40+03:00,115717.5,115717.5,115717.49,115717.5,0.00841
2025-09-20 08:59:41+03:00,115717.5,115717.5,115717.49,115717.5,0.00127
2025-09-20 08:59:42+03:00,115717.49,115717.5,115717.49,115717.5,0.00805
2025-09-20 08:59:43+03:00,115717.5,115717.5,115717.5,115717.5,0.00044
2025-09-20 08:59:44+03:00,115717.5,115717.5,115717.5,115717.5,0.00019
2025-09-20 08:59:45+03:00,115717.5,115717.5,115717.49,115717.49,0.00041
2025-09-20 08:59:46+03:00,115717.5,115717.5,115717.49,115717.5,0.00271
2025-09-20 08:59:47+03:00,115717.5,115717.5,115717.49,115717.49,0.00016
2025-09-20 08:59:48+03:00,115717.49,115717.5,115717.49,115717.5,0.00136
2025-09-20 08:59:49+03:00,115717.49,115717.5,115717.49,115717.5,0.00119
2025-09-20 08:59:50+03:00,115717.5,115717.5,115717.5,115717.5,0.00118
2025-09-20 08:59:51+03:00,115717.5,115717.5,115717.5,115717.5,0.03119
2025-09-20 08:59:52+03:00,115717.5,115717.5,115717.49,115717.49,0.00048
2025-09-20 08:59:53+03:00,115717.49,115717.5,115717.49,115717.5,0.00269
2025-09-20 08:59:54+03:00,115717.5,115717.5,115717.5,115717.5,0.00617
2025-09-20 08:59:55+03:00,115717.5,115717.5,115717.5,115717.5,0.0001
2025-09-20 08:59:56+03:00,115717.5,115717.5,115717.49,115717.49,0.00133
2025-09-20 08:59:57+03:00,115717.49,115717.5,115717.49,115717.5,0.00308
2025-09-20 08:59:58+03:00,115717.49,115717.5,115717.49,115717.5,0.00031
2025-09-20 08:59:59+03:00,115717.5,115717.5,115717.49,115717.49,0.00407
2025-09-20 09:00:00+03:00,115717.49,115717.5,115717.49,115717.5,0.68642
2025-09-20 09:00:01+03:00,115717.5,115717.5,115717.5,115717.5,0.00714
2025-09-20 09:00:02+03:00,115717.49,115717.5,115717.49,115717.5,0.02649
2025-09-20 09:00:03+03:00,115717.5,115717.5,115717.5,115717.5,0.0002
2025-09-20 09:00:04+03:00,115717.49,115717.49,115717.49,115717.49,0.08637
2025-09-20 09:00:05+03:00,115717.49,115717.5,115717.49,115717.5,0.0692
2025-09-20 09:00:06+03:00,115717.5,115717.5,115717.5,115717.5,0.0006
2025-09-20 09:00:07+03:00,115717.5,115717.5,115717.5,115717.5,0.00052
2025-09-20 09:00:08+03:00,115717.5,115717.5,115717.49,115717.49,0.00018
2025-09-20 09:00:09+03:00,115717.49,115717.5,115717.49,115717.49,0.01676
2025-09-20 09:00:10+03:00,115717.5,115717.5,115717.5,115717.5,0.00034
2025-09-20 09:00:11+03:00,115717.49,115717.5,115717.49,115717.5,0.00176
2025-09-20 09:00:12+03:00,115717.5,115717.5,115717.49,115717.5,0.00575
2025-09-20 09:00:13+03:00,115717.49,115717.5,115717.49,115717.5,0.00643
2025-09-20 09:00:14+03:00,115717.5,115717.5,115717.49,115717.49,0.0012
2025-09-20 09:00:15+03:00,115717.5,115717.5,115717.5,115717.5,0.0001
2025-09-20 09:00:16+03:00,115717.5,115717.5,115717.49,115717.5,0.05395
2025-09-20 09:00:17+03:00,115717.49,115717.5,115717.49,115717.5,0.00495
2025-09-20 09:00:18+03:00,115717.5,115717.5,115717.5,115717.5,0.00273
2025-09-20 09:00:19+03:00,115717.5,115717.5,115717.49,115717.5,0.00122
2025-09-20 09:00:20+03:00,115717.49,115717.5,115717.49,115717.5,0.0809
2025-09-20 09:00:21+03:00,115717.5,115717.5,115717.49,115717.5,0.00114
2025-09-20 09:00:22+03:00,115717.49,115717.5,115717.49,115717.49,0.0549
2025-09-20 09:00:23+03:00,115717.5,115717.5,115717.5,115717.5,0.00036
2025-09-20 09:00:24+03:00,115717.5,115717.5,115717.49,115717.49,0.00239
2025-09-20 09:00:25+03:00,115717.5,115717.5,115717.49,115717.5,0.00306
2025-09-20 09:00:26+03:00,115717.5,115717.5,115717.5,115717.5,0.01092
2025-09-20 09:00:27+03:00,115717.5,115717.5,115717.49,115717.49,0.04066
2025-09-20 09:00:28+03:00,115717.5,115717.5,115717.49,115717.5,0.00384
2025-09-20 09:00:29+03:00,115717.5,115717.5,115717.49,115717.49,0.0247
2025-09-20 09:00:30+03:00,115717.5,115717.5,115717.49,115717.5,0.00077
2025-09-20 09:00:31+03:00,115717.5,115717.5,115717.5,115717.5,0.00021
2025-09-20 09:00:32+03:00,115717.5,115717.5,115717.49,115717.5,0.00724
2025-09-20 09:00:33+03:00,115717.5,115717.5,115717.5,115717.5,0.0001
2025-09-20 09:00:34+03:00,115717.5,115717.5,115717.5,115717.5,0.07344
2025-09-20 09:00:35+03:00,115717.5,115717.5,115717.49,115717.5,0.01131
2025-09-20 09:00:36+03:00,115717.49,115717.5,115717.49,115717.5,0.00052
2025-09-20 09:00:37+03:00,115717.5,115717.5,115717.49,115717.49,0.05242
2025-09-20 09:00:38+03:00,115717.5,115717.5,115717.49,115717.49,0.00035
2025-09-20 09:00:39+03:00,115717.49,115717.5,115717.49,115717.5,0.02172
2025-09-20 09:00:40+03:00,115717.5,115717.5,115701.06,115701.07,2.44655
2025-09-20 09:00:41+03:00,115701.06,115701.07,115701.06,115701.06,0.00888
2025-09-20 09:00:42+03:00,115701.06,115701.07,115701.06,115701.07,0.00904
2025-09-20 09:00:43+03:00,115701.06,115701.07,115701.06,115701.06,0.00642
2025-09-20 09:00:44+03:00,115701.06,115701.07,115701.06,115701.07,0.00099
2025-09-20 09:00:45+03:00,115701.06,115701.07,115701.06,115701.06,0.00196
2025-09-20 09:00:46+03:00,115701.07,115701.07,115701.07,115701.07,0.01872
2025-09-20 09:00:47+03:00,115701.07,115701.07,115701.06,115701.07,0.00899
2025-09-20 09:00:48+03:00,115701.07,115701.07,115701.07,115701.07,0.00403
2025-09-20 09:00:49+03:00,115701.07,115701.07,115701.06,115701.07,0.09378
2025-09-20 09:00:50+03:00,115701.06,115701.07,115701.06,115701.07,0.27064
2025-09-20 09:00:51+03:00,115701.06,115701.07,115694.9,115694.9,0.16176
2025-09-20 09:00:52+03:00,115694.9,115694.9,115694.89,115694.89,0.01145
2025-09-20 09:00:53+03:00,115694.89,115694.9,115694.89,115694.9,0.01019
2025-09-20 09:00:54+03:00,115694.9,115694.9,115694.89,115694.9,0.00111
2025-09-20 09:00:55+03:00,115694.9,115694.9,115694.9,115694.9,0.00269
2025-09-20 09:00:56+03:00,115694.89,115694.9,115694.89,115694.9,0.04291
2025-09-20 09:00:57+03:00,115694.9,115694.9,115694.89,115694.9,0.05061
2025-09-20 09:00:58+03:00,115694.89,115694.9,115694.89,115694.9,0.00533
2025-09-20 09:00:59+03:00,115694.9,115694.9,115694.9,115694.9,0.0004
2025-09-20 09:01:00+03:00,115694.9,115694.9,115694.9,115694.9,0.00481
2025-09-20 09:01:01+03:00,115694.9,115694.9,115694.89,115694.89,0.00139
2025-09-20 09:01:02+03:00,115694.9,115694.9,115694.9,115694.9,0.00326
2025-09-20 09:01:03+03:00,115694.9,115694.9,115694.9,115694.9,0.65762
2025-09-20 09:01:04+03:00,115694.9,115694.9,115694.9,115694.9,0.00061
2025-09-20 09:01:05+03:00,115694.9,115694.9,115694.9,115694.9,0.00023
2025-09-20 09:01:06+03:00,115694.89,115694.9,115694.89,115694.9,0.00874
2025-09-20 09:01:07+03:00,115694.9,115694.9,115694.9,115694.9,0.00025
2025-09-20 09:01:08+03:00,115694.9,115694.9,115694.9,115694.9,0.00258
2025-09-20 09:01:09+03:00,115694.9,115694.9,115694.9,115694.9,0.06142
2025-09-20 09:01:10+03:00,115694.9,115694.9,115694.89,115694.89,0.00048
2025-09-20 09:01:11+03:00,115694.89,115694.9,115694.89,115694.9,0.00311
2025-09-20 09:01:12+03:00,115694.89,115694.9,115694.89,115694.9,0.06529
2025-09-20 09:01:13+03:00,115694.9,115694.9,115694.9,115694.9,0.00015
2025-09-20 09:01:14+03:00,115694.9,115694.9,115694.89,115694.89,0.00662
2025-09-20 09:01:15+03:00,115694.9,115694.9,115694.89,115694.89,0.08653
2025-09-20 09:01:16+03:00,115694.9,115694.9,115694.89,115694.89,0.00216
2025-09-20 09:01:17+03:00,115694.9,115694.9,115694.89,115694.89,0.01265
2025-09-20 09:01:18+03:00,115694.9,115694.9,115694.89,115694.89,0.00117
2025-09-20 09:01:19+03:00,115694.9,115694.9,115694.89,115694.9,0.01287
2025-09-20 09:01:20+03:00,115694.9,115694.9,115694.9,115694.9,0.02541
2025-09-20 09:01:21+03:00,115694.89,115694.9,115694.89,115694.9,0.00092
2025-09-20 09:01:22+03:00,115694.9,115694.9,115694.89,115694.89,0.23636
2025-09-20 09:01:23+03:00,115694.89,115694.89,115694.89,115694.89,0.0
2025-09-20 09:01:24+03:00,115694.9,115694.9,115694.89,115694.9,0.06224
2025-09-20 09:01:25+03:00,115694.9,115694.9,115694.9,115694.9,0.00031
2025-09-20 09:01:26+03:00,115694.9,115694.9,115694.89,115694.9,0.00151
2025-09-20 09:01:27+03:00,115694.89,115694.9,115694.89,115694.9,0.00063
2025-09-20 09:01:28+03:00,115694.9,115694.9,115694.9,115694.9,0.00058
2025-09-20 09:01:29+03:00,115694.9,115694.9,115694.89,115694.9,0.00968
2025-09-20 09:01:30+03:00,115694.9,115694.9,115694.9,115694.9,0.00056
2025-09-20 09:01:31+03:00,115694.9,115694.9,115694.9,115694.9,0.00658
2025-09-20 09:01:32+03:00,115694.89,115694.9,115694.89,115694.9,0.01513
2025-09-20 09:01:33+03:00,115694.9,115694.9,115694.89,115694.89,0.0016
2025-09-20 09:01:34+03:00,115694.9,115694.9,115694.9,115694.9,0.05519
2025-09-20 09:01:35+03:00,115694.89,115694.9,115680.37,115680.37,1.67386
2025-09-20 09:01:36+03:00,115680.38,115680.38,115680.37,115680.37,0.0231
2025-09-20 09:01:37+03:00,115680.37,115680.37,115680.37,115680.37,0.0
2025-09-20 09:01:38+03:00,115680.38,115680.38,115680.38,115680.38,0.00455
2025-09-20 09:01:39+03:00,115680.38,115680.38,115680.37,115680.37,0.00667
2025-09-20 09:01:40+03:00,115680.38,115680.38,115680.38,115680.38,0.00429
2025-09-20 09:01:41+03:00,115680.37,115680.37,115680.37,115680.37,5e-05
2025-09-20 09:01:42+03:00,115680.38,115680.38,115680.37,115680.37,0.00249
2025-09-20 09:01:43+03:00,115680.37,115680.37,115680.37,115680.37,0.01
2025-09-20 09:01:44+03:00,115680.38,115680.38,115680.38,115680.38,0.03827
2025-09-20 09:01:45+03:00,115680.37,115680.38,115680.37,115680.38,0.01238
2025-09-20 09:01:46+03:00,115680.38,115680.38,115680.38,115680.38,0.0
2025-09-20 09:01:47+03:00,115680.37,115680.37,115680.37,115680.37,0.0004
2025-09-20 09:01:48+03:00,115680.38,115680.38,115680.38,115680.38,0.00442
2025-09-20 09:01:49+03:00,115680.38,115680.38,115680.38,115680.38,0.00114
2025-09-20 09:01:50+03:00,115680.38,115680.38,115680.38,115680.38,0.0
2025-09-20 09:01:51+03:00,115680.38,115680.38,115680.38,115680.38,0.03154
2025-09-20 09:01:52+03:00,115680.38,115680.38,115680.38,115680.38,5e-05
2025-09-20 09:01:53+03:00,115680.37,115680.37,115680.37,115680.37,0.00092
2025-09-20 09:01:54+03:00,115680.38,115680.38,115680.37,115680.38,0.04446
2025-09-20 09:01:55+03:00,115680.38,115680.38,115680.38,115680.38,0.00126
2025-09-20 09:01:56+03:00,115680.38,115680.38,115680.38,115680.38,0.00241
2025-09-20 09:01:57+03:00,115680.38,115680.38,115680.38,115680.38,0.00179
2025-09-20 09:01:58+03:00,115680.37,115680.38,115680.37,115680.38,0.00117
2025-09-20 09:01:59+03:00,115680.37,115680.38,115680.37,115680.38,0.01691
2025-09-20 09:02:00+03:00,115680.38,115680.38,115680.37,115680.37,0.01267
2025-09-20 09:02:01+03:00,115680.38,115680.38,115674.59,115674.59,0.66976
2025-09-20 09:02:02+03:00,115674.59,115674.59,115670.43,115670.44,0.078
2025-09-20 09:02:03+03:00,115670.44,115670.44,115670.44,115670.44,0.0001
2025-09-20 09:02:04+03:00,115670.44,115670.44,115670.43,115670.44,0.07585
2025-09-20 09:02:05+03:00,115670.43,115670.44,115670.43,115670.44,0.03453
2025-09-20 09:02:06+03:00,115670.44,115670.44,115670.44,115670.44,0.00027
2025-09-20 09:02:07+03:00,115670.44,115670.44,115670.44,115670.44,0.00045
2025-09-20 09:02:08+03:00,115670.44,115670.44,115670.44,115670.44,0.00765
2025-09-20 09:02:09+03:00,115670.44,115670.44,115670.44,115670.44,0.0
2025-09-20 09:02:10+03:00,115670.44,115670.44,115670.43,115670.43,0.00318
2025-09-20 09:02:11+03:00,115670.43,115670.44,115670.43,115670.44,0.00254
2025-09-20 09:02:12+03:00,115670.43,115670.43,115670.43,115670.43,0.00135
2025-09-20 09:02:13+03:00,115670.43,115670.44,115670.43,115670.44,0.00121
2025-09-20 09:02:14+03:00,115670.43,115670.44,115670.43,115670.44,0.04648
2025-09-20 09:02:15+03:00,115670.44,115670.44,115670.44,115670.44,0.0
2025-09-20 09:02:16+03:00,115670.43,115670.44,115670.43,115670.43,0.09434
2025-09-20 09:02:17+03:00,115670.43,115670.43,115670.43,115670.43,0.0
2025-09-20 09:02:18+03:00,115670.44,115670.44,115670.44,115670.44,0.00014
2025-09-20 09:02:19+03:00,115670.44,115670.44,115670.43,115670.44,0.01795
2025-09-20 09:02:20+03:00,115670.43,115670.43,115670.43,115670.43,0.00046
2025-09-20 09:02:21+03:00,115670.43,115670.43,115670.43,115670.43,0.00172
2025-09-20 09:02:22+03:00,115670.43,115670.43,115670.43,115670.43,0.00654
2025-09-20 09:02:28+03:00,115670.44,115670.44,115670.44,115670.44,0.0
2025-09-20 09:02:29+03:00,115670.44,115670.44,115670.43,115670.43,0.00249
2025-09-20 09:02:30+03:00,115670.44,115670.44,115670.43,115670.44,0.00337
2025-09-20 09:02:31+03:00,115670.44,115670.44,115670.44,115670.44,0.00027
2025-09-20 09:02:32+03:00,115670.44,115670.44,115670.43,115670.44,0.01353
2025-09-20 09:02:33+03:00,115670.43,115670.43,115670.43,115670.43,0.0004
2025-09-20 09:02:34+03:00,115670.43,115670.44,115670.43,115670.43,0.042
2025-09-20 09:02:35+03:00,115670.44,115670.44,115670.44,115670.44,0.00095
2025-09-20 09:02:36+03:00,115670.43,115670.43,115670.43,115670.43,7e-05
2025-09-20 09:02:37+03:00,115670.43,115670.43,115670.43,115670.43,0.0
2025-09-20 09:02:38+03:00,115670.43,115670.43,115670.43,115670.43,0.0
2025-09-20 09:02:39+03:00,115670.43,115670.43,115670.43,115670.43,0.00018
2025-09-20 09:02:40+03:00,115670.43,115670.43,115670.43,115670.43,0.0
2025-09-20 09:02:41+03:00,115670.44,115670.44,115670.44,115670.44,0.00136
